
 /----------------------------------------------------------------------------\
 |  yosys -- Yosys Open SYnthesis Suite                                       |
 |  Copyright (C) 2012 - 2025  Claire Xenia Wolf <claire@yosyshq.com>         |
 |  Distributed under an ISC-like license, type "license" to see terms        |
 \----------------------------------------------------------------------------/
 Yosys 0.55+150 (git sha1 15b4716d1, clang++ 18.1.8 -fPIC -O3)

-- Executing script file `-' --
[TCL: yosys -import] Command name collision: found pre-existing command `cd' -> skip.
[TCL: yosys -import] Command name collision: found pre-existing command `eval' -> skip.
[TCL: yosys -import] Command name collision: found pre-existing command `exec' -> skip.
[TCL: yosys -import] Command name collision: found pre-existing command `read' -> skip.
[TCL: yosys -import] Command name collision: found pre-existing command `trace' -> skip.

1. Executing Verilog-2005 frontend: example/e7/top_e7.v
Parsing SystemVerilog input from `example/e7/top_e7.v' to AST representation.
Generating RTLIL representation for module `\top_e7'.
Generating RTLIL representation for module `\keyLUT'.
Generating RTLIL representation for module `\ps2_keyboard'.
Generating RTLIL representation for module `\Reg'.
Generating RTLIL representation for module `\bcd7seg'.
Successfully finished Verilog frontend.

2. Executing Verilog-2005 frontend: /home/shitful/1s1x/ysyx-workbench/misc_items/expE5/scripts/../pdk/nangate45/verilog/blackbox.v
Parsing Verilog input from `/home/shitful/1s1x/ysyx-workbench/misc_items/expE5/scripts/../pdk/nangate45/verilog/blackbox.v' to AST representation.
Successfully finished Verilog frontend.

3. Executing Verilog-2005 frontend: /home/shitful/1s1x/ysyx-workbench/misc_items/expE5/scripts/../pdk/nangate45/verilog/cells_clkgate.v
Parsing Verilog input from `/home/shitful/1s1x/ysyx-workbench/misc_items/expE5/scripts/../pdk/nangate45/verilog/cells_clkgate.v' to AST representation.
Generating RTLIL representation for module `\OPENROAD_CLKGATE'.
Successfully finished Verilog frontend.

4. Executing SYNTH pass.

4.1. Executing HIERARCHY pass (managing design hierarchy).

4.1.1. Analyzing design hierarchy..
Top module:  \top_e7
Used module:     \bcd7seg
Used module:     \Reg
Used module:     \keyLUT
Used module:     \ps2_keyboard
Parameter \WIDTH = 8

4.1.2. Executing AST frontend in derive mode using pre-parsed AST for module `\Reg'.
Parameter \WIDTH = 8
Generating RTLIL representation for module `$paramod\Reg\WIDTH=s32'00000000000000000000000000001000'.
Parameter \WIDTH = 8
Found cached RTLIL representation for module `$paramod\Reg\WIDTH=s32'00000000000000000000000000001000'.
Parameter \WIDTH = 8
Found cached RTLIL representation for module `$paramod\Reg\WIDTH=s32'00000000000000000000000000001000'.
Parameter \WIDTH = 1

4.1.3. Executing AST frontend in derive mode using pre-parsed AST for module `\Reg'.
Parameter \WIDTH = 1
Generating RTLIL representation for module `$paramod\Reg\WIDTH=s32'00000000000000000000000000000001'.
Parameter \WIDTH = 1
Parameter \RESET_VAL = 1'1

4.1.4. Executing AST frontend in derive mode using pre-parsed AST for module `\Reg'.
Parameter \WIDTH = 1
Parameter \RESET_VAL = 1'1
Generating RTLIL representation for module `$paramod\Reg\WIDTH=s32'00000000000000000000000000000001\RESET_VAL=1'1'.
Parameter \WIDTH = 1
Parameter \RESET_VAL = 1'1
Found cached RTLIL representation for module `$paramod\Reg\WIDTH=s32'00000000000000000000000000000001\RESET_VAL=1'1'.

4.1.5. Analyzing design hierarchy..
Top module:  \top_e7
Used module:     \bcd7seg
Used module:     $paramod\Reg\WIDTH=s32'00000000000000000000000000001000
Used module:     $paramod\Reg\WIDTH=s32'00000000000000000000000000000001
Used module:     $paramod\Reg\WIDTH=s32'00000000000000000000000000000001\RESET_VAL=1'1
Used module:     \keyLUT
Used module:     \ps2_keyboard

4.1.6. Analyzing design hierarchy..
Top module:  \top_e7
Used module:     \bcd7seg
Used module:     $paramod\Reg\WIDTH=s32'00000000000000000000000000001000
Used module:     $paramod\Reg\WIDTH=s32'00000000000000000000000000000001
Used module:     $paramod\Reg\WIDTH=s32'00000000000000000000000000000001\RESET_VAL=1'1
Used module:     \keyLUT
Used module:     \ps2_keyboard
Removing unused module `\OPENROAD_CLKGATE'.
Removing unused module `\Reg'.
Removed 2 unused modules.

4.2. Executing PROC pass (convert processes to netlists).

4.2.1. Executing PROC_CLEAN pass (remove empty switches from decision trees).
Cleaned up 0 empty switches.

4.2.2. Executing PROC_RMDEAD pass (remove dead branches from decision trees).
Marked 1 switch rules as full_case in process $proc$example/e7/top_e7.v:285$119 in module $paramod\Reg\WIDTH=s32'00000000000000000000000000001000.
Marked 1 switch rules as full_case in process $proc$example/e7/top_e7.v:285$121 in module $paramod\Reg\WIDTH=s32'00000000000000000000000000000001\RESET_VAL=1'1.
Removed 1 dead cases from process $proc$example/e7/top_e7.v:296$118 in module bcd7seg.
Marked 1 switch rules as full_case in process $proc$example/e7/top_e7.v:296$118 in module bcd7seg.
Marked 1 switch rules as full_case in process $proc$example/e7/top_e7.v:285$120 in module $paramod\Reg\WIDTH=s32'00000000000000000000000000000001.
Marked 4 switch rules as full_case in process $proc$example/e7/top_e7.v:237$70 in module ps2_keyboard.
Marked 1 switch rules as full_case in process $proc$example/e7/top_e7.v:164$63 in module keyLUT.
Marked 4 switch rules as full_case in process $proc$example/e7/top_e7.v:98$15 in module top_e7.
Removed a total of 1 dead cases.

4.2.3. Executing PROC_PRUNE pass (remove redundant assignments in processes).
Removed 0 redundant assignments.
Promoted 13 assignments to connections.

4.2.4. Executing PROC_INIT pass (extract init attributes).

4.2.5. Executing PROC_ARST pass (detect async resets in processes).

4.2.6. Executing PROC_ROM pass (convert switches to ROMs).
Converted 2 switches.
<suppressed ~17 debug messages>

4.2.7. Executing PROC_MUX pass (convert decision trees to multiplexers).
Creating decoders for process `$paramod\Reg\WIDTH=s32'00000000000000000000000000001000.$proc$example/e7/top_e7.v:285$119'.
     1/1: $0\dout[7:0]
Creating decoders for process `$paramod\Reg\WIDTH=s32'00000000000000000000000000000001\RESET_VAL=1'1.$proc$example/e7/top_e7.v:285$121'.
     1/1: $0\dout[0:0]
Creating decoders for process `\bcd7seg.$proc$example/e7/top_e7.v:296$118'.
     1/1: $1\h[6:0]
Creating decoders for process `$paramod\Reg\WIDTH=s32'00000000000000000000000000000001.$proc$example/e7/top_e7.v:285$120'.
     1/1: $0\dout[0:0]
Creating decoders for process `\ps2_keyboard.$proc$example/e7/top_e7.v:237$70'.
     1/23: $4$memwr$\fifo$example/e7/top_e7.v:258$65_EN[7:0]$103
     2/23: $4$memwr$\fifo$example/e7/top_e7.v:258$65_DATA[7:0]$102
     3/23: $4$memwr$\fifo$example/e7/top_e7.v:258$65_ADDR[2:0]$101
     4/23: $3$memwr$\fifo$example/e7/top_e7.v:258$65_EN[7:0]$95
     5/23: $3$memwr$\fifo$example/e7/top_e7.v:258$65_DATA[7:0]$94
     6/23: $3$memwr$\fifo$example/e7/top_e7.v:258$65_ADDR[2:0]$93
     7/23: $3$lookahead\buffer$69[9:0]$96
     8/23: $3$bitselwrite$pos$example/e7/top_e7.v:265$64[3:0]$92
     9/23: $2$lookahead\buffer$69[9:0]$90
    10/23: $2$memwr$\fifo$example/e7/top_e7.v:258$65_EN[7:0]$89
    11/23: $2$memwr$\fifo$example/e7/top_e7.v:258$65_DATA[7:0]$88
    12/23: $2$memwr$\fifo$example/e7/top_e7.v:258$65_ADDR[2:0]$87
    13/23: $2$bitselwrite$pos$example/e7/top_e7.v:265$64[3:0]$86
    14/23: $1$lookahead\buffer$69[9:0]$81
    15/23: $1$memwr$\fifo$example/e7/top_e7.v:258$65_EN[7:0]$80
    16/23: $1$memwr$\fifo$example/e7/top_e7.v:258$65_DATA[7:0]$79
    17/23: $1$memwr$\fifo$example/e7/top_e7.v:258$65_ADDR[2:0]$78
    18/23: $1$bitselwrite$pos$example/e7/top_e7.v:265$64[3:0]$77
    19/23: $0\r_ptr[2:0]
    20/23: $0\w_ptr[2:0]
    21/23: $0\count[3:0]
    22/23: $0\overflow[0:0]
    23/23: $0\ready[0:0]
Creating decoders for process `\ps2_keyboard.$proc$example/e7/top_e7.v:231$66'.
Creating decoders for process `\keyLUT.$proc$example/e7/top_e7.v:164$63'.
     1/1: $1\ascii[7:0]
Creating decoders for process `\top_e7.$proc$example/e7/top_e7.v:98$15'.
     1/11: $4$lookahead\pressed$14[127:0]$37
     2/11: $4$bitselwrite$pos$example/e7/top_e7.v:104$2[6:0]$36
     3/11: $3$lookahead\pressed$14[127:0]$27
     4/11: $3$bitselwrite$pos$example/e7/top_e7.v:102$1[6:0]$25
     5/11: $3$bitselwrite$pos$example/e7/top_e7.v:104$2[6:0]$26
     6/11: $2$lookahead\pressed$14[127:0]$24
     7/11: $2$bitselwrite$pos$example/e7/top_e7.v:104$2[6:0]$23
     8/11: $2$bitselwrite$pos$example/e7/top_e7.v:102$1[6:0]$22
     9/11: $1$lookahead\pressed$14[127:0]$21
    10/11: $1$bitselwrite$pos$example/e7/top_e7.v:104$2[6:0]$20
    11/11: $1$bitselwrite$pos$example/e7/top_e7.v:102$1[6:0]$19

4.2.8. Executing PROC_DLATCH pass (convert process syncs to latches).
No latch inferred for signal `\bcd7seg.\h' from process `\bcd7seg.$proc$example/e7/top_e7.v:296$118'.
No latch inferred for signal `\keyLUT.\ascii' from process `\keyLUT.$proc$example/e7/top_e7.v:164$63'.

4.2.9. Executing PROC_DFF pass (convert process syncs to FFs).
Creating register for signal `$paramod\Reg\WIDTH=s32'00000000000000000000000000001000.\dout' using process `$paramod\Reg\WIDTH=s32'00000000000000000000000000001000.$proc$example/e7/top_e7.v:285$119'.
  created $dff cell `$procdff$411' with positive edge clock.
Creating register for signal `$paramod\Reg\WIDTH=s32'00000000000000000000000000000001\RESET_VAL=1'1.\dout' using process `$paramod\Reg\WIDTH=s32'00000000000000000000000000000001\RESET_VAL=1'1.$proc$example/e7/top_e7.v:285$121'.
  created $dff cell `$procdff$412' with positive edge clock.
Creating register for signal `$paramod\Reg\WIDTH=s32'00000000000000000000000000000001.\dout' using process `$paramod\Reg\WIDTH=s32'00000000000000000000000000000001.$proc$example/e7/top_e7.v:285$120'.
  created $dff cell `$procdff$413' with positive edge clock.
Creating register for signal `\ps2_keyboard.\ready' using process `\ps2_keyboard.$proc$example/e7/top_e7.v:237$70'.
  created $dff cell `$procdff$414' with positive edge clock.
Creating register for signal `\ps2_keyboard.\overflow' using process `\ps2_keyboard.$proc$example/e7/top_e7.v:237$70'.
  created $dff cell `$procdff$415' with positive edge clock.
Creating register for signal `\ps2_keyboard.\count' using process `\ps2_keyboard.$proc$example/e7/top_e7.v:237$70'.
  created $dff cell `$procdff$416' with positive edge clock.
Creating register for signal `\ps2_keyboard.\buffer' using process `\ps2_keyboard.$proc$example/e7/top_e7.v:237$70'.
  created $dff cell `$procdff$417' with positive edge clock.
Creating register for signal `\ps2_keyboard.\w_ptr' using process `\ps2_keyboard.$proc$example/e7/top_e7.v:237$70'.
  created $dff cell `$procdff$418' with positive edge clock.
Creating register for signal `\ps2_keyboard.\r_ptr' using process `\ps2_keyboard.$proc$example/e7/top_e7.v:237$70'.
  created $dff cell `$procdff$419' with positive edge clock.
Creating register for signal `\ps2_keyboard.$bitselwrite$pos$example/e7/top_e7.v:265$64' using process `\ps2_keyboard.$proc$example/e7/top_e7.v:237$70'.
  created $dff cell `$procdff$420' with positive edge clock.
Creating register for signal `\ps2_keyboard.$memwr$\fifo$example/e7/top_e7.v:258$65_ADDR' using process `\ps2_keyboard.$proc$example/e7/top_e7.v:237$70'.
  created $dff cell `$procdff$421' with positive edge clock.
Creating register for signal `\ps2_keyboard.$memwr$\fifo$example/e7/top_e7.v:258$65_DATA' using process `\ps2_keyboard.$proc$example/e7/top_e7.v:237$70'.
  created $dff cell `$procdff$422' with positive edge clock.
Creating register for signal `\ps2_keyboard.$memwr$\fifo$example/e7/top_e7.v:258$65_EN' using process `\ps2_keyboard.$proc$example/e7/top_e7.v:237$70'.
  created $dff cell `$procdff$423' with positive edge clock.
Creating register for signal `\ps2_keyboard.$lookahead\buffer$69' using process `\ps2_keyboard.$proc$example/e7/top_e7.v:237$70'.
  created $dff cell `$procdff$424' with positive edge clock.
Creating register for signal `\ps2_keyboard.\ps2_clk_sync' using process `\ps2_keyboard.$proc$example/e7/top_e7.v:231$66'.
  created $dff cell `$procdff$425' with positive edge clock.
Creating register for signal `\top_e7.\pressed' using process `\top_e7.$proc$example/e7/top_e7.v:98$15'.
  created $dff cell `$procdff$426' with positive edge clock.
Creating register for signal `\top_e7.$bitselwrite$pos$example/e7/top_e7.v:102$1' using process `\top_e7.$proc$example/e7/top_e7.v:98$15'.
  created $dff cell `$procdff$427' with positive edge clock.
Creating register for signal `\top_e7.$bitselwrite$pos$example/e7/top_e7.v:104$2' using process `\top_e7.$proc$example/e7/top_e7.v:98$15'.
  created $dff cell `$procdff$428' with positive edge clock.
Creating register for signal `\top_e7.$lookahead\pressed$14' using process `\top_e7.$proc$example/e7/top_e7.v:98$15'.
  created $dff cell `$procdff$429' with positive edge clock.

4.2.10. Executing PROC_MEMWR pass (convert process memory writes to cells).

4.2.11. Executing PROC_CLEAN pass (remove empty switches from decision trees).
Found and cleaned up 2 empty switches in `$paramod\Reg\WIDTH=s32'00000000000000000000000000001000.$proc$example/e7/top_e7.v:285$119'.
Removing empty process `$paramod\Reg\WIDTH=s32'00000000000000000000000000001000.$proc$example/e7/top_e7.v:285$119'.
Found and cleaned up 2 empty switches in `$paramod\Reg\WIDTH=s32'00000000000000000000000000000001\RESET_VAL=1'1.$proc$example/e7/top_e7.v:285$121'.
Removing empty process `$paramod\Reg\WIDTH=s32'00000000000000000000000000000001\RESET_VAL=1'1.$proc$example/e7/top_e7.v:285$121'.
Found and cleaned up 1 empty switch in `\bcd7seg.$proc$example/e7/top_e7.v:296$118'.
Removing empty process `bcd7seg.$proc$example/e7/top_e7.v:296$118'.
Found and cleaned up 2 empty switches in `$paramod\Reg\WIDTH=s32'00000000000000000000000000000001.$proc$example/e7/top_e7.v:285$120'.
Removing empty process `$paramod\Reg\WIDTH=s32'00000000000000000000000000000001.$proc$example/e7/top_e7.v:285$120'.
Found and cleaned up 7 empty switches in `\ps2_keyboard.$proc$example/e7/top_e7.v:237$70'.
Removing empty process `ps2_keyboard.$proc$example/e7/top_e7.v:237$70'.
Removing empty process `ps2_keyboard.$proc$example/e7/top_e7.v:231$66'.
Found and cleaned up 1 empty switch in `\keyLUT.$proc$example/e7/top_e7.v:164$63'.
Removing empty process `keyLUT.$proc$example/e7/top_e7.v:164$63'.
Found and cleaned up 4 empty switches in `\top_e7.$proc$example/e7/top_e7.v:98$15'.
Removing empty process `top_e7.$proc$example/e7/top_e7.v:98$15'.
Cleaned up 19 empty switches.

4.2.12. Executing OPT_EXPR pass (perform const folding).
Optimizing module $paramod\Reg\WIDTH=s32'00000000000000000000000000001000.
Optimizing module $paramod\Reg\WIDTH=s32'00000000000000000000000000000001\RESET_VAL=1'1.
Optimizing module bcd7seg.
Optimizing module $paramod\Reg\WIDTH=s32'00000000000000000000000000000001.
Optimizing module ps2_keyboard.
<suppressed ~28 debug messages>
Optimizing module keyLUT.
<suppressed ~2 debug messages>
Optimizing module top_e7.
<suppressed ~6 debug messages>

4.3. Executing FLATTEN pass (flatten design).
Deleting now unused module $paramod\Reg\WIDTH=s32'00000000000000000000000000001000.
Deleting now unused module $paramod\Reg\WIDTH=s32'00000000000000000000000000000001\RESET_VAL=1'1.
Deleting now unused module bcd7seg.
Deleting now unused module $paramod\Reg\WIDTH=s32'00000000000000000000000000000001.
Deleting now unused module ps2_keyboard.
Deleting now unused module keyLUT.
<suppressed ~14 debug messages>

4.4. Executing OPT_EXPR pass (perform const folding).
Optimizing module top_e7.
<suppressed ~29 debug messages>

4.5. Executing OPT_CLEAN pass (remove unused cells and wires).
Finding unused cells or wires in module \top_e7..
Removed 42 unused cells and 235 unused wires.
<suppressed ~45 debug messages>

4.6. Executing CHECK pass (checking for obvious problems).
Checking module top_e7...
Found and reported 0 problems.

4.7. Executing OPT pass (performing simple optimizations).

4.7.1. Executing OPT_EXPR pass (perform const folding).
Optimizing module top_e7.

4.7.2. Executing OPT_MERGE pass (detect identical cells).
Finding identical cells in module `\top_e7'.
<suppressed ~33 debug messages>
Removed a total of 11 cells.

4.7.3. Executing OPT_MUXTREE pass (detect dead branches in mux trees).
Running muxtree optimizer on module \top_e7..
  Creating internal representation of mux trees.
  Evaluating internal representation of mux trees.
      Replacing known input bits on port A of cell $flatten\u_ps2_keyboard.$procmux$316: \u_ps2_keyboard.ready -> 1'0
      Replacing known input bits on port A of cell $flatten\u_ps2_keyboard.$procmux$314: \u_ps2_keyboard.ready -> 1'1
      Replacing known input bits on port A of cell $flatten\u_ps2_keyboard.$procmux$312: \u_ps2_keyboard.ready -> 1'1
  Analyzing evaluation results.
    dead port 2/2 on $mux $flatten\u_ps2_keyboard.$procmux$151.
    dead port 2/2 on $mux $flatten\u_ps2_keyboard.$procmux$153.
    dead port 1/2 on $mux $flatten\u_ps2_keyboard.$procmux$156.
    dead port 2/2 on $mux $flatten\u_ps2_keyboard.$procmux$163.
    dead port 2/2 on $mux $flatten\u_ps2_keyboard.$procmux$165.
    dead port 1/2 on $mux $flatten\u_ps2_keyboard.$procmux$168.
    dead port 2/2 on $mux $flatten\u_ps2_keyboard.$procmux$175.
    dead port 2/2 on $mux $flatten\u_ps2_keyboard.$procmux$177.
    dead port 1/2 on $mux $flatten\u_ps2_keyboard.$procmux$180.
    dead port 2/2 on $mux $flatten\u_ps2_keyboard.$procmux$186.
    dead port 1/2 on $mux $flatten\u_ps2_keyboard.$procmux$189.
    dead port 2/2 on $mux $flatten\u_ps2_keyboard.$procmux$195.
    dead port 1/2 on $mux $flatten\u_ps2_keyboard.$procmux$198.
    dead port 2/2 on $mux $flatten\u_ps2_keyboard.$procmux$204.
    dead port 1/2 on $mux $flatten\u_ps2_keyboard.$procmux$207.
    dead port 2/2 on $mux $flatten\u_ps2_keyboard.$procmux$213.
    dead port 1/2 on $mux $flatten\u_ps2_keyboard.$procmux$216.
    dead port 1/2 on $mux $flatten\u_ps2_keyboard.$procmux$231.
    dead port 1/2 on $mux $flatten\u_ps2_keyboard.$procmux$237.
    dead port 1/2 on $mux $flatten\u_ps2_keyboard.$procmux$243.
    dead port 1/2 on $mux $flatten\u_ps2_keyboard.$procmux$249.
    dead port 1/2 on $mux $procmux$338.
    dead port 2/2 on $mux $procmux$340.
    dead port 1/2 on $mux $procmux$343.
    dead port 2/2 on $mux $procmux$361.
    dead port 1/2 on $mux $procmux$364.
    dead port 1/2 on $mux $procmux$388.
Removed 27 multiplexer ports.
<suppressed ~20 debug messages>

4.7.4. Executing OPT_REDUCE pass (consolidate $*mux and $reduce_* inputs).
  Optimizing cells in module \top_e7.
    Consolidated identical input bits for $mux cell $flatten\u_ps2_keyboard.$procmux$149:
      Old ports: A=8'00000000, B=8'11111111, Y=$flatten\u_ps2_keyboard.$procmux$149_Y
      New ports: A=1'0, B=1'1, Y=$flatten\u_ps2_keyboard.$procmux$149_Y [0]
      New connections: $flatten\u_ps2_keyboard.$procmux$149_Y [7:1] = { $flatten\u_ps2_keyboard.$procmux$149_Y [0] $flatten\u_ps2_keyboard.$procmux$149_Y [0] $flatten\u_ps2_keyboard.$procmux$149_Y [0] $flatten\u_ps2_keyboard.$procmux$149_Y [0] $flatten\u_ps2_keyboard.$procmux$149_Y [0] $flatten\u_ps2_keyboard.$procmux$149_Y [0] $flatten\u_ps2_keyboard.$procmux$149_Y [0] }
  Optimizing cells in module \top_e7.
    Consolidated identical input bits for $mux cell $flatten\u_ps2_keyboard.$procmux$184:
      Old ports: A=8'00000000, B=$flatten\u_ps2_keyboard.$4$memwr$\fifo$example/e7/top_e7.v:258$65_EN[7:0]$103, Y=$flatten\u_ps2_keyboard.$procmux$184_Y
      New ports: A=1'0, B=$flatten\u_ps2_keyboard.$procmux$149_Y [0], Y=$flatten\u_ps2_keyboard.$procmux$184_Y [0]
      New connections: $flatten\u_ps2_keyboard.$procmux$184_Y [7:1] = { $flatten\u_ps2_keyboard.$procmux$184_Y [0] $flatten\u_ps2_keyboard.$procmux$184_Y [0] $flatten\u_ps2_keyboard.$procmux$184_Y [0] $flatten\u_ps2_keyboard.$procmux$184_Y [0] $flatten\u_ps2_keyboard.$procmux$184_Y [0] $flatten\u_ps2_keyboard.$procmux$184_Y [0] $flatten\u_ps2_keyboard.$procmux$184_Y [0] }
  Optimizing cells in module \top_e7.
    Consolidated identical input bits for $mux cell $flatten\u_ps2_keyboard.$procmux$234:
      Old ports: A=8'00000000, B=$flatten\u_ps2_keyboard.$3$memwr$\fifo$example/e7/top_e7.v:258$65_EN[7:0]$95, Y=$flatten\u_ps2_keyboard.$procmux$234_Y
      New ports: A=1'0, B=$flatten\u_ps2_keyboard.$procmux$184_Y [0], Y=$flatten\u_ps2_keyboard.$procmux$234_Y [0]
      New connections: $flatten\u_ps2_keyboard.$procmux$234_Y [7:1] = { $flatten\u_ps2_keyboard.$procmux$234_Y [0] $flatten\u_ps2_keyboard.$procmux$234_Y [0] $flatten\u_ps2_keyboard.$procmux$234_Y [0] $flatten\u_ps2_keyboard.$procmux$234_Y [0] $flatten\u_ps2_keyboard.$procmux$234_Y [0] $flatten\u_ps2_keyboard.$procmux$234_Y [0] $flatten\u_ps2_keyboard.$procmux$234_Y [0] }
  Optimizing cells in module \top_e7.
    Consolidated identical input bits for $mux cell $flatten\u_ps2_keyboard.$procmux$261:
      Old ports: A=$flatten\u_ps2_keyboard.$2$memwr$\fifo$example/e7/top_e7.v:258$65_EN[7:0]$89, B=8'00000000, Y=$flatten\u_ps2_keyboard.$0$memwr$\fifo$example/e7/top_e7.v:258$65_EN[7:0]$74
      New ports: A=$flatten\u_ps2_keyboard.$procmux$234_Y [0], B=1'0, Y=$flatten\u_ps2_keyboard.$0$memwr$\fifo$example/e7/top_e7.v:258$65_EN[7:0]$74 [0]
      New connections: $flatten\u_ps2_keyboard.$0$memwr$\fifo$example/e7/top_e7.v:258$65_EN[7:0]$74 [7:1] = { $flatten\u_ps2_keyboard.$0$memwr$\fifo$example/e7/top_e7.v:258$65_EN[7:0]$74 [0] $flatten\u_ps2_keyboard.$0$memwr$\fifo$example/e7/top_e7.v:258$65_EN[7:0]$74 [0] $flatten\u_ps2_keyboard.$0$memwr$\fifo$example/e7/top_e7.v:258$65_EN[7:0]$74 [0] $flatten\u_ps2_keyboard.$0$memwr$\fifo$example/e7/top_e7.v:258$65_EN[7:0]$74 [0] $flatten\u_ps2_keyboard.$0$memwr$\fifo$example/e7/top_e7.v:258$65_EN[7:0]$74 [0] $flatten\u_ps2_keyboard.$0$memwr$\fifo$example/e7/top_e7.v:258$65_EN[7:0]$74 [0] $flatten\u_ps2_keyboard.$0$memwr$\fifo$example/e7/top_e7.v:258$65_EN[7:0]$74 [0] }
  Optimizing cells in module \top_e7.
Performed a total of 4 changes.

4.7.5. Executing OPT_MERGE pass (detect identical cells).
Finding identical cells in module `\top_e7'.
Removed a total of 0 cells.

4.7.6. Executing OPT_DFF pass (perform DFF optimizations).

4.7.7. Executing OPT_CLEAN pass (remove unused cells and wires).
Finding unused cells or wires in module \top_e7..
Removed 0 unused cells and 40 unused wires.
<suppressed ~3 debug messages>

4.7.8. Executing OPT_EXPR pass (perform const folding).
Optimizing module top_e7.

4.7.9. Rerunning OPT passes. (Maybe there is more to do..)

4.7.10. Executing OPT_MUXTREE pass (detect dead branches in mux trees).
Running muxtree optimizer on module \top_e7..
  Creating internal representation of mux trees.
  Evaluating internal representation of mux trees.
  Analyzing evaluation results.
Removed 0 multiplexer ports.
<suppressed ~20 debug messages>

4.7.11. Executing OPT_REDUCE pass (consolidate $*mux and $reduce_* inputs).
  Optimizing cells in module \top_e7.
Performed a total of 0 changes.

4.7.12. Executing OPT_MERGE pass (detect identical cells).
Finding identical cells in module `\top_e7'.
Removed a total of 0 cells.

4.7.13. Executing OPT_DFF pass (perform DFF optimizations).

4.7.14. Executing OPT_CLEAN pass (remove unused cells and wires).
Finding unused cells or wires in module \top_e7..

4.7.15. Executing OPT_EXPR pass (perform const folding).
Optimizing module top_e7.

4.7.16. Finished OPT passes. (There is nothing left to do.)

4.8. Executing FSM pass (extract and optimize FSM).

4.8.1. Executing FSM_DETECT pass (finding FSMs in design).

4.8.2. Executing FSM_EXTRACT pass (extracting FSM from design).

4.8.3. Executing FSM_OPT pass (simple optimizations of FSMs).

4.8.4. Executing OPT_CLEAN pass (remove unused cells and wires).
Finding unused cells or wires in module \top_e7..

4.8.5. Executing FSM_OPT pass (simple optimizations of FSMs).

4.8.6. Executing FSM_RECODE pass (re-assigning FSM state encoding).

4.8.7. Executing FSM_INFO pass (dumping all available information on FSM cells).

4.8.8. Executing FSM_MAP pass (mapping FSMs to basic logic).

4.9. Executing OPT pass (performing simple optimizations).

4.9.1. Executing OPT_EXPR pass (perform const folding).
Optimizing module top_e7.

4.9.2. Executing OPT_MERGE pass (detect identical cells).
Finding identical cells in module `\top_e7'.
Removed a total of 0 cells.

4.9.3. Executing OPT_MUXTREE pass (detect dead branches in mux trees).
Running muxtree optimizer on module \top_e7..
  Creating internal representation of mux trees.
  Evaluating internal representation of mux trees.
  Analyzing evaluation results.
Removed 0 multiplexer ports.
<suppressed ~20 debug messages>

4.9.4. Executing OPT_REDUCE pass (consolidate $*mux and $reduce_* inputs).
  Optimizing cells in module \top_e7.
Performed a total of 0 changes.

4.9.5. Executing OPT_MERGE pass (detect identical cells).
Finding identical cells in module `\top_e7'.
Removed a total of 0 cells.

4.9.6. Executing OPT_DFF pass (perform DFF optimizations).
Adding SRST signal on $procdff$426 ($dff) from module top_e7 (D = $2$lookahead\pressed$14[127:0]$24, Q = \pressed, rval = 128'00000000000000000000000000000000000000000000000000000000000000000000000000000000000000000000000000000000000000000000000000000000).
Adding EN signal on $auto$ff.cc:266:slice$445 ($sdff) from module top_e7 (D = $3$lookahead\pressed$14[127:0]$27, Q = \pressed).
Adding SRST signal on $flatten\u_reg_release.$procdff$413 ($dff) from module top_e7 (D = $flatten\u_reg_release.$procmux$141_Y, Q = \u_reg_release.dout, rval = 1'0).
Adding EN signal on $auto$ff.cc:266:slice$451 ($sdff) from module top_e7 (D = \u_reg_release.din, Q = \u_reg_release.dout).
Adding SRST signal on $flatten\u_reg_ready.$procdff$412 ($dff) from module top_e7 (D = \u_reg_ready.din, Q = \u_reg_ready.dout, rval = 1'1).
Adding SRST signal on $flatten\u_reg_pressed.$procdff$411 ($dff) from module top_e7 (D = $flatten\u_reg_pressed.$procmux$130_Y, Q = \u_reg_pressed.dout, rval = 8'00000000).
Adding EN signal on $auto$ff.cc:266:slice$454 ($sdff) from module top_e7 (D = \u_reg_pressed.din, Q = \u_reg_pressed.dout).
Adding SRST signal on $flatten\u_reg_code.$procdff$411 ($dff) from module top_e7 (D = $flatten\u_reg_code.$procmux$130_Y, Q = \u_reg_code.dout, rval = 8'00000000).
Adding EN signal on $auto$ff.cc:266:slice$456 ($sdff) from module top_e7 (D = \u_reg_code.din, Q = \u_reg_code.dout).
Adding SRST signal on $flatten\u_reg_ascii.$procdff$411 ($dff) from module top_e7 (D = $flatten\u_reg_ascii.$procmux$130_Y, Q = \u_reg_ascii.dout, rval = 8'00000000).
Adding EN signal on $auto$ff.cc:266:slice$458 ($sdff) from module top_e7 (D = \u_reg_ascii.din, Q = \u_reg_ascii.dout).
Adding SRST signal on $flatten\u_ps2_keyboard.$procdff$419 ($dff) from module top_e7 (D = $flatten\u_ps2_keyboard.$procmux$274_Y, Q = \u_ps2_keyboard.r_ptr, rval = 3'000).
Adding EN signal on $auto$ff.cc:266:slice$460 ($sdff) from module top_e7 (D = $flatten\u_ps2_keyboard.$add$example/e7/top_e7.v:248$83_Y, Q = \u_ps2_keyboard.r_ptr).
Adding SRST signal on $flatten\u_ps2_keyboard.$procdff$418 ($dff) from module top_e7 (D = $flatten\u_ps2_keyboard.$procmux$286_Y, Q = \u_ps2_keyboard.w_ptr, rval = 3'000).
Adding EN signal on $auto$ff.cc:266:slice$464 ($sdff) from module top_e7 (D = $flatten\u_ps2_keyboard.$add$example/e7/top_e7.v:259$104_Y, Q = \u_ps2_keyboard.w_ptr).
Adding EN signal on $flatten\u_ps2_keyboard.$procdff$417 ($dff) from module top_e7 (D = $flatten\u_ps2_keyboard.$or$example/e7/top_e7.v:0$114_Y, Q = \u_ps2_keyboard.buffer).
Adding SRST signal on $flatten\u_ps2_keyboard.$procdff$416 ($dff) from module top_e7 (D = $flatten\u_ps2_keyboard.$procmux$295_Y, Q = \u_ps2_keyboard.count, rval = 4'0000).
Adding EN signal on $auto$ff.cc:266:slice$475 ($sdff) from module top_e7 (D = $flatten\u_ps2_keyboard.$procmux$293_Y, Q = \u_ps2_keyboard.count).
Adding SRST signal on $flatten\u_ps2_keyboard.$procdff$414 ($dff) from module top_e7 (D = $flatten\u_ps2_keyboard.$procmux$325_Y, Q = \u_ps2_keyboard.ready, rval = 1'0).

4.9.7. Executing OPT_CLEAN pass (remove unused cells and wires).
Finding unused cells or wires in module \top_e7..
Removed 24 unused cells and 24 unused wires.
<suppressed ~25 debug messages>

4.9.8. Executing OPT_EXPR pass (perform const folding).
Optimizing module top_e7.

4.9.9. Rerunning OPT passes. (Maybe there is more to do..)

4.9.10. Executing OPT_MUXTREE pass (detect dead branches in mux trees).
Running muxtree optimizer on module \top_e7..
  Creating internal representation of mux trees.
  Evaluating internal representation of mux trees.
  Analyzing evaluation results.
Removed 0 multiplexer ports.
<suppressed ~14 debug messages>

4.9.11. Executing OPT_REDUCE pass (consolidate $*mux and $reduce_* inputs).
  Optimizing cells in module \top_e7.
Performed a total of 0 changes.

4.9.12. Executing OPT_MERGE pass (detect identical cells).
Finding identical cells in module `\top_e7'.
Removed a total of 0 cells.

4.9.13. Executing OPT_DFF pass (perform DFF optimizations).

4.9.14. Executing OPT_CLEAN pass (remove unused cells and wires).
Finding unused cells or wires in module \top_e7..

4.9.15. Executing OPT_EXPR pass (perform const folding).
Optimizing module top_e7.

4.9.16. Finished OPT passes. (There is nothing left to do.)

4.10. Executing WREDUCE pass (reducing word size of cells).
Removed top 28 address bits (of 32) from memory init port top_e7.$flatten\u_bcd7seg0.$auto$mem.cc:328:emit$125 ($flatten\u_bcd7seg0.$auto$proc_rom.cc:155:do_switch$123).
Removed top 28 address bits (of 32) from memory init port top_e7.$flatten\u_bcd7seg1.$auto$mem.cc:328:emit$125 ($flatten\u_bcd7seg1.$auto$proc_rom.cc:155:do_switch$123).
Removed top 28 address bits (of 32) from memory init port top_e7.$flatten\u_bcd7seg2.$auto$mem.cc:328:emit$125 ($flatten\u_bcd7seg2.$auto$proc_rom.cc:155:do_switch$123).
Removed top 28 address bits (of 32) from memory init port top_e7.$flatten\u_bcd7seg3.$auto$mem.cc:328:emit$125 ($flatten\u_bcd7seg3.$auto$proc_rom.cc:155:do_switch$123).
Removed top 28 address bits (of 32) from memory init port top_e7.$flatten\u_bcd7seg7.$auto$mem.cc:328:emit$125 ($flatten\u_bcd7seg7.$auto$proc_rom.cc:155:do_switch$123).
Removed top 28 address bits (of 32) from memory init port top_e7.$flatten\u_bcd7seg8.$auto$mem.cc:328:emit$125 ($flatten\u_bcd7seg8.$auto$proc_rom.cc:155:do_switch$123).
Removed top 25 address bits (of 32) from memory init port top_e7.$flatten\u_keyLUT.$auto$mem.cc:328:emit$129 ($flatten\u_keyLUT.$auto$proc_rom.cc:155:do_switch$127).
Converting cell top_e7.$neg$example/e7/top_e7.v:0$28 ($neg) from signed to unsigned.
Removed top 1 bits (of 8) from port A of cell top_e7.$neg$example/e7/top_e7.v:0$28 ($neg).
Removed top 7 bits (of 8) from port B of cell top_e7.$add$example/e7/top_e7.v:115$45 ($add).
Removed top 2 bits (of 3) from port B of cell top_e7.$flatten\u_ps2_keyboard.$add$example/e7/top_e7.v:266$115 ($add).
Converting cell top_e7.$flatten\u_ps2_keyboard.$neg$example/e7/top_e7.v:0$108 ($neg) from signed to unsigned.
Removed top 1 bits (of 5) from port A of cell top_e7.$flatten\u_ps2_keyboard.$neg$example/e7/top_e7.v:0$108 ($neg).
Removed top 2 bits (of 3) from port B of cell top_e7.$flatten\u_ps2_keyboard.$add$example/e7/top_e7.v:259$104 ($add).
Removed top 2 bits (of 3) from port B of cell top_e7.$flatten\u_ps2_keyboard.$add$example/e7/top_e7.v:248$83 ($add).

4.11. Executing PEEPOPT pass (run peephole optimizers).

4.12. Executing OPT_CLEAN pass (remove unused cells and wires).
Finding unused cells or wires in module \top_e7..

4.13. Executing ALUMACC pass (create $alu and $macc cells).
Extracting $alu and $macc cells in module top_e7:
  creating $macc model for $add$example/e7/top_e7.v:115$45 ($add).
  creating $macc model for $flatten\u_ps2_keyboard.$add$example/e7/top_e7.v:248$83 ($add).
  creating $macc model for $flatten\u_ps2_keyboard.$add$example/e7/top_e7.v:249$84 ($add).
  creating $macc model for $flatten\u_ps2_keyboard.$add$example/e7/top_e7.v:259$104 ($add).
  creating $macc model for $flatten\u_ps2_keyboard.$add$example/e7/top_e7.v:266$115 ($add).
  creating $macc model for $flatten\u_ps2_keyboard.$neg$example/e7/top_e7.v:0$108 ($neg).
  creating $macc model for $neg$example/e7/top_e7.v:0$28 ($neg).
  creating $alu model for $macc $neg$example/e7/top_e7.v:0$28.
  creating $alu model for $macc $flatten\u_ps2_keyboard.$neg$example/e7/top_e7.v:0$108.
  creating $alu model for $macc $flatten\u_ps2_keyboard.$add$example/e7/top_e7.v:266$115.
  creating $alu model for $macc $flatten\u_ps2_keyboard.$add$example/e7/top_e7.v:259$104.
  creating $alu model for $macc $flatten\u_ps2_keyboard.$add$example/e7/top_e7.v:249$84.
  creating $alu model for $macc $flatten\u_ps2_keyboard.$add$example/e7/top_e7.v:248$83.
  creating $alu model for $macc $add$example/e7/top_e7.v:115$45.
  creating $alu cell for $add$example/e7/top_e7.v:115$45: $auto$alumacc.cc:495:replace_alu$478
  creating $alu cell for $flatten\u_ps2_keyboard.$add$example/e7/top_e7.v:248$83: $auto$alumacc.cc:495:replace_alu$481
  creating $alu cell for $flatten\u_ps2_keyboard.$add$example/e7/top_e7.v:249$84: $auto$alumacc.cc:495:replace_alu$484
  creating $alu cell for $flatten\u_ps2_keyboard.$add$example/e7/top_e7.v:259$104: $auto$alumacc.cc:495:replace_alu$487
  creating $alu cell for $flatten\u_ps2_keyboard.$add$example/e7/top_e7.v:266$115: $auto$alumacc.cc:495:replace_alu$490
  creating $alu cell for $flatten\u_ps2_keyboard.$neg$example/e7/top_e7.v:0$108: $auto$alumacc.cc:495:replace_alu$493
  creating $alu cell for $neg$example/e7/top_e7.v:0$28: $auto$alumacc.cc:495:replace_alu$496
  created 7 $alu and 0 $macc cells.

4.14. Executing SHARE pass (SAT-based resource sharing).
Found 5 cells in module top_e7 that may be considered for resource sharing.
  Analyzing resource sharing options for $flatten\u_keyLUT.$auto$mem.cc:282:emit$128 ($memrd_v2):
    Found 1 activation_patterns using ctrl signal { $or$example/e7/top_e7.v:81$10_Y \data [7] }.
    No candidates found.
  Analyzing resource sharing options for $flatten\u_bcd7seg3.$auto$mem.cc:282:emit$124 ($memrd_v2):
    Found 1 activation_patterns using ctrl signal $eq$example/e7/top_e7.v:126$53_Y.
    No candidates found.
  Analyzing resource sharing options for $flatten\u_bcd7seg2.$auto$mem.cc:282:emit$124 ($memrd_v2):
    Found 1 activation_patterns using ctrl signal $eq$example/e7/top_e7.v:126$53_Y.
    No candidates found.
  Analyzing resource sharing options for $flatten\u_bcd7seg1.$auto$mem.cc:282:emit$124 ($memrd_v2):
    Found 1 activation_patterns using ctrl signal $eq$example/e7/top_e7.v:136$57_Y.
    No candidates found.
  Analyzing resource sharing options for $flatten\u_bcd7seg0.$auto$mem.cc:282:emit$124 ($memrd_v2):
    Found 1 activation_patterns using ctrl signal $eq$example/e7/top_e7.v:136$57_Y.
    No candidates found.

4.15. Executing OPT pass (performing simple optimizations).

4.15.1. Executing OPT_EXPR pass (perform const folding).
Optimizing module top_e7.

4.15.2. Executing OPT_MERGE pass (detect identical cells).
Finding identical cells in module `\top_e7'.
<suppressed ~5 debug messages>
Removed a total of 1 cells.

4.15.3. Executing OPT_MUXTREE pass (detect dead branches in mux trees).
Running muxtree optimizer on module \top_e7..
  Creating internal representation of mux trees.
  Evaluating internal representation of mux trees.
  Analyzing evaluation results.
Removed 0 multiplexer ports.
<suppressed ~14 debug messages>

4.15.4. Executing OPT_REDUCE pass (consolidate $*mux and $reduce_* inputs).
  Optimizing cells in module \top_e7.
Performed a total of 0 changes.

4.15.5. Executing OPT_MERGE pass (detect identical cells).
Finding identical cells in module `\top_e7'.
Removed a total of 0 cells.

4.15.6. Executing OPT_DFF pass (perform DFF optimizations).

4.15.7. Executing OPT_CLEAN pass (remove unused cells and wires).
Finding unused cells or wires in module \top_e7..
Removed 0 unused cells and 3 unused wires.
<suppressed ~1 debug messages>

4.15.8. Executing OPT_EXPR pass (perform const folding).
Optimizing module top_e7.

4.15.9. Rerunning OPT passes. (Maybe there is more to do..)

4.15.10. Executing OPT_MUXTREE pass (detect dead branches in mux trees).
Running muxtree optimizer on module \top_e7..
  Creating internal representation of mux trees.
  Evaluating internal representation of mux trees.
  Analyzing evaluation results.
Removed 0 multiplexer ports.
<suppressed ~14 debug messages>

4.15.11. Executing OPT_REDUCE pass (consolidate $*mux and $reduce_* inputs).
  Optimizing cells in module \top_e7.
Performed a total of 0 changes.

4.15.12. Executing OPT_MERGE pass (detect identical cells).
Finding identical cells in module `\top_e7'.
Removed a total of 0 cells.

4.15.13. Executing OPT_DFF pass (perform DFF optimizations).

4.15.14. Executing OPT_CLEAN pass (remove unused cells and wires).
Finding unused cells or wires in module \top_e7..

4.15.15. Executing OPT_EXPR pass (perform const folding).
Optimizing module top_e7.

4.15.16. Finished OPT passes. (There is nothing left to do.)

4.16. Executing MEMORY pass.

4.16.1. Executing OPT_MEM pass (optimize memories).
top_e7.$flatten\u_keyLUT.$auto$proc_rom.cc:155:do_switch$127: removing const-0 lane 7
Performed a total of 1 transformations.

4.16.2. Executing OPT_MEM_PRIORITY pass (removing unnecessary memory write priority relations).
Performed a total of 0 transformations.

4.16.3. Executing OPT_MEM_FEEDBACK pass (finding memory read-to-write feedback paths).
  Analyzing top_e7.u_ps2_keyboard.fifo write port 0.

4.16.4. Executing MEMORY_BMUX2ROM pass (converting muxes to ROMs).

4.16.5. Executing MEMORY_DFF pass (merging $dff cells to $memrd).
Checking read port `$flatten\u_bcd7seg0.$auto$proc_rom.cc:155:do_switch$123'[0] in module `\top_e7': no output FF found.
Checking read port `$flatten\u_bcd7seg1.$auto$proc_rom.cc:155:do_switch$123'[0] in module `\top_e7': no output FF found.
Checking read port `$flatten\u_bcd7seg2.$auto$proc_rom.cc:155:do_switch$123'[0] in module `\top_e7': no output FF found.
Checking read port `$flatten\u_bcd7seg3.$auto$proc_rom.cc:155:do_switch$123'[0] in module `\top_e7': no output FF found.
Checking read port `$flatten\u_bcd7seg7.$auto$proc_rom.cc:155:do_switch$123'[0] in module `\top_e7': no output FF found.
Checking read port `$flatten\u_bcd7seg8.$auto$proc_rom.cc:155:do_switch$123'[0] in module `\top_e7': no output FF found.
Checking read port `$flatten\u_keyLUT.$auto$proc_rom.cc:155:do_switch$127'[0] in module `\top_e7': FF found, but with a mux select that doesn't seem to correspond to transparency logic.
Checking read port `\u_ps2_keyboard.fifo'[0] in module `\top_e7': no output FF found.
Checking read port address `$flatten\u_bcd7seg0.$auto$proc_rom.cc:155:do_switch$123'[0] in module `\top_e7': merged address FF to cell.
Checking read port address `$flatten\u_bcd7seg1.$auto$proc_rom.cc:155:do_switch$123'[0] in module `\top_e7': merged address FF to cell.
Checking read port address `$flatten\u_bcd7seg2.$auto$proc_rom.cc:155:do_switch$123'[0] in module `\top_e7': merged address FF to cell.
Checking read port address `$flatten\u_bcd7seg3.$auto$proc_rom.cc:155:do_switch$123'[0] in module `\top_e7': merged address FF to cell.
Checking read port address `$flatten\u_bcd7seg7.$auto$proc_rom.cc:155:do_switch$123'[0] in module `\top_e7': merged address FF to cell.
Checking read port address `$flatten\u_bcd7seg8.$auto$proc_rom.cc:155:do_switch$123'[0] in module `\top_e7': merged address FF to cell.
Checking read port address `$flatten\u_keyLUT.$auto$proc_rom.cc:155:do_switch$127'[0] in module `\top_e7': no address FF found.
Checking read port address `\u_ps2_keyboard.fifo'[0] in module `\top_e7': merged address FF to cell.

4.16.6. Executing OPT_CLEAN pass (remove unused cells and wires).
Finding unused cells or wires in module \top_e7..

4.16.7. Executing MEMORY_SHARE pass (consolidating $memrd/$memwr cells).

4.16.8. Executing OPT_MEM_WIDEN pass (optimize memories where all ports are wide).
Performed a total of 0 transformations.

4.16.9. Executing OPT_CLEAN pass (remove unused cells and wires).
Finding unused cells or wires in module \top_e7..

4.16.10. Executing MEMORY_COLLECT pass (generating $mem cells).

4.17. Executing OPT_CLEAN pass (remove unused cells and wires).
Finding unused cells or wires in module \top_e7..

4.18. Executing OPT pass (performing simple optimizations).

4.18.1. Executing OPT_EXPR pass (perform const folding).
Optimizing module top_e7.
<suppressed ~16 debug messages>

4.18.2. Executing OPT_MERGE pass (detect identical cells).
Finding identical cells in module `\top_e7'.
Removed a total of 0 cells.

4.18.3. Executing OPT_DFF pass (perform DFF optimizations).

4.18.4. Executing OPT_CLEAN pass (remove unused cells and wires).
Finding unused cells or wires in module \top_e7..
Removed 0 unused cells and 11 unused wires.
<suppressed ~1 debug messages>

4.18.5. Finished fast OPT passes.

4.19. Executing MEMORY_MAP pass (converting memories to logic and flip-flops).
Mapping memory $flatten\u_bcd7seg0.$auto$proc_rom.cc:155:do_switch$123 in module \top_e7:
  created 16 $dff cells and 0 static cells of width 7.
Extracted data FF from read port 0 of top_e7.$flatten\u_bcd7seg0.$auto$proc_rom.cc:155:do_switch$123: $$flatten\u_bcd7seg0.$auto$proc_rom.cc:155:do_switch$123$rdreg[0]
  read interface: 1 $dff and 15 $mux cells.
  write interface: 0 write mux blocks.
Mapping memory $flatten\u_bcd7seg1.$auto$proc_rom.cc:155:do_switch$123 in module \top_e7:
  created 16 $dff cells and 0 static cells of width 7.
Extracted data FF from read port 0 of top_e7.$flatten\u_bcd7seg1.$auto$proc_rom.cc:155:do_switch$123: $$flatten\u_bcd7seg1.$auto$proc_rom.cc:155:do_switch$123$rdreg[0]
  read interface: 1 $dff and 15 $mux cells.
  write interface: 0 write mux blocks.
Mapping memory $flatten\u_bcd7seg2.$auto$proc_rom.cc:155:do_switch$123 in module \top_e7:
  created 16 $dff cells and 0 static cells of width 7.
Extracted data FF from read port 0 of top_e7.$flatten\u_bcd7seg2.$auto$proc_rom.cc:155:do_switch$123: $$flatten\u_bcd7seg2.$auto$proc_rom.cc:155:do_switch$123$rdreg[0]
  read interface: 1 $dff and 15 $mux cells.
  write interface: 0 write mux blocks.
Mapping memory $flatten\u_bcd7seg3.$auto$proc_rom.cc:155:do_switch$123 in module \top_e7:
  created 16 $dff cells and 0 static cells of width 7.
Extracted data FF from read port 0 of top_e7.$flatten\u_bcd7seg3.$auto$proc_rom.cc:155:do_switch$123: $$flatten\u_bcd7seg3.$auto$proc_rom.cc:155:do_switch$123$rdreg[0]
  read interface: 1 $dff and 15 $mux cells.
  write interface: 0 write mux blocks.
Mapping memory $flatten\u_bcd7seg7.$auto$proc_rom.cc:155:do_switch$123 in module \top_e7:
  created 16 $dff cells and 0 static cells of width 7.
Extracted data FF from read port 0 of top_e7.$flatten\u_bcd7seg7.$auto$proc_rom.cc:155:do_switch$123: $$flatten\u_bcd7seg7.$auto$proc_rom.cc:155:do_switch$123$rdreg[0]
  read interface: 1 $dff and 15 $mux cells.
  write interface: 0 write mux blocks.
Mapping memory $flatten\u_bcd7seg8.$auto$proc_rom.cc:155:do_switch$123 in module \top_e7:
  created 16 $dff cells and 0 static cells of width 7.
Extracted data FF from read port 0 of top_e7.$flatten\u_bcd7seg8.$auto$proc_rom.cc:155:do_switch$123: $$flatten\u_bcd7seg8.$auto$proc_rom.cc:155:do_switch$123$rdreg[0]
  read interface: 1 $dff and 15 $mux cells.
  write interface: 0 write mux blocks.
Mapping memory $flatten\u_keyLUT.$auto$proc_rom.cc:155:do_switch$127 in module \top_e7:
  created 128 $dff cells and 0 static cells of width 7.
  read interface: 0 $dff and 127 $mux cells.
  write interface: 0 write mux blocks.
Mapping memory \u_ps2_keyboard.fifo in module \top_e7:
  created 8 $dff cells and 0 static cells of width 8.
Extracted addr FF from read port 0 of top_e7.u_ps2_keyboard.fifo: $\u_ps2_keyboard.fifo$rdreg[0]
  read interface: 1 $dff and 7 $mux cells.
  write interface: 8 write mux blocks.

4.20. Executing OPT pass (performing simple optimizations).

4.20.1. Executing OPT_EXPR pass (perform const folding).
Optimizing module top_e7.
<suppressed ~76 debug messages>

4.20.2. Executing OPT_MERGE pass (detect identical cells).
Finding identical cells in module `\top_e7'.
Removed a total of 0 cells.

4.20.3. Executing OPT_MUXTREE pass (detect dead branches in mux trees).
Running muxtree optimizer on module \top_e7..
  Creating internal representation of mux trees.
  Evaluating internal representation of mux trees.
  Analyzing evaluation results.
Removed 0 multiplexer ports.
<suppressed ~33 debug messages>

4.20.4. Executing OPT_REDUCE pass (consolidate $*mux and $reduce_* inputs).
  Optimizing cells in module \top_e7.
    Consolidated identical input bits for $mux cell $memory$flatten\u_keyLUT.$auto$proc_rom.cc:155:do_switch$127$rdmux[0][6][38]$1116:
      Old ports: A=7'0000000, B=7'1110000, Y=$memory$flatten\u_keyLUT.$auto$proc_rom.cc:155:do_switch$127$rdmux[0][5][19]$a$964
      New ports: A=1'0, B=1'1, Y=$memory$flatten\u_keyLUT.$auto$proc_rom.cc:155:do_switch$127$rdmux[0][5][19]$a$964 [4]
      New connections: { $memory$flatten\u_keyLUT.$auto$proc_rom.cc:155:do_switch$127$rdmux[0][5][19]$a$964 [6:5] $memory$flatten\u_keyLUT.$auto$proc_rom.cc:155:do_switch$127$rdmux[0][5][19]$a$964 [3:0] } = { $memory$flatten\u_keyLUT.$auto$proc_rom.cc:155:do_switch$127$rdmux[0][5][19]$a$964 [4] $memory$flatten\u_keyLUT.$auto$proc_rom.cc:155:do_switch$127$rdmux[0][5][19]$a$964 [4] 4'0000 }
    Consolidated identical input bits for $mux cell $memory$flatten\u_keyLUT.$auto$proc_rom.cc:155:do_switch$127$rdmux[0][6][37]$1113:
      Old ports: A=7'0000000, B=7'1101100, Y=$memory$flatten\u_keyLUT.$auto$proc_rom.cc:155:do_switch$127$rdmux[0][5][18]$b$962
      New ports: A=1'0, B=1'1, Y=$memory$flatten\u_keyLUT.$auto$proc_rom.cc:155:do_switch$127$rdmux[0][5][18]$b$962 [2]
      New connections: { $memory$flatten\u_keyLUT.$auto$proc_rom.cc:155:do_switch$127$rdmux[0][5][18]$b$962 [6:3] $memory$flatten\u_keyLUT.$auto$proc_rom.cc:155:do_switch$127$rdmux[0][5][18]$b$962 [1:0] } = { $memory$flatten\u_keyLUT.$auto$proc_rom.cc:155:do_switch$127$rdmux[0][5][18]$b$962 [2] $memory$flatten\u_keyLUT.$auto$proc_rom.cc:155:do_switch$127$rdmux[0][5][18]$b$962 [2] 1'0 $memory$flatten\u_keyLUT.$auto$proc_rom.cc:155:do_switch$127$rdmux[0][5][18]$b$962 [2] 2'00 }
    Consolidated identical input bits for $mux cell $memory$flatten\u_keyLUT.$auto$proc_rom.cc:155:do_switch$127$rdmux[0][6][35]$1107:
      Old ports: A=7'0111001, B=7'0000000, Y=$memory$flatten\u_keyLUT.$auto$proc_rom.cc:155:do_switch$127$rdmux[0][5][17]$b$959
      New ports: A=1'1, B=1'0, Y=$memory$flatten\u_keyLUT.$auto$proc_rom.cc:155:do_switch$127$rdmux[0][5][17]$b$959 [0]
      New connections: $memory$flatten\u_keyLUT.$auto$proc_rom.cc:155:do_switch$127$rdmux[0][5][17]$b$959 [6:1] = { 1'0 $memory$flatten\u_keyLUT.$auto$proc_rom.cc:155:do_switch$127$rdmux[0][5][17]$b$959 [0] $memory$flatten\u_keyLUT.$auto$proc_rom.cc:155:do_switch$127$rdmux[0][5][17]$b$959 [0] $memory$flatten\u_keyLUT.$auto$proc_rom.cc:155:do_switch$127$rdmux[0][5][17]$b$959 [0] 2'00 }
    Consolidated identical input bits for $mux cell $memory$flatten\u_keyLUT.$auto$proc_rom.cc:155:do_switch$127$rdmux[0][6][34]$1104:
      Old ports: A=7'1101111, B=7'0110000, Y=$memory$flatten\u_keyLUT.$auto$proc_rom.cc:155:do_switch$127$rdmux[0][5][17]$a$958
      New ports: A=2'01, B=2'10, Y={ $memory$flatten\u_keyLUT.$auto$proc_rom.cc:155:do_switch$127$rdmux[0][5][17]$a$958 [4] $memory$flatten\u_keyLUT.$auto$proc_rom.cc:155:do_switch$127$rdmux[0][5][17]$a$958 [0] }
      New connections: { $memory$flatten\u_keyLUT.$auto$proc_rom.cc:155:do_switch$127$rdmux[0][5][17]$a$958 [6:5] $memory$flatten\u_keyLUT.$auto$proc_rom.cc:155:do_switch$127$rdmux[0][5][17]$a$958 [3:1] } = { $memory$flatten\u_keyLUT.$auto$proc_rom.cc:155:do_switch$127$rdmux[0][5][17]$a$958 [0] 1'1 $memory$flatten\u_keyLUT.$auto$proc_rom.cc:155:do_switch$127$rdmux[0][5][17]$a$958 [0] $memory$flatten\u_keyLUT.$auto$proc_rom.cc:155:do_switch$127$rdmux[0][5][17]$a$958 [0] $memory$flatten\u_keyLUT.$auto$proc_rom.cc:155:do_switch$127$rdmux[0][5][17]$a$958 [0] }
    Consolidated identical input bits for $mux cell $memory$flatten\u_keyLUT.$auto$proc_rom.cc:155:do_switch$127$rdmux[0][6][33]$1101:
      Old ports: A=7'1101011, B=7'1101001, Y=$memory$flatten\u_keyLUT.$auto$proc_rom.cc:155:do_switch$127$rdmux[0][5][16]$b$956
      New ports: A=1'1, B=1'0, Y=$memory$flatten\u_keyLUT.$auto$proc_rom.cc:155:do_switch$127$rdmux[0][5][16]$b$956 [1]
      New connections: { $memory$flatten\u_keyLUT.$auto$proc_rom.cc:155:do_switch$127$rdmux[0][5][16]$b$956 [6:2] $memory$flatten\u_keyLUT.$auto$proc_rom.cc:155:do_switch$127$rdmux[0][5][16]$b$956 [0] } = 6'110101
    Consolidated identical input bits for $mux cell $memory$flatten\u_keyLUT.$auto$proc_rom.cc:155:do_switch$127$rdmux[0][6][31]$1095:
      Old ports: A=7'0111000, B=7'0000000, Y=$memory$flatten\u_keyLUT.$auto$proc_rom.cc:155:do_switch$127$rdmux[0][5][15]$b$953
      New ports: A=1'1, B=1'0, Y=$memory$flatten\u_keyLUT.$auto$proc_rom.cc:155:do_switch$127$rdmux[0][5][15]$b$953 [3]
      New connections: { $memory$flatten\u_keyLUT.$auto$proc_rom.cc:155:do_switch$127$rdmux[0][5][15]$b$953 [6:4] $memory$flatten\u_keyLUT.$auto$proc_rom.cc:155:do_switch$127$rdmux[0][5][15]$b$953 [2:0] } = { 1'0 $memory$flatten\u_keyLUT.$auto$proc_rom.cc:155:do_switch$127$rdmux[0][5][15]$b$953 [3] $memory$flatten\u_keyLUT.$auto$proc_rom.cc:155:do_switch$127$rdmux[0][5][15]$b$953 [3] 3'000 }
    Consolidated identical input bits for $mux cell $memory$flatten\u_keyLUT.$auto$proc_rom.cc:155:do_switch$127$rdmux[0][6][30]$1092:
      Old ports: A=7'1110101, B=7'0110111, Y=$memory$flatten\u_keyLUT.$auto$proc_rom.cc:155:do_switch$127$rdmux[0][5][15]$a$952
      New ports: A=2'10, B=2'01, Y={ $memory$flatten\u_keyLUT.$auto$proc_rom.cc:155:do_switch$127$rdmux[0][5][15]$a$952 [6] $memory$flatten\u_keyLUT.$auto$proc_rom.cc:155:do_switch$127$rdmux[0][5][15]$a$952 [1] }
      New connections: { $memory$flatten\u_keyLUT.$auto$proc_rom.cc:155:do_switch$127$rdmux[0][5][15]$a$952 [5:2] $memory$flatten\u_keyLUT.$auto$proc_rom.cc:155:do_switch$127$rdmux[0][5][15]$a$952 [0] } = 5'11011
    Consolidated identical input bits for $mux cell $memory$flatten\u_keyLUT.$auto$proc_rom.cc:155:do_switch$127$rdmux[0][6][29]$1089:
      Old ports: A=7'1101101, B=7'1101010, Y=$memory$flatten\u_keyLUT.$auto$proc_rom.cc:155:do_switch$127$rdmux[0][5][14]$b$950
      New ports: A=2'01, B=2'10, Y=$memory$flatten\u_keyLUT.$auto$proc_rom.cc:155:do_switch$127$rdmux[0][5][14]$b$950 [1:0]
      New connections: $memory$flatten\u_keyLUT.$auto$proc_rom.cc:155:do_switch$127$rdmux[0][5][14]$b$950 [6:2] = { 4'1101 $memory$flatten\u_keyLUT.$auto$proc_rom.cc:155:do_switch$127$rdmux[0][5][14]$b$950 [0] }
    Consolidated identical input bits for $mux cell $memory$flatten\u_keyLUT.$auto$proc_rom.cc:155:do_switch$127$rdmux[0][6][27]$1083:
      Old ports: A=7'0110110, B=7'0000000, Y=$memory$flatten\u_keyLUT.$auto$proc_rom.cc:155:do_switch$127$rdmux[0][5][13]$b$947
      New ports: A=1'1, B=1'0, Y=$memory$flatten\u_keyLUT.$auto$proc_rom.cc:155:do_switch$127$rdmux[0][5][13]$b$947 [1]
      New connections: { $memory$flatten\u_keyLUT.$auto$proc_rom.cc:155:do_switch$127$rdmux[0][5][13]$b$947 [6:2] $memory$flatten\u_keyLUT.$auto$proc_rom.cc:155:do_switch$127$rdmux[0][5][13]$b$947 [0] } = { 1'0 $memory$flatten\u_keyLUT.$auto$proc_rom.cc:155:do_switch$127$rdmux[0][5][13]$b$947 [1] $memory$flatten\u_keyLUT.$auto$proc_rom.cc:155:do_switch$127$rdmux[0][5][13]$b$947 [1] 1'0 $memory$flatten\u_keyLUT.$auto$proc_rom.cc:155:do_switch$127$rdmux[0][5][13]$b$947 [1] 1'0 }
    Consolidated identical input bits for $mux cell $memory$flatten\u_keyLUT.$auto$proc_rom.cc:155:do_switch$127$rdmux[0][6][26]$1080:
      Old ports: A=7'1100111, B=7'1111001, Y=$memory$flatten\u_keyLUT.$auto$proc_rom.cc:155:do_switch$127$rdmux[0][5][13]$a$946
      New ports: A=2'01, B=2'10, Y={ $memory$flatten\u_keyLUT.$auto$proc_rom.cc:155:do_switch$127$rdmux[0][5][13]$a$946 [3] $memory$flatten\u_keyLUT.$auto$proc_rom.cc:155:do_switch$127$rdmux[0][5][13]$a$946 [1] }
      New connections: { $memory$flatten\u_keyLUT.$auto$proc_rom.cc:155:do_switch$127$rdmux[0][5][13]$a$946 [6:4] $memory$flatten\u_keyLUT.$auto$proc_rom.cc:155:do_switch$127$rdmux[0][5][13]$a$946 [2] $memory$flatten\u_keyLUT.$auto$proc_rom.cc:155:do_switch$127$rdmux[0][5][13]$a$946 [0] } = { 2'11 $memory$flatten\u_keyLUT.$auto$proc_rom.cc:155:do_switch$127$rdmux[0][5][13]$a$946 [3] $memory$flatten\u_keyLUT.$auto$proc_rom.cc:155:do_switch$127$rdmux[0][5][13]$a$946 [1] 1'1 }
    Consolidated identical input bits for $mux cell $memory$flatten\u_keyLUT.$auto$proc_rom.cc:155:do_switch$127$rdmux[0][6][25]$1077:
      Old ports: A=7'1100010, B=7'1101000, Y=$memory$flatten\u_keyLUT.$auto$proc_rom.cc:155:do_switch$127$rdmux[0][5][12]$b$944
      New ports: A=2'01, B=2'10, Y={ $memory$flatten\u_keyLUT.$auto$proc_rom.cc:155:do_switch$127$rdmux[0][5][12]$b$944 [3] $memory$flatten\u_keyLUT.$auto$proc_rom.cc:155:do_switch$127$rdmux[0][5][12]$b$944 [1] }
      New connections: { $memory$flatten\u_keyLUT.$auto$proc_rom.cc:155:do_switch$127$rdmux[0][5][12]$b$944 [6:4] $memory$flatten\u_keyLUT.$auto$proc_rom.cc:155:do_switch$127$rdmux[0][5][12]$b$944 [2] $memory$flatten\u_keyLUT.$auto$proc_rom.cc:155:do_switch$127$rdmux[0][5][12]$b$944 [0] } = 5'11000
    Consolidated identical input bits for $mux cell $memory$flatten\u_keyLUT.$auto$proc_rom.cc:155:do_switch$127$rdmux[0][6][24]$1074:
      Old ports: A=7'0000000, B=7'1101110, Y=$memory$flatten\u_keyLUT.$auto$proc_rom.cc:155:do_switch$127$rdmux[0][5][12]$a$943
      New ports: A=1'0, B=1'1, Y=$memory$flatten\u_keyLUT.$auto$proc_rom.cc:155:do_switch$127$rdmux[0][5][12]$a$943 [1]
      New connections: { $memory$flatten\u_keyLUT.$auto$proc_rom.cc:155:do_switch$127$rdmux[0][5][12]$a$943 [6:2] $memory$flatten\u_keyLUT.$auto$proc_rom.cc:155:do_switch$127$rdmux[0][5][12]$a$943 [0] } = { $memory$flatten\u_keyLUT.$auto$proc_rom.cc:155:do_switch$127$rdmux[0][5][12]$a$943 [1] $memory$flatten\u_keyLUT.$auto$proc_rom.cc:155:do_switch$127$rdmux[0][5][12]$a$943 [1] 1'0 $memory$flatten\u_keyLUT.$auto$proc_rom.cc:155:do_switch$127$rdmux[0][5][12]$a$943 [1] $memory$flatten\u_keyLUT.$auto$proc_rom.cc:155:do_switch$127$rdmux[0][5][12]$a$943 [1] 1'0 }
    Consolidated identical input bits for $mux cell $memory$flatten\u_keyLUT.$auto$proc_rom.cc:155:do_switch$127$rdmux[0][6][23]$1071:
      Old ports: A=7'0110101, B=7'0000000, Y=$memory$flatten\u_keyLUT.$auto$proc_rom.cc:155:do_switch$127$rdmux[0][5][11]$b$941
      New ports: A=1'1, B=1'0, Y=$memory$flatten\u_keyLUT.$auto$proc_rom.cc:155:do_switch$127$rdmux[0][5][11]$b$941 [0]
      New connections: $memory$flatten\u_keyLUT.$auto$proc_rom.cc:155:do_switch$127$rdmux[0][5][11]$b$941 [6:1] = { 1'0 $memory$flatten\u_keyLUT.$auto$proc_rom.cc:155:do_switch$127$rdmux[0][5][11]$b$941 [0] $memory$flatten\u_keyLUT.$auto$proc_rom.cc:155:do_switch$127$rdmux[0][5][11]$b$941 [0] 1'0 $memory$flatten\u_keyLUT.$auto$proc_rom.cc:155:do_switch$127$rdmux[0][5][11]$b$941 [0] 1'0 }
    Consolidated identical input bits for $mux cell $memory$flatten\u_keyLUT.$auto$proc_rom.cc:155:do_switch$127$rdmux[0][6][22]$1068:
      Old ports: A=7'1110100, B=7'1110010, Y=$memory$flatten\u_keyLUT.$auto$proc_rom.cc:155:do_switch$127$rdmux[0][5][11]$a$940
      New ports: A=2'10, B=2'01, Y=$memory$flatten\u_keyLUT.$auto$proc_rom.cc:155:do_switch$127$rdmux[0][5][11]$a$940 [2:1]
      New connections: { $memory$flatten\u_keyLUT.$auto$proc_rom.cc:155:do_switch$127$rdmux[0][5][11]$a$940 [6:3] $memory$flatten\u_keyLUT.$auto$proc_rom.cc:155:do_switch$127$rdmux[0][5][11]$a$940 [0] } = 5'11100
    Consolidated identical input bits for $mux cell $memory$flatten\u_keyLUT.$auto$proc_rom.cc:155:do_switch$127$rdmux[0][6][21]$1065:
      Old ports: A=7'1110110, B=7'1100110, Y=$memory$flatten\u_keyLUT.$auto$proc_rom.cc:155:do_switch$127$rdmux[0][5][10]$b$938
      New ports: A=1'1, B=1'0, Y=$memory$flatten\u_keyLUT.$auto$proc_rom.cc:155:do_switch$127$rdmux[0][5][10]$b$938 [4]
      New connections: { $memory$flatten\u_keyLUT.$auto$proc_rom.cc:155:do_switch$127$rdmux[0][5][10]$b$938 [6:5] $memory$flatten\u_keyLUT.$auto$proc_rom.cc:155:do_switch$127$rdmux[0][5][10]$b$938 [3:0] } = 6'110110
    Consolidated identical input bits for $mux cell $memory$flatten\u_keyLUT.$auto$proc_rom.cc:155:do_switch$127$rdmux[0][6][19]$1059:
      Old ports: A=7'0110011, B=7'0000000, Y=$memory$flatten\u_keyLUT.$auto$proc_rom.cc:155:do_switch$127$rdmux[0][5][9]$b$935
      New ports: A=1'1, B=1'0, Y=$memory$flatten\u_keyLUT.$auto$proc_rom.cc:155:do_switch$127$rdmux[0][5][9]$b$935 [0]
      New connections: $memory$flatten\u_keyLUT.$auto$proc_rom.cc:155:do_switch$127$rdmux[0][5][9]$b$935 [6:1] = { 1'0 $memory$flatten\u_keyLUT.$auto$proc_rom.cc:155:do_switch$127$rdmux[0][5][9]$b$935 [0] $memory$flatten\u_keyLUT.$auto$proc_rom.cc:155:do_switch$127$rdmux[0][5][9]$b$935 [0] 2'00 $memory$flatten\u_keyLUT.$auto$proc_rom.cc:155:do_switch$127$rdmux[0][5][9]$b$935 [0] }
    Consolidated identical input bits for $mux cell $memory$flatten\u_keyLUT.$auto$proc_rom.cc:155:do_switch$127$rdmux[0][6][18]$1056:
      Old ports: A=7'1100101, B=7'0110100, Y=$memory$flatten\u_keyLUT.$auto$proc_rom.cc:155:do_switch$127$rdmux[0][5][9]$a$934
      New ports: A=2'01, B=2'10, Y={ $memory$flatten\u_keyLUT.$auto$proc_rom.cc:155:do_switch$127$rdmux[0][5][9]$a$934 [4] $memory$flatten\u_keyLUT.$auto$proc_rom.cc:155:do_switch$127$rdmux[0][5][9]$a$934 [0] }
      New connections: { $memory$flatten\u_keyLUT.$auto$proc_rom.cc:155:do_switch$127$rdmux[0][5][9]$a$934 [6:5] $memory$flatten\u_keyLUT.$auto$proc_rom.cc:155:do_switch$127$rdmux[0][5][9]$a$934 [3:1] } = { $memory$flatten\u_keyLUT.$auto$proc_rom.cc:155:do_switch$127$rdmux[0][5][9]$a$934 [0] 4'1010 }
    Consolidated identical input bits for $mux cell $memory$flatten\u_keyLUT.$auto$proc_rom.cc:155:do_switch$127$rdmux[0][6][17]$1053:
      Old ports: A=7'1111000, B=7'1100100, Y=$memory$flatten\u_keyLUT.$auto$proc_rom.cc:155:do_switch$127$rdmux[0][5][8]$b$932
      New ports: A=2'10, B=2'01, Y=$memory$flatten\u_keyLUT.$auto$proc_rom.cc:155:do_switch$127$rdmux[0][5][8]$b$932 [3:2]
      New connections: { $memory$flatten\u_keyLUT.$auto$proc_rom.cc:155:do_switch$127$rdmux[0][5][8]$b$932 [6:4] $memory$flatten\u_keyLUT.$auto$proc_rom.cc:155:do_switch$127$rdmux[0][5][8]$b$932 [1:0] } = { 2'11 $memory$flatten\u_keyLUT.$auto$proc_rom.cc:155:do_switch$127$rdmux[0][5][8]$b$932 [3] 2'00 }
    Consolidated identical input bits for $mux cell $memory$flatten\u_keyLUT.$auto$proc_rom.cc:155:do_switch$127$rdmux[0][6][16]$1050:
      Old ports: A=7'0000000, B=7'1100011, Y=$memory$flatten\u_keyLUT.$auto$proc_rom.cc:155:do_switch$127$rdmux[0][5][8]$a$931
      New ports: A=1'0, B=1'1, Y=$memory$flatten\u_keyLUT.$auto$proc_rom.cc:155:do_switch$127$rdmux[0][5][8]$a$931 [0]
      New connections: $memory$flatten\u_keyLUT.$auto$proc_rom.cc:155:do_switch$127$rdmux[0][5][8]$a$931 [6:1] = { $memory$flatten\u_keyLUT.$auto$proc_rom.cc:155:do_switch$127$rdmux[0][5][8]$a$931 [0] $memory$flatten\u_keyLUT.$auto$proc_rom.cc:155:do_switch$127$rdmux[0][5][8]$a$931 [0] 3'000 $memory$flatten\u_keyLUT.$auto$proc_rom.cc:155:do_switch$127$rdmux[0][5][8]$a$931 [0] }
    Consolidated identical input bits for $mux cell $memory$flatten\u_keyLUT.$auto$proc_rom.cc:155:do_switch$127$rdmux[0][6][15]$1047:
      Old ports: A=7'0110010, B=7'0000000, Y=$memory$flatten\u_keyLUT.$auto$proc_rom.cc:155:do_switch$127$rdmux[0][5][7]$b$929
      New ports: A=1'1, B=1'0, Y=$memory$flatten\u_keyLUT.$auto$proc_rom.cc:155:do_switch$127$rdmux[0][5][7]$b$929 [1]
      New connections: { $memory$flatten\u_keyLUT.$auto$proc_rom.cc:155:do_switch$127$rdmux[0][5][7]$b$929 [6:2] $memory$flatten\u_keyLUT.$auto$proc_rom.cc:155:do_switch$127$rdmux[0][5][7]$b$929 [0] } = { 1'0 $memory$flatten\u_keyLUT.$auto$proc_rom.cc:155:do_switch$127$rdmux[0][5][7]$b$929 [1] $memory$flatten\u_keyLUT.$auto$proc_rom.cc:155:do_switch$127$rdmux[0][5][7]$b$929 [1] 3'000 }
    Consolidated identical input bits for $mux cell $memory$flatten\u_keyLUT.$auto$proc_rom.cc:155:do_switch$127$rdmux[0][6][14]$1044:
      Old ports: A=7'1100001, B=7'1110111, Y=$memory$flatten\u_keyLUT.$auto$proc_rom.cc:155:do_switch$127$rdmux[0][5][7]$a$928
      New ports: A=1'0, B=1'1, Y=$memory$flatten\u_keyLUT.$auto$proc_rom.cc:155:do_switch$127$rdmux[0][5][7]$a$928 [1]
      New connections: { $memory$flatten\u_keyLUT.$auto$proc_rom.cc:155:do_switch$127$rdmux[0][5][7]$a$928 [6:2] $memory$flatten\u_keyLUT.$auto$proc_rom.cc:155:do_switch$127$rdmux[0][5][7]$a$928 [0] } = { 2'11 $memory$flatten\u_keyLUT.$auto$proc_rom.cc:155:do_switch$127$rdmux[0][5][7]$a$928 [1] 1'0 $memory$flatten\u_keyLUT.$auto$proc_rom.cc:155:do_switch$127$rdmux[0][5][7]$a$928 [1] 1'1 }
    Consolidated identical input bits for $mux cell $memory$flatten\u_keyLUT.$auto$proc_rom.cc:155:do_switch$127$rdmux[0][6][13]$1041:
      Old ports: A=7'1111010, B=7'1110011, Y=$memory$flatten\u_keyLUT.$auto$proc_rom.cc:155:do_switch$127$rdmux[0][5][6]$b$926
      New ports: A=2'10, B=2'01, Y={ $memory$flatten\u_keyLUT.$auto$proc_rom.cc:155:do_switch$127$rdmux[0][5][6]$b$926 [3] $memory$flatten\u_keyLUT.$auto$proc_rom.cc:155:do_switch$127$rdmux[0][5][6]$b$926 [0] }
      New connections: { $memory$flatten\u_keyLUT.$auto$proc_rom.cc:155:do_switch$127$rdmux[0][5][6]$b$926 [6:4] $memory$flatten\u_keyLUT.$auto$proc_rom.cc:155:do_switch$127$rdmux[0][5][6]$b$926 [2:1] } = 5'11101
    Consolidated identical input bits for $mux cell $memory$flatten\u_keyLUT.$auto$proc_rom.cc:155:do_switch$127$rdmux[0][6][11]$1035:
      Old ports: A=7'0110001, B=7'0000000, Y=$memory$flatten\u_keyLUT.$auto$proc_rom.cc:155:do_switch$127$rdmux[0][5][5]$b$923
      New ports: A=1'1, B=1'0, Y=$memory$flatten\u_keyLUT.$auto$proc_rom.cc:155:do_switch$127$rdmux[0][5][5]$b$923 [0]
      New connections: $memory$flatten\u_keyLUT.$auto$proc_rom.cc:155:do_switch$127$rdmux[0][5][5]$b$923 [6:1] = { 1'0 $memory$flatten\u_keyLUT.$auto$proc_rom.cc:155:do_switch$127$rdmux[0][5][5]$b$923 [0] $memory$flatten\u_keyLUT.$auto$proc_rom.cc:155:do_switch$127$rdmux[0][5][5]$b$923 [0] 3'000 }
    Consolidated identical input bits for $mux cell $memory$flatten\u_keyLUT.$auto$proc_rom.cc:155:do_switch$127$rdmux[0][6][10]$1032:
      Old ports: A=7'0000000, B=7'1110001, Y=$memory$flatten\u_keyLUT.$auto$proc_rom.cc:155:do_switch$127$rdmux[0][5][5]$a$922
      New ports: A=1'0, B=1'1, Y=$memory$flatten\u_keyLUT.$auto$proc_rom.cc:155:do_switch$127$rdmux[0][5][5]$a$922 [0]
      New connections: $memory$flatten\u_keyLUT.$auto$proc_rom.cc:155:do_switch$127$rdmux[0][5][5]$a$922 [6:1] = { $memory$flatten\u_keyLUT.$auto$proc_rom.cc:155:do_switch$127$rdmux[0][5][5]$a$922 [0] $memory$flatten\u_keyLUT.$auto$proc_rom.cc:155:do_switch$127$rdmux[0][5][5]$a$922 [0] $memory$flatten\u_keyLUT.$auto$proc_rom.cc:155:do_switch$127$rdmux[0][5][5]$a$922 [0] 3'000 }
    Consolidated identical input bits for $mux cell $memory$flatten\u_bcd7seg8.$auto$proc_rom.cc:155:do_switch$123$rdmux[0][3][6]$807:
      Old ports: A=7'0110001, B=7'1000010, Y=$memory$flatten\u_bcd7seg8.$auto$proc_rom.cc:155:do_switch$123$rdmux[0][2][3]$a$787
      New ports: A=2'01, B=2'10, Y=$memory$flatten\u_bcd7seg8.$auto$proc_rom.cc:155:do_switch$123$rdmux[0][2][3]$a$787 [1:0]
      New connections: $memory$flatten\u_bcd7seg8.$auto$proc_rom.cc:155:do_switch$123$rdmux[0][2][3]$a$787 [6:2] = { $memory$flatten\u_bcd7seg8.$auto$proc_rom.cc:155:do_switch$123$rdmux[0][2][3]$a$787 [1:0] $memory$flatten\u_bcd7seg8.$auto$proc_rom.cc:155:do_switch$123$rdmux[0][2][3]$a$787 [0] 2'00 }
    Consolidated identical input bits for $mux cell $memory$flatten\u_bcd7seg8.$auto$proc_rom.cc:155:do_switch$123$rdmux[0][3][5]$804:
      Old ports: A=7'0001000, B=7'1100000, Y=$memory$flatten\u_bcd7seg8.$auto$proc_rom.cc:155:do_switch$123$rdmux[0][2][2]$b$785
      New ports: A=2'01, B=2'10, Y={ $memory$flatten\u_bcd7seg8.$auto$proc_rom.cc:155:do_switch$123$rdmux[0][2][2]$b$785 [5] $memory$flatten\u_bcd7seg8.$auto$proc_rom.cc:155:do_switch$123$rdmux[0][2][2]$b$785 [3] }
      New connections: { $memory$flatten\u_bcd7seg8.$auto$proc_rom.cc:155:do_switch$123$rdmux[0][2][2]$b$785 [6] $memory$flatten\u_bcd7seg8.$auto$proc_rom.cc:155:do_switch$123$rdmux[0][2][2]$b$785 [4] $memory$flatten\u_bcd7seg8.$auto$proc_rom.cc:155:do_switch$123$rdmux[0][2][2]$b$785 [2:0] } = { $memory$flatten\u_bcd7seg8.$auto$proc_rom.cc:155:do_switch$123$rdmux[0][2][2]$b$785 [5] 4'0000 }
    Consolidated identical input bits for $mux cell $memory$flatten\u_bcd7seg8.$auto$proc_rom.cc:155:do_switch$123$rdmux[0][3][4]$801:
      Old ports: A=7'0000000, B=7'0000100, Y=$memory$flatten\u_bcd7seg8.$auto$proc_rom.cc:155:do_switch$123$rdmux[0][2][2]$a$784
      New ports: A=1'0, B=1'1, Y=$memory$flatten\u_bcd7seg8.$auto$proc_rom.cc:155:do_switch$123$rdmux[0][2][2]$a$784 [2]
      New connections: { $memory$flatten\u_bcd7seg8.$auto$proc_rom.cc:155:do_switch$123$rdmux[0][2][2]$a$784 [6:3] $memory$flatten\u_bcd7seg8.$auto$proc_rom.cc:155:do_switch$123$rdmux[0][2][2]$a$784 [1:0] } = 6'000000
    Consolidated identical input bits for $mux cell $memory$flatten\u_bcd7seg8.$auto$proc_rom.cc:155:do_switch$123$rdmux[0][3][3]$798:
      Old ports: A=7'0100000, B=7'0001111, Y=$memory$flatten\u_bcd7seg8.$auto$proc_rom.cc:155:do_switch$123$rdmux[0][2][1]$b$782
      New ports: A=2'10, B=2'01, Y={ $memory$flatten\u_bcd7seg8.$auto$proc_rom.cc:155:do_switch$123$rdmux[0][2][1]$b$782 [5] $memory$flatten\u_bcd7seg8.$auto$proc_rom.cc:155:do_switch$123$rdmux[0][2][1]$b$782 [0] }
      New connections: { $memory$flatten\u_bcd7seg8.$auto$proc_rom.cc:155:do_switch$123$rdmux[0][2][1]$b$782 [6] $memory$flatten\u_bcd7seg8.$auto$proc_rom.cc:155:do_switch$123$rdmux[0][2][1]$b$782 [4:1] } = { 2'00 $memory$flatten\u_bcd7seg8.$auto$proc_rom.cc:155:do_switch$123$rdmux[0][2][1]$b$782 [0] $memory$flatten\u_bcd7seg8.$auto$proc_rom.cc:155:do_switch$123$rdmux[0][2][1]$b$782 [0] $memory$flatten\u_bcd7seg8.$auto$proc_rom.cc:155:do_switch$123$rdmux[0][2][1]$b$782 [0] }
    Consolidated identical input bits for $mux cell $memory$flatten\u_bcd7seg8.$auto$proc_rom.cc:155:do_switch$123$rdmux[0][3][2]$795:
      Old ports: A=7'1001100, B=7'0100100, Y=$memory$flatten\u_bcd7seg8.$auto$proc_rom.cc:155:do_switch$123$rdmux[0][2][1]$a$781
      New ports: A=2'01, B=2'10, Y={ $memory$flatten\u_bcd7seg8.$auto$proc_rom.cc:155:do_switch$123$rdmux[0][2][1]$a$781 [5] $memory$flatten\u_bcd7seg8.$auto$proc_rom.cc:155:do_switch$123$rdmux[0][2][1]$a$781 [3] }
      New connections: { $memory$flatten\u_bcd7seg8.$auto$proc_rom.cc:155:do_switch$123$rdmux[0][2][1]$a$781 [6] $memory$flatten\u_bcd7seg8.$auto$proc_rom.cc:155:do_switch$123$rdmux[0][2][1]$a$781 [4] $memory$flatten\u_bcd7seg8.$auto$proc_rom.cc:155:do_switch$123$rdmux[0][2][1]$a$781 [2:0] } = { $memory$flatten\u_bcd7seg8.$auto$proc_rom.cc:155:do_switch$123$rdmux[0][2][1]$a$781 [3] 4'0100 }
    Consolidated identical input bits for $mux cell $memory$flatten\u_bcd7seg8.$auto$proc_rom.cc:155:do_switch$123$rdmux[0][3][1]$792:
      Old ports: A=7'0010010, B=7'0000110, Y=$memory$flatten\u_bcd7seg8.$auto$proc_rom.cc:155:do_switch$123$rdmux[0][2][0]$b$779
      New ports: A=2'10, B=2'01, Y={ $memory$flatten\u_bcd7seg8.$auto$proc_rom.cc:155:do_switch$123$rdmux[0][2][0]$b$779 [4] $memory$flatten\u_bcd7seg8.$auto$proc_rom.cc:155:do_switch$123$rdmux[0][2][0]$b$779 [2] }
      New connections: { $memory$flatten\u_bcd7seg8.$auto$proc_rom.cc:155:do_switch$123$rdmux[0][2][0]$b$779 [6:5] $memory$flatten\u_bcd7seg8.$auto$proc_rom.cc:155:do_switch$123$rdmux[0][2][0]$b$779 [3] $memory$flatten\u_bcd7seg8.$auto$proc_rom.cc:155:do_switch$123$rdmux[0][2][0]$b$779 [1:0] } = 5'00010
    Consolidated identical input bits for $mux cell $memory$flatten\u_bcd7seg8.$auto$proc_rom.cc:155:do_switch$123$rdmux[0][3][0]$789:
      Old ports: A=7'0000001, B=7'1001111, Y=$memory$flatten\u_bcd7seg8.$auto$proc_rom.cc:155:do_switch$123$rdmux[0][2][0]$a$778
      New ports: A=1'0, B=1'1, Y=$memory$flatten\u_bcd7seg8.$auto$proc_rom.cc:155:do_switch$123$rdmux[0][2][0]$a$778 [1]
      New connections: { $memory$flatten\u_bcd7seg8.$auto$proc_rom.cc:155:do_switch$123$rdmux[0][2][0]$a$778 [6:2] $memory$flatten\u_bcd7seg8.$auto$proc_rom.cc:155:do_switch$123$rdmux[0][2][0]$a$778 [0] } = { $memory$flatten\u_bcd7seg8.$auto$proc_rom.cc:155:do_switch$123$rdmux[0][2][0]$a$778 [1] 2'00 $memory$flatten\u_bcd7seg8.$auto$proc_rom.cc:155:do_switch$123$rdmux[0][2][0]$a$778 [1] $memory$flatten\u_bcd7seg8.$auto$proc_rom.cc:155:do_switch$123$rdmux[0][2][0]$a$778 [1] 1'1 }
    Consolidated identical input bits for $mux cell $memory$flatten\u_bcd7seg7.$auto$proc_rom.cc:155:do_switch$123$rdmux[0][3][6]$762:
      Old ports: A=7'0110001, B=7'1000010, Y=$memory$flatten\u_bcd7seg7.$auto$proc_rom.cc:155:do_switch$123$rdmux[0][2][3]$a$742
      New ports: A=2'01, B=2'10, Y=$memory$flatten\u_bcd7seg7.$auto$proc_rom.cc:155:do_switch$123$rdmux[0][2][3]$a$742 [1:0]
      New connections: $memory$flatten\u_bcd7seg7.$auto$proc_rom.cc:155:do_switch$123$rdmux[0][2][3]$a$742 [6:2] = { $memory$flatten\u_bcd7seg7.$auto$proc_rom.cc:155:do_switch$123$rdmux[0][2][3]$a$742 [1:0] $memory$flatten\u_bcd7seg7.$auto$proc_rom.cc:155:do_switch$123$rdmux[0][2][3]$a$742 [0] 2'00 }
    Consolidated identical input bits for $mux cell $memory$flatten\u_bcd7seg7.$auto$proc_rom.cc:155:do_switch$123$rdmux[0][3][5]$759:
      Old ports: A=7'0001000, B=7'1100000, Y=$memory$flatten\u_bcd7seg7.$auto$proc_rom.cc:155:do_switch$123$rdmux[0][2][2]$b$740
      New ports: A=2'01, B=2'10, Y={ $memory$flatten\u_bcd7seg7.$auto$proc_rom.cc:155:do_switch$123$rdmux[0][2][2]$b$740 [5] $memory$flatten\u_bcd7seg7.$auto$proc_rom.cc:155:do_switch$123$rdmux[0][2][2]$b$740 [3] }
      New connections: { $memory$flatten\u_bcd7seg7.$auto$proc_rom.cc:155:do_switch$123$rdmux[0][2][2]$b$740 [6] $memory$flatten\u_bcd7seg7.$auto$proc_rom.cc:155:do_switch$123$rdmux[0][2][2]$b$740 [4] $memory$flatten\u_bcd7seg7.$auto$proc_rom.cc:155:do_switch$123$rdmux[0][2][2]$b$740 [2:0] } = { $memory$flatten\u_bcd7seg7.$auto$proc_rom.cc:155:do_switch$123$rdmux[0][2][2]$b$740 [5] 4'0000 }
    Consolidated identical input bits for $mux cell $memory$flatten\u_bcd7seg7.$auto$proc_rom.cc:155:do_switch$123$rdmux[0][3][4]$756:
      Old ports: A=7'0000000, B=7'0000100, Y=$memory$flatten\u_bcd7seg7.$auto$proc_rom.cc:155:do_switch$123$rdmux[0][2][2]$a$739
      New ports: A=1'0, B=1'1, Y=$memory$flatten\u_bcd7seg7.$auto$proc_rom.cc:155:do_switch$123$rdmux[0][2][2]$a$739 [2]
      New connections: { $memory$flatten\u_bcd7seg7.$auto$proc_rom.cc:155:do_switch$123$rdmux[0][2][2]$a$739 [6:3] $memory$flatten\u_bcd7seg7.$auto$proc_rom.cc:155:do_switch$123$rdmux[0][2][2]$a$739 [1:0] } = 6'000000
    Consolidated identical input bits for $mux cell $memory$flatten\u_bcd7seg7.$auto$proc_rom.cc:155:do_switch$123$rdmux[0][3][3]$753:
      Old ports: A=7'0100000, B=7'0001111, Y=$memory$flatten\u_bcd7seg7.$auto$proc_rom.cc:155:do_switch$123$rdmux[0][2][1]$b$737
      New ports: A=2'10, B=2'01, Y={ $memory$flatten\u_bcd7seg7.$auto$proc_rom.cc:155:do_switch$123$rdmux[0][2][1]$b$737 [5] $memory$flatten\u_bcd7seg7.$auto$proc_rom.cc:155:do_switch$123$rdmux[0][2][1]$b$737 [0] }
      New connections: { $memory$flatten\u_bcd7seg7.$auto$proc_rom.cc:155:do_switch$123$rdmux[0][2][1]$b$737 [6] $memory$flatten\u_bcd7seg7.$auto$proc_rom.cc:155:do_switch$123$rdmux[0][2][1]$b$737 [4:1] } = { 2'00 $memory$flatten\u_bcd7seg7.$auto$proc_rom.cc:155:do_switch$123$rdmux[0][2][1]$b$737 [0] $memory$flatten\u_bcd7seg7.$auto$proc_rom.cc:155:do_switch$123$rdmux[0][2][1]$b$737 [0] $memory$flatten\u_bcd7seg7.$auto$proc_rom.cc:155:do_switch$123$rdmux[0][2][1]$b$737 [0] }
    Consolidated identical input bits for $mux cell $memory$flatten\u_bcd7seg7.$auto$proc_rom.cc:155:do_switch$123$rdmux[0][3][2]$750:
      Old ports: A=7'1001100, B=7'0100100, Y=$memory$flatten\u_bcd7seg7.$auto$proc_rom.cc:155:do_switch$123$rdmux[0][2][1]$a$736
      New ports: A=2'01, B=2'10, Y={ $memory$flatten\u_bcd7seg7.$auto$proc_rom.cc:155:do_switch$123$rdmux[0][2][1]$a$736 [5] $memory$flatten\u_bcd7seg7.$auto$proc_rom.cc:155:do_switch$123$rdmux[0][2][1]$a$736 [3] }
      New connections: { $memory$flatten\u_bcd7seg7.$auto$proc_rom.cc:155:do_switch$123$rdmux[0][2][1]$a$736 [6] $memory$flatten\u_bcd7seg7.$auto$proc_rom.cc:155:do_switch$123$rdmux[0][2][1]$a$736 [4] $memory$flatten\u_bcd7seg7.$auto$proc_rom.cc:155:do_switch$123$rdmux[0][2][1]$a$736 [2:0] } = { $memory$flatten\u_bcd7seg7.$auto$proc_rom.cc:155:do_switch$123$rdmux[0][2][1]$a$736 [3] 4'0100 }
    Consolidated identical input bits for $mux cell $memory$flatten\u_bcd7seg7.$auto$proc_rom.cc:155:do_switch$123$rdmux[0][3][1]$747:
      Old ports: A=7'0010010, B=7'0000110, Y=$memory$flatten\u_bcd7seg7.$auto$proc_rom.cc:155:do_switch$123$rdmux[0][2][0]$b$734
      New ports: A=2'10, B=2'01, Y={ $memory$flatten\u_bcd7seg7.$auto$proc_rom.cc:155:do_switch$123$rdmux[0][2][0]$b$734 [4] $memory$flatten\u_bcd7seg7.$auto$proc_rom.cc:155:do_switch$123$rdmux[0][2][0]$b$734 [2] }
      New connections: { $memory$flatten\u_bcd7seg7.$auto$proc_rom.cc:155:do_switch$123$rdmux[0][2][0]$b$734 [6:5] $memory$flatten\u_bcd7seg7.$auto$proc_rom.cc:155:do_switch$123$rdmux[0][2][0]$b$734 [3] $memory$flatten\u_bcd7seg7.$auto$proc_rom.cc:155:do_switch$123$rdmux[0][2][0]$b$734 [1:0] } = 5'00010
    Consolidated identical input bits for $mux cell $memory$flatten\u_bcd7seg7.$auto$proc_rom.cc:155:do_switch$123$rdmux[0][3][0]$744:
      Old ports: A=7'0000001, B=7'1001111, Y=$memory$flatten\u_bcd7seg7.$auto$proc_rom.cc:155:do_switch$123$rdmux[0][2][0]$a$733
      New ports: A=1'0, B=1'1, Y=$memory$flatten\u_bcd7seg7.$auto$proc_rom.cc:155:do_switch$123$rdmux[0][2][0]$a$733 [1]
      New connections: { $memory$flatten\u_bcd7seg7.$auto$proc_rom.cc:155:do_switch$123$rdmux[0][2][0]$a$733 [6:2] $memory$flatten\u_bcd7seg7.$auto$proc_rom.cc:155:do_switch$123$rdmux[0][2][0]$a$733 [0] } = { $memory$flatten\u_bcd7seg7.$auto$proc_rom.cc:155:do_switch$123$rdmux[0][2][0]$a$733 [1] 2'00 $memory$flatten\u_bcd7seg7.$auto$proc_rom.cc:155:do_switch$123$rdmux[0][2][0]$a$733 [1] $memory$flatten\u_bcd7seg7.$auto$proc_rom.cc:155:do_switch$123$rdmux[0][2][0]$a$733 [1] 1'1 }
    Consolidated identical input bits for $mux cell $memory$flatten\u_bcd7seg3.$auto$proc_rom.cc:155:do_switch$123$rdmux[0][3][6]$717:
      Old ports: A=7'0110001, B=7'1000010, Y=$memory$flatten\u_bcd7seg3.$auto$proc_rom.cc:155:do_switch$123$rdmux[0][2][3]$a$697
      New ports: A=2'01, B=2'10, Y=$memory$flatten\u_bcd7seg3.$auto$proc_rom.cc:155:do_switch$123$rdmux[0][2][3]$a$697 [1:0]
      New connections: $memory$flatten\u_bcd7seg3.$auto$proc_rom.cc:155:do_switch$123$rdmux[0][2][3]$a$697 [6:2] = { $memory$flatten\u_bcd7seg3.$auto$proc_rom.cc:155:do_switch$123$rdmux[0][2][3]$a$697 [1:0] $memory$flatten\u_bcd7seg3.$auto$proc_rom.cc:155:do_switch$123$rdmux[0][2][3]$a$697 [0] 2'00 }
    Consolidated identical input bits for $mux cell $memory$flatten\u_bcd7seg3.$auto$proc_rom.cc:155:do_switch$123$rdmux[0][3][5]$714:
      Old ports: A=7'0001000, B=7'1100000, Y=$memory$flatten\u_bcd7seg3.$auto$proc_rom.cc:155:do_switch$123$rdmux[0][2][2]$b$695
      New ports: A=2'01, B=2'10, Y={ $memory$flatten\u_bcd7seg3.$auto$proc_rom.cc:155:do_switch$123$rdmux[0][2][2]$b$695 [5] $memory$flatten\u_bcd7seg3.$auto$proc_rom.cc:155:do_switch$123$rdmux[0][2][2]$b$695 [3] }
      New connections: { $memory$flatten\u_bcd7seg3.$auto$proc_rom.cc:155:do_switch$123$rdmux[0][2][2]$b$695 [6] $memory$flatten\u_bcd7seg3.$auto$proc_rom.cc:155:do_switch$123$rdmux[0][2][2]$b$695 [4] $memory$flatten\u_bcd7seg3.$auto$proc_rom.cc:155:do_switch$123$rdmux[0][2][2]$b$695 [2:0] } = { $memory$flatten\u_bcd7seg3.$auto$proc_rom.cc:155:do_switch$123$rdmux[0][2][2]$b$695 [5] 4'0000 }
    Consolidated identical input bits for $mux cell $memory$flatten\u_bcd7seg3.$auto$proc_rom.cc:155:do_switch$123$rdmux[0][3][4]$711:
      Old ports: A=7'0000000, B=7'0000100, Y=$memory$flatten\u_bcd7seg3.$auto$proc_rom.cc:155:do_switch$123$rdmux[0][2][2]$a$694
      New ports: A=1'0, B=1'1, Y=$memory$flatten\u_bcd7seg3.$auto$proc_rom.cc:155:do_switch$123$rdmux[0][2][2]$a$694 [2]
      New connections: { $memory$flatten\u_bcd7seg3.$auto$proc_rom.cc:155:do_switch$123$rdmux[0][2][2]$a$694 [6:3] $memory$flatten\u_bcd7seg3.$auto$proc_rom.cc:155:do_switch$123$rdmux[0][2][2]$a$694 [1:0] } = 6'000000
    Consolidated identical input bits for $mux cell $memory$flatten\u_bcd7seg3.$auto$proc_rom.cc:155:do_switch$123$rdmux[0][3][3]$708:
      Old ports: A=7'0100000, B=7'0001111, Y=$memory$flatten\u_bcd7seg3.$auto$proc_rom.cc:155:do_switch$123$rdmux[0][2][1]$b$692
      New ports: A=2'10, B=2'01, Y={ $memory$flatten\u_bcd7seg3.$auto$proc_rom.cc:155:do_switch$123$rdmux[0][2][1]$b$692 [5] $memory$flatten\u_bcd7seg3.$auto$proc_rom.cc:155:do_switch$123$rdmux[0][2][1]$b$692 [0] }
      New connections: { $memory$flatten\u_bcd7seg3.$auto$proc_rom.cc:155:do_switch$123$rdmux[0][2][1]$b$692 [6] $memory$flatten\u_bcd7seg3.$auto$proc_rom.cc:155:do_switch$123$rdmux[0][2][1]$b$692 [4:1] } = { 2'00 $memory$flatten\u_bcd7seg3.$auto$proc_rom.cc:155:do_switch$123$rdmux[0][2][1]$b$692 [0] $memory$flatten\u_bcd7seg3.$auto$proc_rom.cc:155:do_switch$123$rdmux[0][2][1]$b$692 [0] $memory$flatten\u_bcd7seg3.$auto$proc_rom.cc:155:do_switch$123$rdmux[0][2][1]$b$692 [0] }
    Consolidated identical input bits for $mux cell $memory$flatten\u_bcd7seg3.$auto$proc_rom.cc:155:do_switch$123$rdmux[0][3][2]$705:
      Old ports: A=7'1001100, B=7'0100100, Y=$memory$flatten\u_bcd7seg3.$auto$proc_rom.cc:155:do_switch$123$rdmux[0][2][1]$a$691
      New ports: A=2'01, B=2'10, Y={ $memory$flatten\u_bcd7seg3.$auto$proc_rom.cc:155:do_switch$123$rdmux[0][2][1]$a$691 [5] $memory$flatten\u_bcd7seg3.$auto$proc_rom.cc:155:do_switch$123$rdmux[0][2][1]$a$691 [3] }
      New connections: { $memory$flatten\u_bcd7seg3.$auto$proc_rom.cc:155:do_switch$123$rdmux[0][2][1]$a$691 [6] $memory$flatten\u_bcd7seg3.$auto$proc_rom.cc:155:do_switch$123$rdmux[0][2][1]$a$691 [4] $memory$flatten\u_bcd7seg3.$auto$proc_rom.cc:155:do_switch$123$rdmux[0][2][1]$a$691 [2:0] } = { $memory$flatten\u_bcd7seg3.$auto$proc_rom.cc:155:do_switch$123$rdmux[0][2][1]$a$691 [3] 4'0100 }
    Consolidated identical input bits for $mux cell $memory$flatten\u_bcd7seg3.$auto$proc_rom.cc:155:do_switch$123$rdmux[0][3][1]$702:
      Old ports: A=7'0010010, B=7'0000110, Y=$memory$flatten\u_bcd7seg3.$auto$proc_rom.cc:155:do_switch$123$rdmux[0][2][0]$b$689
      New ports: A=2'10, B=2'01, Y={ $memory$flatten\u_bcd7seg3.$auto$proc_rom.cc:155:do_switch$123$rdmux[0][2][0]$b$689 [4] $memory$flatten\u_bcd7seg3.$auto$proc_rom.cc:155:do_switch$123$rdmux[0][2][0]$b$689 [2] }
      New connections: { $memory$flatten\u_bcd7seg3.$auto$proc_rom.cc:155:do_switch$123$rdmux[0][2][0]$b$689 [6:5] $memory$flatten\u_bcd7seg3.$auto$proc_rom.cc:155:do_switch$123$rdmux[0][2][0]$b$689 [3] $memory$flatten\u_bcd7seg3.$auto$proc_rom.cc:155:do_switch$123$rdmux[0][2][0]$b$689 [1:0] } = 5'00010
    Consolidated identical input bits for $mux cell $memory$flatten\u_bcd7seg3.$auto$proc_rom.cc:155:do_switch$123$rdmux[0][3][0]$699:
      Old ports: A=7'0000001, B=7'1001111, Y=$memory$flatten\u_bcd7seg3.$auto$proc_rom.cc:155:do_switch$123$rdmux[0][2][0]$a$688
      New ports: A=1'0, B=1'1, Y=$memory$flatten\u_bcd7seg3.$auto$proc_rom.cc:155:do_switch$123$rdmux[0][2][0]$a$688 [1]
      New connections: { $memory$flatten\u_bcd7seg3.$auto$proc_rom.cc:155:do_switch$123$rdmux[0][2][0]$a$688 [6:2] $memory$flatten\u_bcd7seg3.$auto$proc_rom.cc:155:do_switch$123$rdmux[0][2][0]$a$688 [0] } = { $memory$flatten\u_bcd7seg3.$auto$proc_rom.cc:155:do_switch$123$rdmux[0][2][0]$a$688 [1] 2'00 $memory$flatten\u_bcd7seg3.$auto$proc_rom.cc:155:do_switch$123$rdmux[0][2][0]$a$688 [1] $memory$flatten\u_bcd7seg3.$auto$proc_rom.cc:155:do_switch$123$rdmux[0][2][0]$a$688 [1] 1'1 }
    Consolidated identical input bits for $mux cell $memory$flatten\u_bcd7seg2.$auto$proc_rom.cc:155:do_switch$123$rdmux[0][3][6]$672:
      Old ports: A=7'0110001, B=7'1000010, Y=$memory$flatten\u_bcd7seg2.$auto$proc_rom.cc:155:do_switch$123$rdmux[0][2][3]$a$652
      New ports: A=2'01, B=2'10, Y=$memory$flatten\u_bcd7seg2.$auto$proc_rom.cc:155:do_switch$123$rdmux[0][2][3]$a$652 [1:0]
      New connections: $memory$flatten\u_bcd7seg2.$auto$proc_rom.cc:155:do_switch$123$rdmux[0][2][3]$a$652 [6:2] = { $memory$flatten\u_bcd7seg2.$auto$proc_rom.cc:155:do_switch$123$rdmux[0][2][3]$a$652 [1:0] $memory$flatten\u_bcd7seg2.$auto$proc_rom.cc:155:do_switch$123$rdmux[0][2][3]$a$652 [0] 2'00 }
    Consolidated identical input bits for $mux cell $memory$flatten\u_bcd7seg2.$auto$proc_rom.cc:155:do_switch$123$rdmux[0][3][5]$669:
      Old ports: A=7'0001000, B=7'1100000, Y=$memory$flatten\u_bcd7seg2.$auto$proc_rom.cc:155:do_switch$123$rdmux[0][2][2]$b$650
      New ports: A=2'01, B=2'10, Y={ $memory$flatten\u_bcd7seg2.$auto$proc_rom.cc:155:do_switch$123$rdmux[0][2][2]$b$650 [5] $memory$flatten\u_bcd7seg2.$auto$proc_rom.cc:155:do_switch$123$rdmux[0][2][2]$b$650 [3] }
      New connections: { $memory$flatten\u_bcd7seg2.$auto$proc_rom.cc:155:do_switch$123$rdmux[0][2][2]$b$650 [6] $memory$flatten\u_bcd7seg2.$auto$proc_rom.cc:155:do_switch$123$rdmux[0][2][2]$b$650 [4] $memory$flatten\u_bcd7seg2.$auto$proc_rom.cc:155:do_switch$123$rdmux[0][2][2]$b$650 [2:0] } = { $memory$flatten\u_bcd7seg2.$auto$proc_rom.cc:155:do_switch$123$rdmux[0][2][2]$b$650 [5] 4'0000 }
    Consolidated identical input bits for $mux cell $memory$flatten\u_bcd7seg2.$auto$proc_rom.cc:155:do_switch$123$rdmux[0][3][4]$666:
      Old ports: A=7'0000000, B=7'0000100, Y=$memory$flatten\u_bcd7seg2.$auto$proc_rom.cc:155:do_switch$123$rdmux[0][2][2]$a$649
      New ports: A=1'0, B=1'1, Y=$memory$flatten\u_bcd7seg2.$auto$proc_rom.cc:155:do_switch$123$rdmux[0][2][2]$a$649 [2]
      New connections: { $memory$flatten\u_bcd7seg2.$auto$proc_rom.cc:155:do_switch$123$rdmux[0][2][2]$a$649 [6:3] $memory$flatten\u_bcd7seg2.$auto$proc_rom.cc:155:do_switch$123$rdmux[0][2][2]$a$649 [1:0] } = 6'000000
    Consolidated identical input bits for $mux cell $memory$flatten\u_bcd7seg2.$auto$proc_rom.cc:155:do_switch$123$rdmux[0][3][3]$663:
      Old ports: A=7'0100000, B=7'0001111, Y=$memory$flatten\u_bcd7seg2.$auto$proc_rom.cc:155:do_switch$123$rdmux[0][2][1]$b$647
      New ports: A=2'10, B=2'01, Y={ $memory$flatten\u_bcd7seg2.$auto$proc_rom.cc:155:do_switch$123$rdmux[0][2][1]$b$647 [5] $memory$flatten\u_bcd7seg2.$auto$proc_rom.cc:155:do_switch$123$rdmux[0][2][1]$b$647 [0] }
      New connections: { $memory$flatten\u_bcd7seg2.$auto$proc_rom.cc:155:do_switch$123$rdmux[0][2][1]$b$647 [6] $memory$flatten\u_bcd7seg2.$auto$proc_rom.cc:155:do_switch$123$rdmux[0][2][1]$b$647 [4:1] } = { 2'00 $memory$flatten\u_bcd7seg2.$auto$proc_rom.cc:155:do_switch$123$rdmux[0][2][1]$b$647 [0] $memory$flatten\u_bcd7seg2.$auto$proc_rom.cc:155:do_switch$123$rdmux[0][2][1]$b$647 [0] $memory$flatten\u_bcd7seg2.$auto$proc_rom.cc:155:do_switch$123$rdmux[0][2][1]$b$647 [0] }
    Consolidated identical input bits for $mux cell $memory$flatten\u_bcd7seg2.$auto$proc_rom.cc:155:do_switch$123$rdmux[0][3][2]$660:
      Old ports: A=7'1001100, B=7'0100100, Y=$memory$flatten\u_bcd7seg2.$auto$proc_rom.cc:155:do_switch$123$rdmux[0][2][1]$a$646
      New ports: A=2'01, B=2'10, Y={ $memory$flatten\u_bcd7seg2.$auto$proc_rom.cc:155:do_switch$123$rdmux[0][2][1]$a$646 [5] $memory$flatten\u_bcd7seg2.$auto$proc_rom.cc:155:do_switch$123$rdmux[0][2][1]$a$646 [3] }
      New connections: { $memory$flatten\u_bcd7seg2.$auto$proc_rom.cc:155:do_switch$123$rdmux[0][2][1]$a$646 [6] $memory$flatten\u_bcd7seg2.$auto$proc_rom.cc:155:do_switch$123$rdmux[0][2][1]$a$646 [4] $memory$flatten\u_bcd7seg2.$auto$proc_rom.cc:155:do_switch$123$rdmux[0][2][1]$a$646 [2:0] } = { $memory$flatten\u_bcd7seg2.$auto$proc_rom.cc:155:do_switch$123$rdmux[0][2][1]$a$646 [3] 4'0100 }
    Consolidated identical input bits for $mux cell $memory$flatten\u_bcd7seg2.$auto$proc_rom.cc:155:do_switch$123$rdmux[0][3][1]$657:
      Old ports: A=7'0010010, B=7'0000110, Y=$memory$flatten\u_bcd7seg2.$auto$proc_rom.cc:155:do_switch$123$rdmux[0][2][0]$b$644
      New ports: A=2'10, B=2'01, Y={ $memory$flatten\u_bcd7seg2.$auto$proc_rom.cc:155:do_switch$123$rdmux[0][2][0]$b$644 [4] $memory$flatten\u_bcd7seg2.$auto$proc_rom.cc:155:do_switch$123$rdmux[0][2][0]$b$644 [2] }
      New connections: { $memory$flatten\u_bcd7seg2.$auto$proc_rom.cc:155:do_switch$123$rdmux[0][2][0]$b$644 [6:5] $memory$flatten\u_bcd7seg2.$auto$proc_rom.cc:155:do_switch$123$rdmux[0][2][0]$b$644 [3] $memory$flatten\u_bcd7seg2.$auto$proc_rom.cc:155:do_switch$123$rdmux[0][2][0]$b$644 [1:0] } = 5'00010
    Consolidated identical input bits for $mux cell $memory$flatten\u_bcd7seg2.$auto$proc_rom.cc:155:do_switch$123$rdmux[0][3][0]$654:
      Old ports: A=7'0000001, B=7'1001111, Y=$memory$flatten\u_bcd7seg2.$auto$proc_rom.cc:155:do_switch$123$rdmux[0][2][0]$a$643
      New ports: A=1'0, B=1'1, Y=$memory$flatten\u_bcd7seg2.$auto$proc_rom.cc:155:do_switch$123$rdmux[0][2][0]$a$643 [1]
      New connections: { $memory$flatten\u_bcd7seg2.$auto$proc_rom.cc:155:do_switch$123$rdmux[0][2][0]$a$643 [6:2] $memory$flatten\u_bcd7seg2.$auto$proc_rom.cc:155:do_switch$123$rdmux[0][2][0]$a$643 [0] } = { $memory$flatten\u_bcd7seg2.$auto$proc_rom.cc:155:do_switch$123$rdmux[0][2][0]$a$643 [1] 2'00 $memory$flatten\u_bcd7seg2.$auto$proc_rom.cc:155:do_switch$123$rdmux[0][2][0]$a$643 [1] $memory$flatten\u_bcd7seg2.$auto$proc_rom.cc:155:do_switch$123$rdmux[0][2][0]$a$643 [1] 1'1 }
    Consolidated identical input bits for $mux cell $memory$flatten\u_bcd7seg1.$auto$proc_rom.cc:155:do_switch$123$rdmux[0][3][6]$627:
      Old ports: A=7'0110001, B=7'1000010, Y=$memory$flatten\u_bcd7seg1.$auto$proc_rom.cc:155:do_switch$123$rdmux[0][2][3]$a$607
      New ports: A=2'01, B=2'10, Y=$memory$flatten\u_bcd7seg1.$auto$proc_rom.cc:155:do_switch$123$rdmux[0][2][3]$a$607 [1:0]
      New connections: $memory$flatten\u_bcd7seg1.$auto$proc_rom.cc:155:do_switch$123$rdmux[0][2][3]$a$607 [6:2] = { $memory$flatten\u_bcd7seg1.$auto$proc_rom.cc:155:do_switch$123$rdmux[0][2][3]$a$607 [1:0] $memory$flatten\u_bcd7seg1.$auto$proc_rom.cc:155:do_switch$123$rdmux[0][2][3]$a$607 [0] 2'00 }
    Consolidated identical input bits for $mux cell $memory$flatten\u_bcd7seg1.$auto$proc_rom.cc:155:do_switch$123$rdmux[0][3][5]$624:
      Old ports: A=7'0001000, B=7'1100000, Y=$memory$flatten\u_bcd7seg1.$auto$proc_rom.cc:155:do_switch$123$rdmux[0][2][2]$b$605
      New ports: A=2'01, B=2'10, Y={ $memory$flatten\u_bcd7seg1.$auto$proc_rom.cc:155:do_switch$123$rdmux[0][2][2]$b$605 [5] $memory$flatten\u_bcd7seg1.$auto$proc_rom.cc:155:do_switch$123$rdmux[0][2][2]$b$605 [3] }
      New connections: { $memory$flatten\u_bcd7seg1.$auto$proc_rom.cc:155:do_switch$123$rdmux[0][2][2]$b$605 [6] $memory$flatten\u_bcd7seg1.$auto$proc_rom.cc:155:do_switch$123$rdmux[0][2][2]$b$605 [4] $memory$flatten\u_bcd7seg1.$auto$proc_rom.cc:155:do_switch$123$rdmux[0][2][2]$b$605 [2:0] } = { $memory$flatten\u_bcd7seg1.$auto$proc_rom.cc:155:do_switch$123$rdmux[0][2][2]$b$605 [5] 4'0000 }
    Consolidated identical input bits for $mux cell $memory$flatten\u_bcd7seg1.$auto$proc_rom.cc:155:do_switch$123$rdmux[0][3][4]$621:
      Old ports: A=7'0000000, B=7'0000100, Y=$memory$flatten\u_bcd7seg1.$auto$proc_rom.cc:155:do_switch$123$rdmux[0][2][2]$a$604
      New ports: A=1'0, B=1'1, Y=$memory$flatten\u_bcd7seg1.$auto$proc_rom.cc:155:do_switch$123$rdmux[0][2][2]$a$604 [2]
      New connections: { $memory$flatten\u_bcd7seg1.$auto$proc_rom.cc:155:do_switch$123$rdmux[0][2][2]$a$604 [6:3] $memory$flatten\u_bcd7seg1.$auto$proc_rom.cc:155:do_switch$123$rdmux[0][2][2]$a$604 [1:0] } = 6'000000
    Consolidated identical input bits for $mux cell $memory$flatten\u_bcd7seg1.$auto$proc_rom.cc:155:do_switch$123$rdmux[0][3][3]$618:
      Old ports: A=7'0100000, B=7'0001111, Y=$memory$flatten\u_bcd7seg1.$auto$proc_rom.cc:155:do_switch$123$rdmux[0][2][1]$b$602
      New ports: A=2'10, B=2'01, Y={ $memory$flatten\u_bcd7seg1.$auto$proc_rom.cc:155:do_switch$123$rdmux[0][2][1]$b$602 [5] $memory$flatten\u_bcd7seg1.$auto$proc_rom.cc:155:do_switch$123$rdmux[0][2][1]$b$602 [0] }
      New connections: { $memory$flatten\u_bcd7seg1.$auto$proc_rom.cc:155:do_switch$123$rdmux[0][2][1]$b$602 [6] $memory$flatten\u_bcd7seg1.$auto$proc_rom.cc:155:do_switch$123$rdmux[0][2][1]$b$602 [4:1] } = { 2'00 $memory$flatten\u_bcd7seg1.$auto$proc_rom.cc:155:do_switch$123$rdmux[0][2][1]$b$602 [0] $memory$flatten\u_bcd7seg1.$auto$proc_rom.cc:155:do_switch$123$rdmux[0][2][1]$b$602 [0] $memory$flatten\u_bcd7seg1.$auto$proc_rom.cc:155:do_switch$123$rdmux[0][2][1]$b$602 [0] }
    Consolidated identical input bits for $mux cell $memory$flatten\u_bcd7seg1.$auto$proc_rom.cc:155:do_switch$123$rdmux[0][3][2]$615:
      Old ports: A=7'1001100, B=7'0100100, Y=$memory$flatten\u_bcd7seg1.$auto$proc_rom.cc:155:do_switch$123$rdmux[0][2][1]$a$601
      New ports: A=2'01, B=2'10, Y={ $memory$flatten\u_bcd7seg1.$auto$proc_rom.cc:155:do_switch$123$rdmux[0][2][1]$a$601 [5] $memory$flatten\u_bcd7seg1.$auto$proc_rom.cc:155:do_switch$123$rdmux[0][2][1]$a$601 [3] }
      New connections: { $memory$flatten\u_bcd7seg1.$auto$proc_rom.cc:155:do_switch$123$rdmux[0][2][1]$a$601 [6] $memory$flatten\u_bcd7seg1.$auto$proc_rom.cc:155:do_switch$123$rdmux[0][2][1]$a$601 [4] $memory$flatten\u_bcd7seg1.$auto$proc_rom.cc:155:do_switch$123$rdmux[0][2][1]$a$601 [2:0] } = { $memory$flatten\u_bcd7seg1.$auto$proc_rom.cc:155:do_switch$123$rdmux[0][2][1]$a$601 [3] 4'0100 }
    Consolidated identical input bits for $mux cell $memory$flatten\u_bcd7seg1.$auto$proc_rom.cc:155:do_switch$123$rdmux[0][3][1]$612:
      Old ports: A=7'0010010, B=7'0000110, Y=$memory$flatten\u_bcd7seg1.$auto$proc_rom.cc:155:do_switch$123$rdmux[0][2][0]$b$599
      New ports: A=2'10, B=2'01, Y={ $memory$flatten\u_bcd7seg1.$auto$proc_rom.cc:155:do_switch$123$rdmux[0][2][0]$b$599 [4] $memory$flatten\u_bcd7seg1.$auto$proc_rom.cc:155:do_switch$123$rdmux[0][2][0]$b$599 [2] }
      New connections: { $memory$flatten\u_bcd7seg1.$auto$proc_rom.cc:155:do_switch$123$rdmux[0][2][0]$b$599 [6:5] $memory$flatten\u_bcd7seg1.$auto$proc_rom.cc:155:do_switch$123$rdmux[0][2][0]$b$599 [3] $memory$flatten\u_bcd7seg1.$auto$proc_rom.cc:155:do_switch$123$rdmux[0][2][0]$b$599 [1:0] } = 5'00010
    Consolidated identical input bits for $mux cell $memory$flatten\u_bcd7seg1.$auto$proc_rom.cc:155:do_switch$123$rdmux[0][3][0]$609:
      Old ports: A=7'0000001, B=7'1001111, Y=$memory$flatten\u_bcd7seg1.$auto$proc_rom.cc:155:do_switch$123$rdmux[0][2][0]$a$598
      New ports: A=1'0, B=1'1, Y=$memory$flatten\u_bcd7seg1.$auto$proc_rom.cc:155:do_switch$123$rdmux[0][2][0]$a$598 [1]
      New connections: { $memory$flatten\u_bcd7seg1.$auto$proc_rom.cc:155:do_switch$123$rdmux[0][2][0]$a$598 [6:2] $memory$flatten\u_bcd7seg1.$auto$proc_rom.cc:155:do_switch$123$rdmux[0][2][0]$a$598 [0] } = { $memory$flatten\u_bcd7seg1.$auto$proc_rom.cc:155:do_switch$123$rdmux[0][2][0]$a$598 [1] 2'00 $memory$flatten\u_bcd7seg1.$auto$proc_rom.cc:155:do_switch$123$rdmux[0][2][0]$a$598 [1] $memory$flatten\u_bcd7seg1.$auto$proc_rom.cc:155:do_switch$123$rdmux[0][2][0]$a$598 [1] 1'1 }
    Consolidated identical input bits for $mux cell $memory$flatten\u_bcd7seg0.$auto$proc_rom.cc:155:do_switch$123$rdmux[0][3][6]$582:
      Old ports: A=7'0110001, B=7'1000010, Y=$memory$flatten\u_bcd7seg0.$auto$proc_rom.cc:155:do_switch$123$rdmux[0][2][3]$a$562
      New ports: A=2'01, B=2'10, Y=$memory$flatten\u_bcd7seg0.$auto$proc_rom.cc:155:do_switch$123$rdmux[0][2][3]$a$562 [1:0]
      New connections: $memory$flatten\u_bcd7seg0.$auto$proc_rom.cc:155:do_switch$123$rdmux[0][2][3]$a$562 [6:2] = { $memory$flatten\u_bcd7seg0.$auto$proc_rom.cc:155:do_switch$123$rdmux[0][2][3]$a$562 [1:0] $memory$flatten\u_bcd7seg0.$auto$proc_rom.cc:155:do_switch$123$rdmux[0][2][3]$a$562 [0] 2'00 }
    Consolidated identical input bits for $mux cell $memory$flatten\u_bcd7seg0.$auto$proc_rom.cc:155:do_switch$123$rdmux[0][3][5]$579:
      Old ports: A=7'0001000, B=7'1100000, Y=$memory$flatten\u_bcd7seg0.$auto$proc_rom.cc:155:do_switch$123$rdmux[0][2][2]$b$560
      New ports: A=2'01, B=2'10, Y={ $memory$flatten\u_bcd7seg0.$auto$proc_rom.cc:155:do_switch$123$rdmux[0][2][2]$b$560 [5] $memory$flatten\u_bcd7seg0.$auto$proc_rom.cc:155:do_switch$123$rdmux[0][2][2]$b$560 [3] }
      New connections: { $memory$flatten\u_bcd7seg0.$auto$proc_rom.cc:155:do_switch$123$rdmux[0][2][2]$b$560 [6] $memory$flatten\u_bcd7seg0.$auto$proc_rom.cc:155:do_switch$123$rdmux[0][2][2]$b$560 [4] $memory$flatten\u_bcd7seg0.$auto$proc_rom.cc:155:do_switch$123$rdmux[0][2][2]$b$560 [2:0] } = { $memory$flatten\u_bcd7seg0.$auto$proc_rom.cc:155:do_switch$123$rdmux[0][2][2]$b$560 [5] 4'0000 }
    Consolidated identical input bits for $mux cell $memory$flatten\u_bcd7seg0.$auto$proc_rom.cc:155:do_switch$123$rdmux[0][3][4]$576:
      Old ports: A=7'0000000, B=7'0000100, Y=$memory$flatten\u_bcd7seg0.$auto$proc_rom.cc:155:do_switch$123$rdmux[0][2][2]$a$559
      New ports: A=1'0, B=1'1, Y=$memory$flatten\u_bcd7seg0.$auto$proc_rom.cc:155:do_switch$123$rdmux[0][2][2]$a$559 [2]
      New connections: { $memory$flatten\u_bcd7seg0.$auto$proc_rom.cc:155:do_switch$123$rdmux[0][2][2]$a$559 [6:3] $memory$flatten\u_bcd7seg0.$auto$proc_rom.cc:155:do_switch$123$rdmux[0][2][2]$a$559 [1:0] } = 6'000000
    Consolidated identical input bits for $mux cell $memory$flatten\u_bcd7seg0.$auto$proc_rom.cc:155:do_switch$123$rdmux[0][3][3]$573:
      Old ports: A=7'0100000, B=7'0001111, Y=$memory$flatten\u_bcd7seg0.$auto$proc_rom.cc:155:do_switch$123$rdmux[0][2][1]$b$557
      New ports: A=2'10, B=2'01, Y={ $memory$flatten\u_bcd7seg0.$auto$proc_rom.cc:155:do_switch$123$rdmux[0][2][1]$b$557 [5] $memory$flatten\u_bcd7seg0.$auto$proc_rom.cc:155:do_switch$123$rdmux[0][2][1]$b$557 [0] }
      New connections: { $memory$flatten\u_bcd7seg0.$auto$proc_rom.cc:155:do_switch$123$rdmux[0][2][1]$b$557 [6] $memory$flatten\u_bcd7seg0.$auto$proc_rom.cc:155:do_switch$123$rdmux[0][2][1]$b$557 [4:1] } = { 2'00 $memory$flatten\u_bcd7seg0.$auto$proc_rom.cc:155:do_switch$123$rdmux[0][2][1]$b$557 [0] $memory$flatten\u_bcd7seg0.$auto$proc_rom.cc:155:do_switch$123$rdmux[0][2][1]$b$557 [0] $memory$flatten\u_bcd7seg0.$auto$proc_rom.cc:155:do_switch$123$rdmux[0][2][1]$b$557 [0] }
    Consolidated identical input bits for $mux cell $memory$flatten\u_bcd7seg0.$auto$proc_rom.cc:155:do_switch$123$rdmux[0][3][2]$570:
      Old ports: A=7'1001100, B=7'0100100, Y=$memory$flatten\u_bcd7seg0.$auto$proc_rom.cc:155:do_switch$123$rdmux[0][2][1]$a$556
      New ports: A=2'01, B=2'10, Y={ $memory$flatten\u_bcd7seg0.$auto$proc_rom.cc:155:do_switch$123$rdmux[0][2][1]$a$556 [5] $memory$flatten\u_bcd7seg0.$auto$proc_rom.cc:155:do_switch$123$rdmux[0][2][1]$a$556 [3] }
      New connections: { $memory$flatten\u_bcd7seg0.$auto$proc_rom.cc:155:do_switch$123$rdmux[0][2][1]$a$556 [6] $memory$flatten\u_bcd7seg0.$auto$proc_rom.cc:155:do_switch$123$rdmux[0][2][1]$a$556 [4] $memory$flatten\u_bcd7seg0.$auto$proc_rom.cc:155:do_switch$123$rdmux[0][2][1]$a$556 [2:0] } = { $memory$flatten\u_bcd7seg0.$auto$proc_rom.cc:155:do_switch$123$rdmux[0][2][1]$a$556 [3] 4'0100 }
    Consolidated identical input bits for $mux cell $memory$flatten\u_bcd7seg0.$auto$proc_rom.cc:155:do_switch$123$rdmux[0][3][1]$567:
      Old ports: A=7'0010010, B=7'0000110, Y=$memory$flatten\u_bcd7seg0.$auto$proc_rom.cc:155:do_switch$123$rdmux[0][2][0]$b$554
      New ports: A=2'10, B=2'01, Y={ $memory$flatten\u_bcd7seg0.$auto$proc_rom.cc:155:do_switch$123$rdmux[0][2][0]$b$554 [4] $memory$flatten\u_bcd7seg0.$auto$proc_rom.cc:155:do_switch$123$rdmux[0][2][0]$b$554 [2] }
      New connections: { $memory$flatten\u_bcd7seg0.$auto$proc_rom.cc:155:do_switch$123$rdmux[0][2][0]$b$554 [6:5] $memory$flatten\u_bcd7seg0.$auto$proc_rom.cc:155:do_switch$123$rdmux[0][2][0]$b$554 [3] $memory$flatten\u_bcd7seg0.$auto$proc_rom.cc:155:do_switch$123$rdmux[0][2][0]$b$554 [1:0] } = 5'00010
    Consolidated identical input bits for $mux cell $memory$flatten\u_bcd7seg0.$auto$proc_rom.cc:155:do_switch$123$rdmux[0][3][0]$564:
      Old ports: A=7'0000001, B=7'1001111, Y=$memory$flatten\u_bcd7seg0.$auto$proc_rom.cc:155:do_switch$123$rdmux[0][2][0]$a$553
      New ports: A=1'0, B=1'1, Y=$memory$flatten\u_bcd7seg0.$auto$proc_rom.cc:155:do_switch$123$rdmux[0][2][0]$a$553 [1]
      New connections: { $memory$flatten\u_bcd7seg0.$auto$proc_rom.cc:155:do_switch$123$rdmux[0][2][0]$a$553 [6:2] $memory$flatten\u_bcd7seg0.$auto$proc_rom.cc:155:do_switch$123$rdmux[0][2][0]$a$553 [0] } = { $memory$flatten\u_bcd7seg0.$auto$proc_rom.cc:155:do_switch$123$rdmux[0][2][0]$a$553 [1] 2'00 $memory$flatten\u_bcd7seg0.$auto$proc_rom.cc:155:do_switch$123$rdmux[0][2][0]$a$553 [1] $memory$flatten\u_bcd7seg0.$auto$proc_rom.cc:155:do_switch$123$rdmux[0][2][0]$a$553 [1] 1'1 }
    Consolidated identical input bits for $mux cell $memory$flatten\u_bcd7seg0.$auto$proc_rom.cc:155:do_switch$123$rdmux[0][3][7]$585:
      Old ports: A=7'0110000, B=7'0111000, Y=$memory$flatten\u_bcd7seg0.$auto$proc_rom.cc:155:do_switch$123$rdmux[0][2][3]$b$563
      New ports: A=1'0, B=1'1, Y=$memory$flatten\u_bcd7seg0.$auto$proc_rom.cc:155:do_switch$123$rdmux[0][2][3]$b$563 [3]
      New connections: { $memory$flatten\u_bcd7seg0.$auto$proc_rom.cc:155:do_switch$123$rdmux[0][2][3]$b$563 [6:4] $memory$flatten\u_bcd7seg0.$auto$proc_rom.cc:155:do_switch$123$rdmux[0][2][3]$b$563 [2:0] } = 6'011000
    Consolidated identical input bits for $mux cell $memory$flatten\u_bcd7seg1.$auto$proc_rom.cc:155:do_switch$123$rdmux[0][3][7]$630:
      Old ports: A=7'0110000, B=7'0111000, Y=$memory$flatten\u_bcd7seg1.$auto$proc_rom.cc:155:do_switch$123$rdmux[0][2][3]$b$608
      New ports: A=1'0, B=1'1, Y=$memory$flatten\u_bcd7seg1.$auto$proc_rom.cc:155:do_switch$123$rdmux[0][2][3]$b$608 [3]
      New connections: { $memory$flatten\u_bcd7seg1.$auto$proc_rom.cc:155:do_switch$123$rdmux[0][2][3]$b$608 [6:4] $memory$flatten\u_bcd7seg1.$auto$proc_rom.cc:155:do_switch$123$rdmux[0][2][3]$b$608 [2:0] } = 6'011000
    Consolidated identical input bits for $mux cell $memory$flatten\u_bcd7seg2.$auto$proc_rom.cc:155:do_switch$123$rdmux[0][3][7]$675:
      Old ports: A=7'0110000, B=7'0111000, Y=$memory$flatten\u_bcd7seg2.$auto$proc_rom.cc:155:do_switch$123$rdmux[0][2][3]$b$653
      New ports: A=1'0, B=1'1, Y=$memory$flatten\u_bcd7seg2.$auto$proc_rom.cc:155:do_switch$123$rdmux[0][2][3]$b$653 [3]
      New connections: { $memory$flatten\u_bcd7seg2.$auto$proc_rom.cc:155:do_switch$123$rdmux[0][2][3]$b$653 [6:4] $memory$flatten\u_bcd7seg2.$auto$proc_rom.cc:155:do_switch$123$rdmux[0][2][3]$b$653 [2:0] } = 6'011000
    Consolidated identical input bits for $mux cell $memory$flatten\u_bcd7seg3.$auto$proc_rom.cc:155:do_switch$123$rdmux[0][3][7]$720:
      Old ports: A=7'0110000, B=7'0111000, Y=$memory$flatten\u_bcd7seg3.$auto$proc_rom.cc:155:do_switch$123$rdmux[0][2][3]$b$698
      New ports: A=1'0, B=1'1, Y=$memory$flatten\u_bcd7seg3.$auto$proc_rom.cc:155:do_switch$123$rdmux[0][2][3]$b$698 [3]
      New connections: { $memory$flatten\u_bcd7seg3.$auto$proc_rom.cc:155:do_switch$123$rdmux[0][2][3]$b$698 [6:4] $memory$flatten\u_bcd7seg3.$auto$proc_rom.cc:155:do_switch$123$rdmux[0][2][3]$b$698 [2:0] } = 6'011000
    Consolidated identical input bits for $mux cell $memory$flatten\u_bcd7seg7.$auto$proc_rom.cc:155:do_switch$123$rdmux[0][3][7]$765:
      Old ports: A=7'0110000, B=7'0111000, Y=$memory$flatten\u_bcd7seg7.$auto$proc_rom.cc:155:do_switch$123$rdmux[0][2][3]$b$743
      New ports: A=1'0, B=1'1, Y=$memory$flatten\u_bcd7seg7.$auto$proc_rom.cc:155:do_switch$123$rdmux[0][2][3]$b$743 [3]
      New connections: { $memory$flatten\u_bcd7seg7.$auto$proc_rom.cc:155:do_switch$123$rdmux[0][2][3]$b$743 [6:4] $memory$flatten\u_bcd7seg7.$auto$proc_rom.cc:155:do_switch$123$rdmux[0][2][3]$b$743 [2:0] } = 6'011000
    Consolidated identical input bits for $mux cell $memory$flatten\u_bcd7seg8.$auto$proc_rom.cc:155:do_switch$123$rdmux[0][3][7]$810:
      Old ports: A=7'0110000, B=7'0111000, Y=$memory$flatten\u_bcd7seg8.$auto$proc_rom.cc:155:do_switch$123$rdmux[0][2][3]$b$788
      New ports: A=1'0, B=1'1, Y=$memory$flatten\u_bcd7seg8.$auto$proc_rom.cc:155:do_switch$123$rdmux[0][2][3]$b$788 [3]
      New connections: { $memory$flatten\u_bcd7seg8.$auto$proc_rom.cc:155:do_switch$123$rdmux[0][2][3]$b$788 [6:4] $memory$flatten\u_bcd7seg8.$auto$proc_rom.cc:155:do_switch$123$rdmux[0][2][3]$b$788 [2:0] } = 6'011000
    Consolidated identical input bits for $mux cell $flatten\u_keyLUT.$procmux$331:
      Old ports: A={ 1'0 $flatten\u_keyLUT.$auto$proc_rom.cc:154:do_switch$126 [6:0] }, B=8'00000000, Y=\ascii
      New ports: A=$flatten\u_keyLUT.$auto$proc_rom.cc:154:do_switch$126 [6:0], B=7'0000000, Y=\ascii [6:0]
      New connections: \ascii [7] = 1'0
  Optimizing cells in module \top_e7.
    Consolidated identical input bits for $mux cell $memory$flatten\u_keyLUT.$auto$proc_rom.cc:155:do_switch$127$rdmux[0][5][19]$963:
      Old ports: A=$memory$flatten\u_keyLUT.$auto$proc_rom.cc:155:do_switch$127$rdmux[0][5][19]$a$964, B=7'0000000, Y=$memory$flatten\u_keyLUT.$auto$proc_rom.cc:155:do_switch$127$rdmux[0][4][9]$b$887
      New ports: A=$memory$flatten\u_keyLUT.$auto$proc_rom.cc:155:do_switch$127$rdmux[0][5][19]$a$964 [4], B=1'0, Y=$memory$flatten\u_keyLUT.$auto$proc_rom.cc:155:do_switch$127$rdmux[0][4][9]$b$887 [4]
      New connections: { $memory$flatten\u_keyLUT.$auto$proc_rom.cc:155:do_switch$127$rdmux[0][4][9]$b$887 [6:5] $memory$flatten\u_keyLUT.$auto$proc_rom.cc:155:do_switch$127$rdmux[0][4][9]$b$887 [3:0] } = { $memory$flatten\u_keyLUT.$auto$proc_rom.cc:155:do_switch$127$rdmux[0][4][9]$b$887 [4] $memory$flatten\u_keyLUT.$auto$proc_rom.cc:155:do_switch$127$rdmux[0][4][9]$b$887 [4] 4'0000 }
    Consolidated identical input bits for $mux cell $memory$flatten\u_keyLUT.$auto$proc_rom.cc:155:do_switch$127$rdmux[0][5][18]$960:
      Old ports: A=7'0000000, B=$memory$flatten\u_keyLUT.$auto$proc_rom.cc:155:do_switch$127$rdmux[0][5][18]$b$962, Y=$memory$flatten\u_keyLUT.$auto$proc_rom.cc:155:do_switch$127$rdmux[0][4][9]$a$886
      New ports: A=1'0, B=$memory$flatten\u_keyLUT.$auto$proc_rom.cc:155:do_switch$127$rdmux[0][5][18]$b$962 [2], Y=$memory$flatten\u_keyLUT.$auto$proc_rom.cc:155:do_switch$127$rdmux[0][4][9]$a$886 [2]
      New connections: { $memory$flatten\u_keyLUT.$auto$proc_rom.cc:155:do_switch$127$rdmux[0][4][9]$a$886 [6:3] $memory$flatten\u_keyLUT.$auto$proc_rom.cc:155:do_switch$127$rdmux[0][4][9]$a$886 [1:0] } = { $memory$flatten\u_keyLUT.$auto$proc_rom.cc:155:do_switch$127$rdmux[0][4][9]$a$886 [2] $memory$flatten\u_keyLUT.$auto$proc_rom.cc:155:do_switch$127$rdmux[0][4][9]$a$886 [2] 1'0 $memory$flatten\u_keyLUT.$auto$proc_rom.cc:155:do_switch$127$rdmux[0][4][9]$a$886 [2] 2'00 }
    Consolidated identical input bits for $mux cell $memory$flatten\u_keyLUT.$auto$proc_rom.cc:155:do_switch$127$rdmux[0][5][17]$957:
      Old ports: A=$memory$flatten\u_keyLUT.$auto$proc_rom.cc:155:do_switch$127$rdmux[0][5][17]$a$958, B=$memory$flatten\u_keyLUT.$auto$proc_rom.cc:155:do_switch$127$rdmux[0][5][17]$b$959, Y=$memory$flatten\u_keyLUT.$auto$proc_rom.cc:155:do_switch$127$rdmux[0][4][8]$b$884
      New ports: A={ 1'1 $memory$flatten\u_keyLUT.$auto$proc_rom.cc:155:do_switch$127$rdmux[0][5][17]$a$958 [4] $memory$flatten\u_keyLUT.$auto$proc_rom.cc:155:do_switch$127$rdmux[0][5][17]$a$958 [0] $memory$flatten\u_keyLUT.$auto$proc_rom.cc:155:do_switch$127$rdmux[0][5][17]$a$958 [0] }, B={ $memory$flatten\u_keyLUT.$auto$proc_rom.cc:155:do_switch$127$rdmux[0][5][17]$b$959 [0] $memory$flatten\u_keyLUT.$auto$proc_rom.cc:155:do_switch$127$rdmux[0][5][17]$b$959 [0] 1'0 $memory$flatten\u_keyLUT.$auto$proc_rom.cc:155:do_switch$127$rdmux[0][5][17]$b$959 [0] }, Y={ $memory$flatten\u_keyLUT.$auto$proc_rom.cc:155:do_switch$127$rdmux[0][4][8]$b$884 [5:4] $memory$flatten\u_keyLUT.$auto$proc_rom.cc:155:do_switch$127$rdmux[0][4][8]$b$884 [1:0] }
      New connections: { $memory$flatten\u_keyLUT.$auto$proc_rom.cc:155:do_switch$127$rdmux[0][4][8]$b$884 [6] $memory$flatten\u_keyLUT.$auto$proc_rom.cc:155:do_switch$127$rdmux[0][4][8]$b$884 [3:2] } = { $memory$flatten\u_keyLUT.$auto$proc_rom.cc:155:do_switch$127$rdmux[0][4][8]$b$884 [1:0] $memory$flatten\u_keyLUT.$auto$proc_rom.cc:155:do_switch$127$rdmux[0][4][8]$b$884 [1] }
    Consolidated identical input bits for $mux cell $memory$flatten\u_keyLUT.$auto$proc_rom.cc:155:do_switch$127$rdmux[0][5][16]$954:
      Old ports: A=7'0000000, B=$memory$flatten\u_keyLUT.$auto$proc_rom.cc:155:do_switch$127$rdmux[0][5][16]$b$956, Y=$memory$flatten\u_keyLUT.$auto$proc_rom.cc:155:do_switch$127$rdmux[0][4][8]$a$883
      New ports: A=2'00, B={ $memory$flatten\u_keyLUT.$auto$proc_rom.cc:155:do_switch$127$rdmux[0][5][16]$b$956 [1] 1'1 }, Y=$memory$flatten\u_keyLUT.$auto$proc_rom.cc:155:do_switch$127$rdmux[0][4][8]$a$883 [1:0]
      New connections: $memory$flatten\u_keyLUT.$auto$proc_rom.cc:155:do_switch$127$rdmux[0][4][8]$a$883 [6:2] = { $memory$flatten\u_keyLUT.$auto$proc_rom.cc:155:do_switch$127$rdmux[0][4][8]$a$883 [0] $memory$flatten\u_keyLUT.$auto$proc_rom.cc:155:do_switch$127$rdmux[0][4][8]$a$883 [0] 1'0 $memory$flatten\u_keyLUT.$auto$proc_rom.cc:155:do_switch$127$rdmux[0][4][8]$a$883 [0] 1'0 }
    Consolidated identical input bits for $mux cell $memory$flatten\u_keyLUT.$auto$proc_rom.cc:155:do_switch$127$rdmux[0][5][15]$951:
      Old ports: A=$memory$flatten\u_keyLUT.$auto$proc_rom.cc:155:do_switch$127$rdmux[0][5][15]$a$952, B=$memory$flatten\u_keyLUT.$auto$proc_rom.cc:155:do_switch$127$rdmux[0][5][15]$b$953, Y=$memory$flatten\u_keyLUT.$auto$proc_rom.cc:155:do_switch$127$rdmux[0][4][7]$b$881
      New ports: A={ $memory$flatten\u_keyLUT.$auto$proc_rom.cc:155:do_switch$127$rdmux[0][5][15]$a$952 [6] 2'10 $memory$flatten\u_keyLUT.$auto$proc_rom.cc:155:do_switch$127$rdmux[0][5][15]$a$952 [1] 1'1 }, B={ 1'0 $memory$flatten\u_keyLUT.$auto$proc_rom.cc:155:do_switch$127$rdmux[0][5][15]$b$953 [3] $memory$flatten\u_keyLUT.$auto$proc_rom.cc:155:do_switch$127$rdmux[0][5][15]$b$953 [3] 2'00 }, Y={ $memory$flatten\u_keyLUT.$auto$proc_rom.cc:155:do_switch$127$rdmux[0][4][7]$b$881 [6] $memory$flatten\u_keyLUT.$auto$proc_rom.cc:155:do_switch$127$rdmux[0][4][7]$b$881 [4:3] $memory$flatten\u_keyLUT.$auto$proc_rom.cc:155:do_switch$127$rdmux[0][4][7]$b$881 [1:0] }
      New connections: { $memory$flatten\u_keyLUT.$auto$proc_rom.cc:155:do_switch$127$rdmux[0][4][7]$b$881 [5] $memory$flatten\u_keyLUT.$auto$proc_rom.cc:155:do_switch$127$rdmux[0][4][7]$b$881 [2] } = { $memory$flatten\u_keyLUT.$auto$proc_rom.cc:155:do_switch$127$rdmux[0][4][7]$b$881 [4] $memory$flatten\u_keyLUT.$auto$proc_rom.cc:155:do_switch$127$rdmux[0][4][7]$b$881 [0] }
    Consolidated identical input bits for $mux cell $memory$flatten\u_keyLUT.$auto$proc_rom.cc:155:do_switch$127$rdmux[0][5][14]$948:
      Old ports: A=7'0000000, B=$memory$flatten\u_keyLUT.$auto$proc_rom.cc:155:do_switch$127$rdmux[0][5][14]$b$950, Y=$memory$flatten\u_keyLUT.$auto$proc_rom.cc:155:do_switch$127$rdmux[0][4][7]$a$880
      New ports: A=3'000, B={ 1'1 $memory$flatten\u_keyLUT.$auto$proc_rom.cc:155:do_switch$127$rdmux[0][5][14]$b$950 [1:0] }, Y={ $memory$flatten\u_keyLUT.$auto$proc_rom.cc:155:do_switch$127$rdmux[0][4][7]$a$880 [3] $memory$flatten\u_keyLUT.$auto$proc_rom.cc:155:do_switch$127$rdmux[0][4][7]$a$880 [1:0] }
      New connections: { $memory$flatten\u_keyLUT.$auto$proc_rom.cc:155:do_switch$127$rdmux[0][4][7]$a$880 [6:4] $memory$flatten\u_keyLUT.$auto$proc_rom.cc:155:do_switch$127$rdmux[0][4][7]$a$880 [2] } = { $memory$flatten\u_keyLUT.$auto$proc_rom.cc:155:do_switch$127$rdmux[0][4][7]$a$880 [3] $memory$flatten\u_keyLUT.$auto$proc_rom.cc:155:do_switch$127$rdmux[0][4][7]$a$880 [3] 1'0 $memory$flatten\u_keyLUT.$auto$proc_rom.cc:155:do_switch$127$rdmux[0][4][7]$a$880 [0] }
    Consolidated identical input bits for $mux cell $memory$flatten\u_keyLUT.$auto$proc_rom.cc:155:do_switch$127$rdmux[0][5][13]$945:
      Old ports: A=$memory$flatten\u_keyLUT.$auto$proc_rom.cc:155:do_switch$127$rdmux[0][5][13]$a$946, B=$memory$flatten\u_keyLUT.$auto$proc_rom.cc:155:do_switch$127$rdmux[0][5][13]$b$947, Y=$memory$flatten\u_keyLUT.$auto$proc_rom.cc:155:do_switch$127$rdmux[0][4][6]$b$878
      New ports: A={ 1'1 $memory$flatten\u_keyLUT.$auto$proc_rom.cc:155:do_switch$127$rdmux[0][5][13]$a$946 [3] $memory$flatten\u_keyLUT.$auto$proc_rom.cc:155:do_switch$127$rdmux[0][5][13]$a$946 [3] $memory$flatten\u_keyLUT.$auto$proc_rom.cc:155:do_switch$127$rdmux[0][5][13]$a$946 [1] 1'1 }, B={ $memory$flatten\u_keyLUT.$auto$proc_rom.cc:155:do_switch$127$rdmux[0][5][13]$b$947 [1] $memory$flatten\u_keyLUT.$auto$proc_rom.cc:155:do_switch$127$rdmux[0][5][13]$b$947 [1] 1'0 $memory$flatten\u_keyLUT.$auto$proc_rom.cc:155:do_switch$127$rdmux[0][5][13]$b$947 [1] 1'0 }, Y={ $memory$flatten\u_keyLUT.$auto$proc_rom.cc:155:do_switch$127$rdmux[0][4][6]$b$878 [5:3] $memory$flatten\u_keyLUT.$auto$proc_rom.cc:155:do_switch$127$rdmux[0][4][6]$b$878 [1:0] }
      New connections: { $memory$flatten\u_keyLUT.$auto$proc_rom.cc:155:do_switch$127$rdmux[0][4][6]$b$878 [6] $memory$flatten\u_keyLUT.$auto$proc_rom.cc:155:do_switch$127$rdmux[0][4][6]$b$878 [2] } = { $memory$flatten\u_keyLUT.$auto$proc_rom.cc:155:do_switch$127$rdmux[0][4][6]$b$878 [0] $memory$flatten\u_keyLUT.$auto$proc_rom.cc:155:do_switch$127$rdmux[0][4][6]$b$878 [1] }
    Consolidated identical input bits for $mux cell $memory$flatten\u_keyLUT.$auto$proc_rom.cc:155:do_switch$127$rdmux[0][5][12]$942:
      Old ports: A=$memory$flatten\u_keyLUT.$auto$proc_rom.cc:155:do_switch$127$rdmux[0][5][12]$a$943, B=$memory$flatten\u_keyLUT.$auto$proc_rom.cc:155:do_switch$127$rdmux[0][5][12]$b$944, Y=$memory$flatten\u_keyLUT.$auto$proc_rom.cc:155:do_switch$127$rdmux[0][4][6]$a$877
      New ports: A={ $memory$flatten\u_keyLUT.$auto$proc_rom.cc:155:do_switch$127$rdmux[0][5][12]$a$943 [1] $memory$flatten\u_keyLUT.$auto$proc_rom.cc:155:do_switch$127$rdmux[0][5][12]$a$943 [1] $memory$flatten\u_keyLUT.$auto$proc_rom.cc:155:do_switch$127$rdmux[0][5][12]$a$943 [1] $memory$flatten\u_keyLUT.$auto$proc_rom.cc:155:do_switch$127$rdmux[0][5][12]$a$943 [1] }, B={ 1'1 $memory$flatten\u_keyLUT.$auto$proc_rom.cc:155:do_switch$127$rdmux[0][5][12]$b$944 [3] 1'0 $memory$flatten\u_keyLUT.$auto$proc_rom.cc:155:do_switch$127$rdmux[0][5][12]$b$944 [1] }, Y={ $memory$flatten\u_keyLUT.$auto$proc_rom.cc:155:do_switch$127$rdmux[0][4][6]$a$877 [5] $memory$flatten\u_keyLUT.$auto$proc_rom.cc:155:do_switch$127$rdmux[0][4][6]$a$877 [3:1] }
      New connections: { $memory$flatten\u_keyLUT.$auto$proc_rom.cc:155:do_switch$127$rdmux[0][4][6]$a$877 [6] $memory$flatten\u_keyLUT.$auto$proc_rom.cc:155:do_switch$127$rdmux[0][4][6]$a$877 [4] $memory$flatten\u_keyLUT.$auto$proc_rom.cc:155:do_switch$127$rdmux[0][4][6]$a$877 [0] } = { $memory$flatten\u_keyLUT.$auto$proc_rom.cc:155:do_switch$127$rdmux[0][4][6]$a$877 [5] 2'00 }
    Consolidated identical input bits for $mux cell $memory$flatten\u_keyLUT.$auto$proc_rom.cc:155:do_switch$127$rdmux[0][5][11]$939:
      Old ports: A=$memory$flatten\u_keyLUT.$auto$proc_rom.cc:155:do_switch$127$rdmux[0][5][11]$a$940, B=$memory$flatten\u_keyLUT.$auto$proc_rom.cc:155:do_switch$127$rdmux[0][5][11]$b$941, Y=$memory$flatten\u_keyLUT.$auto$proc_rom.cc:155:do_switch$127$rdmux[0][4][5]$b$875
      New ports: A={ 2'11 $memory$flatten\u_keyLUT.$auto$proc_rom.cc:155:do_switch$127$rdmux[0][5][11]$a$940 [2:1] 1'0 }, B={ 1'0 $memory$flatten\u_keyLUT.$auto$proc_rom.cc:155:do_switch$127$rdmux[0][5][11]$b$941 [0] $memory$flatten\u_keyLUT.$auto$proc_rom.cc:155:do_switch$127$rdmux[0][5][11]$b$941 [0] 1'0 $memory$flatten\u_keyLUT.$auto$proc_rom.cc:155:do_switch$127$rdmux[0][5][11]$b$941 [0] }, Y={ $memory$flatten\u_keyLUT.$auto$proc_rom.cc:155:do_switch$127$rdmux[0][4][5]$b$875 [6] $memory$flatten\u_keyLUT.$auto$proc_rom.cc:155:do_switch$127$rdmux[0][4][5]$b$875 [4] $memory$flatten\u_keyLUT.$auto$proc_rom.cc:155:do_switch$127$rdmux[0][4][5]$b$875 [2:0] }
      New connections: { $memory$flatten\u_keyLUT.$auto$proc_rom.cc:155:do_switch$127$rdmux[0][4][5]$b$875 [5] $memory$flatten\u_keyLUT.$auto$proc_rom.cc:155:do_switch$127$rdmux[0][4][5]$b$875 [3] } = { $memory$flatten\u_keyLUT.$auto$proc_rom.cc:155:do_switch$127$rdmux[0][4][5]$b$875 [4] 1'0 }
    Consolidated identical input bits for $mux cell $memory$flatten\u_keyLUT.$auto$proc_rom.cc:155:do_switch$127$rdmux[0][5][10]$936:
      Old ports: A=7'0000000, B=$memory$flatten\u_keyLUT.$auto$proc_rom.cc:155:do_switch$127$rdmux[0][5][10]$b$938, Y=$memory$flatten\u_keyLUT.$auto$proc_rom.cc:155:do_switch$127$rdmux[0][4][5]$a$874
      New ports: A=2'00, B={ $memory$flatten\u_keyLUT.$auto$proc_rom.cc:155:do_switch$127$rdmux[0][5][10]$b$938 [4] 1'1 }, Y={ $memory$flatten\u_keyLUT.$auto$proc_rom.cc:155:do_switch$127$rdmux[0][4][5]$a$874 [4] $memory$flatten\u_keyLUT.$auto$proc_rom.cc:155:do_switch$127$rdmux[0][4][5]$a$874 [1] }
      New connections: { $memory$flatten\u_keyLUT.$auto$proc_rom.cc:155:do_switch$127$rdmux[0][4][5]$a$874 [6:5] $memory$flatten\u_keyLUT.$auto$proc_rom.cc:155:do_switch$127$rdmux[0][4][5]$a$874 [3:2] $memory$flatten\u_keyLUT.$auto$proc_rom.cc:155:do_switch$127$rdmux[0][4][5]$a$874 [0] } = { $memory$flatten\u_keyLUT.$auto$proc_rom.cc:155:do_switch$127$rdmux[0][4][5]$a$874 [1] $memory$flatten\u_keyLUT.$auto$proc_rom.cc:155:do_switch$127$rdmux[0][4][5]$a$874 [1] 1'0 $memory$flatten\u_keyLUT.$auto$proc_rom.cc:155:do_switch$127$rdmux[0][4][5]$a$874 [1] 1'0 }
    Consolidated identical input bits for $mux cell $memory$flatten\u_keyLUT.$auto$proc_rom.cc:155:do_switch$127$rdmux[0][5][9]$933:
      Old ports: A=$memory$flatten\u_keyLUT.$auto$proc_rom.cc:155:do_switch$127$rdmux[0][5][9]$a$934, B=$memory$flatten\u_keyLUT.$auto$proc_rom.cc:155:do_switch$127$rdmux[0][5][9]$b$935, Y=$memory$flatten\u_keyLUT.$auto$proc_rom.cc:155:do_switch$127$rdmux[0][4][4]$b$872
      New ports: A={ $memory$flatten\u_keyLUT.$auto$proc_rom.cc:155:do_switch$127$rdmux[0][5][9]$a$934 [0] 1'1 $memory$flatten\u_keyLUT.$auto$proc_rom.cc:155:do_switch$127$rdmux[0][5][9]$a$934 [4] 2'10 $memory$flatten\u_keyLUT.$auto$proc_rom.cc:155:do_switch$127$rdmux[0][5][9]$a$934 [0] }, B={ 1'0 $memory$flatten\u_keyLUT.$auto$proc_rom.cc:155:do_switch$127$rdmux[0][5][9]$b$935 [0] $memory$flatten\u_keyLUT.$auto$proc_rom.cc:155:do_switch$127$rdmux[0][5][9]$b$935 [0] 1'0 $memory$flatten\u_keyLUT.$auto$proc_rom.cc:155:do_switch$127$rdmux[0][5][9]$b$935 [0] $memory$flatten\u_keyLUT.$auto$proc_rom.cc:155:do_switch$127$rdmux[0][5][9]$b$935 [0] }, Y={ $memory$flatten\u_keyLUT.$auto$proc_rom.cc:155:do_switch$127$rdmux[0][4][4]$b$872 [6:4] $memory$flatten\u_keyLUT.$auto$proc_rom.cc:155:do_switch$127$rdmux[0][4][4]$b$872 [2:0] }
      New connections: $memory$flatten\u_keyLUT.$auto$proc_rom.cc:155:do_switch$127$rdmux[0][4][4]$b$872 [3] = 1'0
    Consolidated identical input bits for $mux cell $memory$flatten\u_keyLUT.$auto$proc_rom.cc:155:do_switch$127$rdmux[0][5][8]$930:
      Old ports: A=$memory$flatten\u_keyLUT.$auto$proc_rom.cc:155:do_switch$127$rdmux[0][5][8]$a$931, B=$memory$flatten\u_keyLUT.$auto$proc_rom.cc:155:do_switch$127$rdmux[0][5][8]$b$932, Y=$memory$flatten\u_keyLUT.$auto$proc_rom.cc:155:do_switch$127$rdmux[0][4][4]$a$871
      New ports: A={ $memory$flatten\u_keyLUT.$auto$proc_rom.cc:155:do_switch$127$rdmux[0][5][8]$a$931 [0] 2'00 $memory$flatten\u_keyLUT.$auto$proc_rom.cc:155:do_switch$127$rdmux[0][5][8]$a$931 [0] }, B={ 1'1 $memory$flatten\u_keyLUT.$auto$proc_rom.cc:155:do_switch$127$rdmux[0][5][8]$b$932 [3:2] 1'0 }, Y={ $memory$flatten\u_keyLUT.$auto$proc_rom.cc:155:do_switch$127$rdmux[0][4][4]$a$871 [5] $memory$flatten\u_keyLUT.$auto$proc_rom.cc:155:do_switch$127$rdmux[0][4][4]$a$871 [3:2] $memory$flatten\u_keyLUT.$auto$proc_rom.cc:155:do_switch$127$rdmux[0][4][4]$a$871 [0] }
      New connections: { $memory$flatten\u_keyLUT.$auto$proc_rom.cc:155:do_switch$127$rdmux[0][4][4]$a$871 [6] $memory$flatten\u_keyLUT.$auto$proc_rom.cc:155:do_switch$127$rdmux[0][4][4]$a$871 [4] $memory$flatten\u_keyLUT.$auto$proc_rom.cc:155:do_switch$127$rdmux[0][4][4]$a$871 [1] } = { $memory$flatten\u_keyLUT.$auto$proc_rom.cc:155:do_switch$127$rdmux[0][4][4]$a$871 [5] $memory$flatten\u_keyLUT.$auto$proc_rom.cc:155:do_switch$127$rdmux[0][4][4]$a$871 [3] $memory$flatten\u_keyLUT.$auto$proc_rom.cc:155:do_switch$127$rdmux[0][4][4]$a$871 [0] }
    Consolidated identical input bits for $mux cell $memory$flatten\u_keyLUT.$auto$proc_rom.cc:155:do_switch$127$rdmux[0][5][7]$927:
      Old ports: A=$memory$flatten\u_keyLUT.$auto$proc_rom.cc:155:do_switch$127$rdmux[0][5][7]$a$928, B=$memory$flatten\u_keyLUT.$auto$proc_rom.cc:155:do_switch$127$rdmux[0][5][7]$b$929, Y=$memory$flatten\u_keyLUT.$auto$proc_rom.cc:155:do_switch$127$rdmux[0][4][3]$b$869
      New ports: A={ 1'1 $memory$flatten\u_keyLUT.$auto$proc_rom.cc:155:do_switch$127$rdmux[0][5][7]$a$928 [1] $memory$flatten\u_keyLUT.$auto$proc_rom.cc:155:do_switch$127$rdmux[0][5][7]$a$928 [1] 1'1 }, B={ $memory$flatten\u_keyLUT.$auto$proc_rom.cc:155:do_switch$127$rdmux[0][5][7]$b$929 [1] 1'0 $memory$flatten\u_keyLUT.$auto$proc_rom.cc:155:do_switch$127$rdmux[0][5][7]$b$929 [1] 1'0 }, Y={ $memory$flatten\u_keyLUT.$auto$proc_rom.cc:155:do_switch$127$rdmux[0][4][3]$b$869 [5] $memory$flatten\u_keyLUT.$auto$proc_rom.cc:155:do_switch$127$rdmux[0][4][3]$b$869 [2:0] }
      New connections: { $memory$flatten\u_keyLUT.$auto$proc_rom.cc:155:do_switch$127$rdmux[0][4][3]$b$869 [6] $memory$flatten\u_keyLUT.$auto$proc_rom.cc:155:do_switch$127$rdmux[0][4][3]$b$869 [4:3] } = { $memory$flatten\u_keyLUT.$auto$proc_rom.cc:155:do_switch$127$rdmux[0][4][3]$b$869 [0] $memory$flatten\u_keyLUT.$auto$proc_rom.cc:155:do_switch$127$rdmux[0][4][3]$b$869 [1] 1'0 }
    Consolidated identical input bits for $mux cell $memory$flatten\u_keyLUT.$auto$proc_rom.cc:155:do_switch$127$rdmux[0][5][6]$924:
      Old ports: A=7'0000000, B=$memory$flatten\u_keyLUT.$auto$proc_rom.cc:155:do_switch$127$rdmux[0][5][6]$b$926, Y=$memory$flatten\u_keyLUT.$auto$proc_rom.cc:155:do_switch$127$rdmux[0][4][3]$a$868
      New ports: A=3'000, B={ $memory$flatten\u_keyLUT.$auto$proc_rom.cc:155:do_switch$127$rdmux[0][5][6]$b$926 [3] 1'1 $memory$flatten\u_keyLUT.$auto$proc_rom.cc:155:do_switch$127$rdmux[0][5][6]$b$926 [0] }, Y={ $memory$flatten\u_keyLUT.$auto$proc_rom.cc:155:do_switch$127$rdmux[0][4][3]$a$868 [3] $memory$flatten\u_keyLUT.$auto$proc_rom.cc:155:do_switch$127$rdmux[0][4][3]$a$868 [1:0] }
      New connections: { $memory$flatten\u_keyLUT.$auto$proc_rom.cc:155:do_switch$127$rdmux[0][4][3]$a$868 [6:4] $memory$flatten\u_keyLUT.$auto$proc_rom.cc:155:do_switch$127$rdmux[0][4][3]$a$868 [2] } = { $memory$flatten\u_keyLUT.$auto$proc_rom.cc:155:do_switch$127$rdmux[0][4][3]$a$868 [1] $memory$flatten\u_keyLUT.$auto$proc_rom.cc:155:do_switch$127$rdmux[0][4][3]$a$868 [1] $memory$flatten\u_keyLUT.$auto$proc_rom.cc:155:do_switch$127$rdmux[0][4][3]$a$868 [1] 1'0 }
    Consolidated identical input bits for $mux cell $memory$flatten\u_keyLUT.$auto$proc_rom.cc:155:do_switch$127$rdmux[0][5][5]$921:
      Old ports: A=$memory$flatten\u_keyLUT.$auto$proc_rom.cc:155:do_switch$127$rdmux[0][5][5]$a$922, B=$memory$flatten\u_keyLUT.$auto$proc_rom.cc:155:do_switch$127$rdmux[0][5][5]$b$923, Y=$memory$flatten\u_keyLUT.$auto$proc_rom.cc:155:do_switch$127$rdmux[0][4][2]$b$866
      New ports: A={ $memory$flatten\u_keyLUT.$auto$proc_rom.cc:155:do_switch$127$rdmux[0][5][5]$a$922 [0] $memory$flatten\u_keyLUT.$auto$proc_rom.cc:155:do_switch$127$rdmux[0][5][5]$a$922 [0] }, B={ 1'0 $memory$flatten\u_keyLUT.$auto$proc_rom.cc:155:do_switch$127$rdmux[0][5][5]$b$923 [0] }, Y={ $memory$flatten\u_keyLUT.$auto$proc_rom.cc:155:do_switch$127$rdmux[0][4][2]$b$866 [6] $memory$flatten\u_keyLUT.$auto$proc_rom.cc:155:do_switch$127$rdmux[0][4][2]$b$866 [0] }
      New connections: $memory$flatten\u_keyLUT.$auto$proc_rom.cc:155:do_switch$127$rdmux[0][4][2]$b$866 [5:1] = { $memory$flatten\u_keyLUT.$auto$proc_rom.cc:155:do_switch$127$rdmux[0][4][2]$b$866 [0] $memory$flatten\u_keyLUT.$auto$proc_rom.cc:155:do_switch$127$rdmux[0][4][2]$b$866 [0] 3'000 }
    Consolidated identical input bits for $mux cell $memory$flatten\u_bcd7seg8.$auto$proc_rom.cc:155:do_switch$123$rdmux[0][2][3]$786:
      Old ports: A=$memory$flatten\u_bcd7seg8.$auto$proc_rom.cc:155:do_switch$123$rdmux[0][2][3]$a$787, B=$memory$flatten\u_bcd7seg8.$auto$proc_rom.cc:155:do_switch$123$rdmux[0][2][3]$b$788, Y=$memory$flatten\u_bcd7seg8.$auto$proc_rom.cc:155:do_switch$123$rdmux[0][1][1]$b$776
      New ports: A={ $memory$flatten\u_bcd7seg8.$auto$proc_rom.cc:155:do_switch$123$rdmux[0][2][3]$a$787 [0] 1'0 $memory$flatten\u_bcd7seg8.$auto$proc_rom.cc:155:do_switch$123$rdmux[0][2][3]$a$787 [1:0] }, B={ 1'1 $memory$flatten\u_bcd7seg8.$auto$proc_rom.cc:155:do_switch$123$rdmux[0][2][3]$b$788 [3] 2'00 }, Y={ $memory$flatten\u_bcd7seg8.$auto$proc_rom.cc:155:do_switch$123$rdmux[0][1][1]$b$776 [4:3] $memory$flatten\u_bcd7seg8.$auto$proc_rom.cc:155:do_switch$123$rdmux[0][1][1]$b$776 [1:0] }
      New connections: { $memory$flatten\u_bcd7seg8.$auto$proc_rom.cc:155:do_switch$123$rdmux[0][1][1]$b$776 [6:5] $memory$flatten\u_bcd7seg8.$auto$proc_rom.cc:155:do_switch$123$rdmux[0][1][1]$b$776 [2] } = { $memory$flatten\u_bcd7seg8.$auto$proc_rom.cc:155:do_switch$123$rdmux[0][1][1]$b$776 [1] $memory$flatten\u_bcd7seg8.$auto$proc_rom.cc:155:do_switch$123$rdmux[0][1][1]$b$776 [4] 1'0 }
    Consolidated identical input bits for $mux cell $memory$flatten\u_bcd7seg8.$auto$proc_rom.cc:155:do_switch$123$rdmux[0][2][2]$783:
      Old ports: A=$memory$flatten\u_bcd7seg8.$auto$proc_rom.cc:155:do_switch$123$rdmux[0][2][2]$a$784, B=$memory$flatten\u_bcd7seg8.$auto$proc_rom.cc:155:do_switch$123$rdmux[0][2][2]$b$785, Y=$memory$flatten\u_bcd7seg8.$auto$proc_rom.cc:155:do_switch$123$rdmux[0][1][1]$a$775
      New ports: A={ 2'00 $memory$flatten\u_bcd7seg8.$auto$proc_rom.cc:155:do_switch$123$rdmux[0][2][2]$a$784 [2] }, B={ $memory$flatten\u_bcd7seg8.$auto$proc_rom.cc:155:do_switch$123$rdmux[0][2][2]$b$785 [5] $memory$flatten\u_bcd7seg8.$auto$proc_rom.cc:155:do_switch$123$rdmux[0][2][2]$b$785 [3] 1'0 }, Y={ $memory$flatten\u_bcd7seg8.$auto$proc_rom.cc:155:do_switch$123$rdmux[0][1][1]$a$775 [5] $memory$flatten\u_bcd7seg8.$auto$proc_rom.cc:155:do_switch$123$rdmux[0][1][1]$a$775 [3:2] }
      New connections: { $memory$flatten\u_bcd7seg8.$auto$proc_rom.cc:155:do_switch$123$rdmux[0][1][1]$a$775 [6] $memory$flatten\u_bcd7seg8.$auto$proc_rom.cc:155:do_switch$123$rdmux[0][1][1]$a$775 [4] $memory$flatten\u_bcd7seg8.$auto$proc_rom.cc:155:do_switch$123$rdmux[0][1][1]$a$775 [1:0] } = { $memory$flatten\u_bcd7seg8.$auto$proc_rom.cc:155:do_switch$123$rdmux[0][1][1]$a$775 [5] 3'000 }
    Consolidated identical input bits for $mux cell $memory$flatten\u_bcd7seg8.$auto$proc_rom.cc:155:do_switch$123$rdmux[0][2][1]$780:
      Old ports: A=$memory$flatten\u_bcd7seg8.$auto$proc_rom.cc:155:do_switch$123$rdmux[0][2][1]$a$781, B=$memory$flatten\u_bcd7seg8.$auto$proc_rom.cc:155:do_switch$123$rdmux[0][2][1]$b$782, Y=$memory$flatten\u_bcd7seg8.$auto$proc_rom.cc:155:do_switch$123$rdmux[0][1][0]$b$773
      New ports: A={ $memory$flatten\u_bcd7seg8.$auto$proc_rom.cc:155:do_switch$123$rdmux[0][2][1]$a$781 [3] $memory$flatten\u_bcd7seg8.$auto$proc_rom.cc:155:do_switch$123$rdmux[0][2][1]$a$781 [5] $memory$flatten\u_bcd7seg8.$auto$proc_rom.cc:155:do_switch$123$rdmux[0][2][1]$a$781 [3] 2'10 }, B={ 1'0 $memory$flatten\u_bcd7seg8.$auto$proc_rom.cc:155:do_switch$123$rdmux[0][2][1]$b$782 [5] $memory$flatten\u_bcd7seg8.$auto$proc_rom.cc:155:do_switch$123$rdmux[0][2][1]$b$782 [0] $memory$flatten\u_bcd7seg8.$auto$proc_rom.cc:155:do_switch$123$rdmux[0][2][1]$b$782 [0] $memory$flatten\u_bcd7seg8.$auto$proc_rom.cc:155:do_switch$123$rdmux[0][2][1]$b$782 [0] }, Y={ $memory$flatten\u_bcd7seg8.$auto$proc_rom.cc:155:do_switch$123$rdmux[0][1][0]$b$773 [6:5] $memory$flatten\u_bcd7seg8.$auto$proc_rom.cc:155:do_switch$123$rdmux[0][1][0]$b$773 [3:2] $memory$flatten\u_bcd7seg8.$auto$proc_rom.cc:155:do_switch$123$rdmux[0][1][0]$b$773 [0] }
      New connections: { $memory$flatten\u_bcd7seg8.$auto$proc_rom.cc:155:do_switch$123$rdmux[0][1][0]$b$773 [4] $memory$flatten\u_bcd7seg8.$auto$proc_rom.cc:155:do_switch$123$rdmux[0][1][0]$b$773 [1] } = { 1'0 $memory$flatten\u_bcd7seg8.$auto$proc_rom.cc:155:do_switch$123$rdmux[0][1][0]$b$773 [0] }
    Consolidated identical input bits for $mux cell $memory$flatten\u_bcd7seg8.$auto$proc_rom.cc:155:do_switch$123$rdmux[0][2][0]$777:
      Old ports: A=$memory$flatten\u_bcd7seg8.$auto$proc_rom.cc:155:do_switch$123$rdmux[0][2][0]$a$778, B=$memory$flatten\u_bcd7seg8.$auto$proc_rom.cc:155:do_switch$123$rdmux[0][2][0]$b$779, Y=$memory$flatten\u_bcd7seg8.$auto$proc_rom.cc:155:do_switch$123$rdmux[0][1][0]$a$772
      New ports: A={ 1'0 $memory$flatten\u_bcd7seg8.$auto$proc_rom.cc:155:do_switch$123$rdmux[0][2][0]$a$778 [1] $memory$flatten\u_bcd7seg8.$auto$proc_rom.cc:155:do_switch$123$rdmux[0][2][0]$a$778 [1] $memory$flatten\u_bcd7seg8.$auto$proc_rom.cc:155:do_switch$123$rdmux[0][2][0]$a$778 [1] 1'1 }, B={ $memory$flatten\u_bcd7seg8.$auto$proc_rom.cc:155:do_switch$123$rdmux[0][2][0]$b$779 [4] 1'0 $memory$flatten\u_bcd7seg8.$auto$proc_rom.cc:155:do_switch$123$rdmux[0][2][0]$b$779 [2] 2'10 }, Y=$memory$flatten\u_bcd7seg8.$auto$proc_rom.cc:155:do_switch$123$rdmux[0][1][0]$a$772 [4:0]
      New connections: $memory$flatten\u_bcd7seg8.$auto$proc_rom.cc:155:do_switch$123$rdmux[0][1][0]$a$772 [6:5] = { $memory$flatten\u_bcd7seg8.$auto$proc_rom.cc:155:do_switch$123$rdmux[0][1][0]$a$772 [3] 1'0 }
    Consolidated identical input bits for $mux cell $memory$flatten\u_bcd7seg7.$auto$proc_rom.cc:155:do_switch$123$rdmux[0][2][3]$741:
      Old ports: A=$memory$flatten\u_bcd7seg7.$auto$proc_rom.cc:155:do_switch$123$rdmux[0][2][3]$a$742, B=$memory$flatten\u_bcd7seg7.$auto$proc_rom.cc:155:do_switch$123$rdmux[0][2][3]$b$743, Y=$memory$flatten\u_bcd7seg7.$auto$proc_rom.cc:155:do_switch$123$rdmux[0][1][1]$b$731
      New ports: A={ $memory$flatten\u_bcd7seg7.$auto$proc_rom.cc:155:do_switch$123$rdmux[0][2][3]$a$742 [0] 1'0 $memory$flatten\u_bcd7seg7.$auto$proc_rom.cc:155:do_switch$123$rdmux[0][2][3]$a$742 [1:0] }, B={ 1'1 $memory$flatten\u_bcd7seg7.$auto$proc_rom.cc:155:do_switch$123$rdmux[0][2][3]$b$743 [3] 2'00 }, Y={ $memory$flatten\u_bcd7seg7.$auto$proc_rom.cc:155:do_switch$123$rdmux[0][1][1]$b$731 [4:3] $memory$flatten\u_bcd7seg7.$auto$proc_rom.cc:155:do_switch$123$rdmux[0][1][1]$b$731 [1:0] }
      New connections: { $memory$flatten\u_bcd7seg7.$auto$proc_rom.cc:155:do_switch$123$rdmux[0][1][1]$b$731 [6:5] $memory$flatten\u_bcd7seg7.$auto$proc_rom.cc:155:do_switch$123$rdmux[0][1][1]$b$731 [2] } = { $memory$flatten\u_bcd7seg7.$auto$proc_rom.cc:155:do_switch$123$rdmux[0][1][1]$b$731 [1] $memory$flatten\u_bcd7seg7.$auto$proc_rom.cc:155:do_switch$123$rdmux[0][1][1]$b$731 [4] 1'0 }
    Consolidated identical input bits for $mux cell $memory$flatten\u_bcd7seg7.$auto$proc_rom.cc:155:do_switch$123$rdmux[0][2][2]$738:
      Old ports: A=$memory$flatten\u_bcd7seg7.$auto$proc_rom.cc:155:do_switch$123$rdmux[0][2][2]$a$739, B=$memory$flatten\u_bcd7seg7.$auto$proc_rom.cc:155:do_switch$123$rdmux[0][2][2]$b$740, Y=$memory$flatten\u_bcd7seg7.$auto$proc_rom.cc:155:do_switch$123$rdmux[0][1][1]$a$730
      New ports: A={ 2'00 $memory$flatten\u_bcd7seg7.$auto$proc_rom.cc:155:do_switch$123$rdmux[0][2][2]$a$739 [2] }, B={ $memory$flatten\u_bcd7seg7.$auto$proc_rom.cc:155:do_switch$123$rdmux[0][2][2]$b$740 [5] $memory$flatten\u_bcd7seg7.$auto$proc_rom.cc:155:do_switch$123$rdmux[0][2][2]$b$740 [3] 1'0 }, Y={ $memory$flatten\u_bcd7seg7.$auto$proc_rom.cc:155:do_switch$123$rdmux[0][1][1]$a$730 [5] $memory$flatten\u_bcd7seg7.$auto$proc_rom.cc:155:do_switch$123$rdmux[0][1][1]$a$730 [3:2] }
      New connections: { $memory$flatten\u_bcd7seg7.$auto$proc_rom.cc:155:do_switch$123$rdmux[0][1][1]$a$730 [6] $memory$flatten\u_bcd7seg7.$auto$proc_rom.cc:155:do_switch$123$rdmux[0][1][1]$a$730 [4] $memory$flatten\u_bcd7seg7.$auto$proc_rom.cc:155:do_switch$123$rdmux[0][1][1]$a$730 [1:0] } = { $memory$flatten\u_bcd7seg7.$auto$proc_rom.cc:155:do_switch$123$rdmux[0][1][1]$a$730 [5] 3'000 }
    Consolidated identical input bits for $mux cell $memory$flatten\u_bcd7seg7.$auto$proc_rom.cc:155:do_switch$123$rdmux[0][2][1]$735:
      Old ports: A=$memory$flatten\u_bcd7seg7.$auto$proc_rom.cc:155:do_switch$123$rdmux[0][2][1]$a$736, B=$memory$flatten\u_bcd7seg7.$auto$proc_rom.cc:155:do_switch$123$rdmux[0][2][1]$b$737, Y=$memory$flatten\u_bcd7seg7.$auto$proc_rom.cc:155:do_switch$123$rdmux[0][1][0]$b$728
      New ports: A={ $memory$flatten\u_bcd7seg7.$auto$proc_rom.cc:155:do_switch$123$rdmux[0][2][1]$a$736 [3] $memory$flatten\u_bcd7seg7.$auto$proc_rom.cc:155:do_switch$123$rdmux[0][2][1]$a$736 [5] $memory$flatten\u_bcd7seg7.$auto$proc_rom.cc:155:do_switch$123$rdmux[0][2][1]$a$736 [3] 2'10 }, B={ 1'0 $memory$flatten\u_bcd7seg7.$auto$proc_rom.cc:155:do_switch$123$rdmux[0][2][1]$b$737 [5] $memory$flatten\u_bcd7seg7.$auto$proc_rom.cc:155:do_switch$123$rdmux[0][2][1]$b$737 [0] $memory$flatten\u_bcd7seg7.$auto$proc_rom.cc:155:do_switch$123$rdmux[0][2][1]$b$737 [0] $memory$flatten\u_bcd7seg7.$auto$proc_rom.cc:155:do_switch$123$rdmux[0][2][1]$b$737 [0] }, Y={ $memory$flatten\u_bcd7seg7.$auto$proc_rom.cc:155:do_switch$123$rdmux[0][1][0]$b$728 [6:5] $memory$flatten\u_bcd7seg7.$auto$proc_rom.cc:155:do_switch$123$rdmux[0][1][0]$b$728 [3:2] $memory$flatten\u_bcd7seg7.$auto$proc_rom.cc:155:do_switch$123$rdmux[0][1][0]$b$728 [0] }
      New connections: { $memory$flatten\u_bcd7seg7.$auto$proc_rom.cc:155:do_switch$123$rdmux[0][1][0]$b$728 [4] $memory$flatten\u_bcd7seg7.$auto$proc_rom.cc:155:do_switch$123$rdmux[0][1][0]$b$728 [1] } = { 1'0 $memory$flatten\u_bcd7seg7.$auto$proc_rom.cc:155:do_switch$123$rdmux[0][1][0]$b$728 [0] }
    Consolidated identical input bits for $mux cell $memory$flatten\u_bcd7seg7.$auto$proc_rom.cc:155:do_switch$123$rdmux[0][2][0]$732:
      Old ports: A=$memory$flatten\u_bcd7seg7.$auto$proc_rom.cc:155:do_switch$123$rdmux[0][2][0]$a$733, B=$memory$flatten\u_bcd7seg7.$auto$proc_rom.cc:155:do_switch$123$rdmux[0][2][0]$b$734, Y=$memory$flatten\u_bcd7seg7.$auto$proc_rom.cc:155:do_switch$123$rdmux[0][1][0]$a$727
      New ports: A={ 1'0 $memory$flatten\u_bcd7seg7.$auto$proc_rom.cc:155:do_switch$123$rdmux[0][2][0]$a$733 [1] $memory$flatten\u_bcd7seg7.$auto$proc_rom.cc:155:do_switch$123$rdmux[0][2][0]$a$733 [1] $memory$flatten\u_bcd7seg7.$auto$proc_rom.cc:155:do_switch$123$rdmux[0][2][0]$a$733 [1] 1'1 }, B={ $memory$flatten\u_bcd7seg7.$auto$proc_rom.cc:155:do_switch$123$rdmux[0][2][0]$b$734 [4] 1'0 $memory$flatten\u_bcd7seg7.$auto$proc_rom.cc:155:do_switch$123$rdmux[0][2][0]$b$734 [2] 2'10 }, Y=$memory$flatten\u_bcd7seg7.$auto$proc_rom.cc:155:do_switch$123$rdmux[0][1][0]$a$727 [4:0]
      New connections: $memory$flatten\u_bcd7seg7.$auto$proc_rom.cc:155:do_switch$123$rdmux[0][1][0]$a$727 [6:5] = { $memory$flatten\u_bcd7seg7.$auto$proc_rom.cc:155:do_switch$123$rdmux[0][1][0]$a$727 [3] 1'0 }
    Consolidated identical input bits for $mux cell $memory$flatten\u_bcd7seg3.$auto$proc_rom.cc:155:do_switch$123$rdmux[0][2][3]$696:
      Old ports: A=$memory$flatten\u_bcd7seg3.$auto$proc_rom.cc:155:do_switch$123$rdmux[0][2][3]$a$697, B=$memory$flatten\u_bcd7seg3.$auto$proc_rom.cc:155:do_switch$123$rdmux[0][2][3]$b$698, Y=$memory$flatten\u_bcd7seg3.$auto$proc_rom.cc:155:do_switch$123$rdmux[0][1][1]$b$686
      New ports: A={ $memory$flatten\u_bcd7seg3.$auto$proc_rom.cc:155:do_switch$123$rdmux[0][2][3]$a$697 [0] 1'0 $memory$flatten\u_bcd7seg3.$auto$proc_rom.cc:155:do_switch$123$rdmux[0][2][3]$a$697 [1:0] }, B={ 1'1 $memory$flatten\u_bcd7seg3.$auto$proc_rom.cc:155:do_switch$123$rdmux[0][2][3]$b$698 [3] 2'00 }, Y={ $memory$flatten\u_bcd7seg3.$auto$proc_rom.cc:155:do_switch$123$rdmux[0][1][1]$b$686 [4:3] $memory$flatten\u_bcd7seg3.$auto$proc_rom.cc:155:do_switch$123$rdmux[0][1][1]$b$686 [1:0] }
      New connections: { $memory$flatten\u_bcd7seg3.$auto$proc_rom.cc:155:do_switch$123$rdmux[0][1][1]$b$686 [6:5] $memory$flatten\u_bcd7seg3.$auto$proc_rom.cc:155:do_switch$123$rdmux[0][1][1]$b$686 [2] } = { $memory$flatten\u_bcd7seg3.$auto$proc_rom.cc:155:do_switch$123$rdmux[0][1][1]$b$686 [1] $memory$flatten\u_bcd7seg3.$auto$proc_rom.cc:155:do_switch$123$rdmux[0][1][1]$b$686 [4] 1'0 }
    Consolidated identical input bits for $mux cell $memory$flatten\u_bcd7seg3.$auto$proc_rom.cc:155:do_switch$123$rdmux[0][2][2]$693:
      Old ports: A=$memory$flatten\u_bcd7seg3.$auto$proc_rom.cc:155:do_switch$123$rdmux[0][2][2]$a$694, B=$memory$flatten\u_bcd7seg3.$auto$proc_rom.cc:155:do_switch$123$rdmux[0][2][2]$b$695, Y=$memory$flatten\u_bcd7seg3.$auto$proc_rom.cc:155:do_switch$123$rdmux[0][1][1]$a$685
      New ports: A={ 2'00 $memory$flatten\u_bcd7seg3.$auto$proc_rom.cc:155:do_switch$123$rdmux[0][2][2]$a$694 [2] }, B={ $memory$flatten\u_bcd7seg3.$auto$proc_rom.cc:155:do_switch$123$rdmux[0][2][2]$b$695 [5] $memory$flatten\u_bcd7seg3.$auto$proc_rom.cc:155:do_switch$123$rdmux[0][2][2]$b$695 [3] 1'0 }, Y={ $memory$flatten\u_bcd7seg3.$auto$proc_rom.cc:155:do_switch$123$rdmux[0][1][1]$a$685 [5] $memory$flatten\u_bcd7seg3.$auto$proc_rom.cc:155:do_switch$123$rdmux[0][1][1]$a$685 [3:2] }
      New connections: { $memory$flatten\u_bcd7seg3.$auto$proc_rom.cc:155:do_switch$123$rdmux[0][1][1]$a$685 [6] $memory$flatten\u_bcd7seg3.$auto$proc_rom.cc:155:do_switch$123$rdmux[0][1][1]$a$685 [4] $memory$flatten\u_bcd7seg3.$auto$proc_rom.cc:155:do_switch$123$rdmux[0][1][1]$a$685 [1:0] } = { $memory$flatten\u_bcd7seg3.$auto$proc_rom.cc:155:do_switch$123$rdmux[0][1][1]$a$685 [5] 3'000 }
    Consolidated identical input bits for $mux cell $memory$flatten\u_bcd7seg3.$auto$proc_rom.cc:155:do_switch$123$rdmux[0][2][1]$690:
      Old ports: A=$memory$flatten\u_bcd7seg3.$auto$proc_rom.cc:155:do_switch$123$rdmux[0][2][1]$a$691, B=$memory$flatten\u_bcd7seg3.$auto$proc_rom.cc:155:do_switch$123$rdmux[0][2][1]$b$692, Y=$memory$flatten\u_bcd7seg3.$auto$proc_rom.cc:155:do_switch$123$rdmux[0][1][0]$b$683
      New ports: A={ $memory$flatten\u_bcd7seg3.$auto$proc_rom.cc:155:do_switch$123$rdmux[0][2][1]$a$691 [3] $memory$flatten\u_bcd7seg3.$auto$proc_rom.cc:155:do_switch$123$rdmux[0][2][1]$a$691 [5] $memory$flatten\u_bcd7seg3.$auto$proc_rom.cc:155:do_switch$123$rdmux[0][2][1]$a$691 [3] 2'10 }, B={ 1'0 $memory$flatten\u_bcd7seg3.$auto$proc_rom.cc:155:do_switch$123$rdmux[0][2][1]$b$692 [5] $memory$flatten\u_bcd7seg3.$auto$proc_rom.cc:155:do_switch$123$rdmux[0][2][1]$b$692 [0] $memory$flatten\u_bcd7seg3.$auto$proc_rom.cc:155:do_switch$123$rdmux[0][2][1]$b$692 [0] $memory$flatten\u_bcd7seg3.$auto$proc_rom.cc:155:do_switch$123$rdmux[0][2][1]$b$692 [0] }, Y={ $memory$flatten\u_bcd7seg3.$auto$proc_rom.cc:155:do_switch$123$rdmux[0][1][0]$b$683 [6:5] $memory$flatten\u_bcd7seg3.$auto$proc_rom.cc:155:do_switch$123$rdmux[0][1][0]$b$683 [3:2] $memory$flatten\u_bcd7seg3.$auto$proc_rom.cc:155:do_switch$123$rdmux[0][1][0]$b$683 [0] }
      New connections: { $memory$flatten\u_bcd7seg3.$auto$proc_rom.cc:155:do_switch$123$rdmux[0][1][0]$b$683 [4] $memory$flatten\u_bcd7seg3.$auto$proc_rom.cc:155:do_switch$123$rdmux[0][1][0]$b$683 [1] } = { 1'0 $memory$flatten\u_bcd7seg3.$auto$proc_rom.cc:155:do_switch$123$rdmux[0][1][0]$b$683 [0] }
    Consolidated identical input bits for $mux cell $memory$flatten\u_bcd7seg3.$auto$proc_rom.cc:155:do_switch$123$rdmux[0][2][0]$687:
      Old ports: A=$memory$flatten\u_bcd7seg3.$auto$proc_rom.cc:155:do_switch$123$rdmux[0][2][0]$a$688, B=$memory$flatten\u_bcd7seg3.$auto$proc_rom.cc:155:do_switch$123$rdmux[0][2][0]$b$689, Y=$memory$flatten\u_bcd7seg3.$auto$proc_rom.cc:155:do_switch$123$rdmux[0][1][0]$a$682
      New ports: A={ 1'0 $memory$flatten\u_bcd7seg3.$auto$proc_rom.cc:155:do_switch$123$rdmux[0][2][0]$a$688 [1] $memory$flatten\u_bcd7seg3.$auto$proc_rom.cc:155:do_switch$123$rdmux[0][2][0]$a$688 [1] $memory$flatten\u_bcd7seg3.$auto$proc_rom.cc:155:do_switch$123$rdmux[0][2][0]$a$688 [1] 1'1 }, B={ $memory$flatten\u_bcd7seg3.$auto$proc_rom.cc:155:do_switch$123$rdmux[0][2][0]$b$689 [4] 1'0 $memory$flatten\u_bcd7seg3.$auto$proc_rom.cc:155:do_switch$123$rdmux[0][2][0]$b$689 [2] 2'10 }, Y=$memory$flatten\u_bcd7seg3.$auto$proc_rom.cc:155:do_switch$123$rdmux[0][1][0]$a$682 [4:0]
      New connections: $memory$flatten\u_bcd7seg3.$auto$proc_rom.cc:155:do_switch$123$rdmux[0][1][0]$a$682 [6:5] = { $memory$flatten\u_bcd7seg3.$auto$proc_rom.cc:155:do_switch$123$rdmux[0][1][0]$a$682 [3] 1'0 }
    Consolidated identical input bits for $mux cell $memory$flatten\u_bcd7seg2.$auto$proc_rom.cc:155:do_switch$123$rdmux[0][2][3]$651:
      Old ports: A=$memory$flatten\u_bcd7seg2.$auto$proc_rom.cc:155:do_switch$123$rdmux[0][2][3]$a$652, B=$memory$flatten\u_bcd7seg2.$auto$proc_rom.cc:155:do_switch$123$rdmux[0][2][3]$b$653, Y=$memory$flatten\u_bcd7seg2.$auto$proc_rom.cc:155:do_switch$123$rdmux[0][1][1]$b$641
      New ports: A={ $memory$flatten\u_bcd7seg2.$auto$proc_rom.cc:155:do_switch$123$rdmux[0][2][3]$a$652 [0] 1'0 $memory$flatten\u_bcd7seg2.$auto$proc_rom.cc:155:do_switch$123$rdmux[0][2][3]$a$652 [1:0] }, B={ 1'1 $memory$flatten\u_bcd7seg2.$auto$proc_rom.cc:155:do_switch$123$rdmux[0][2][3]$b$653 [3] 2'00 }, Y={ $memory$flatten\u_bcd7seg2.$auto$proc_rom.cc:155:do_switch$123$rdmux[0][1][1]$b$641 [4:3] $memory$flatten\u_bcd7seg2.$auto$proc_rom.cc:155:do_switch$123$rdmux[0][1][1]$b$641 [1:0] }
      New connections: { $memory$flatten\u_bcd7seg2.$auto$proc_rom.cc:155:do_switch$123$rdmux[0][1][1]$b$641 [6:5] $memory$flatten\u_bcd7seg2.$auto$proc_rom.cc:155:do_switch$123$rdmux[0][1][1]$b$641 [2] } = { $memory$flatten\u_bcd7seg2.$auto$proc_rom.cc:155:do_switch$123$rdmux[0][1][1]$b$641 [1] $memory$flatten\u_bcd7seg2.$auto$proc_rom.cc:155:do_switch$123$rdmux[0][1][1]$b$641 [4] 1'0 }
    Consolidated identical input bits for $mux cell $memory$flatten\u_bcd7seg2.$auto$proc_rom.cc:155:do_switch$123$rdmux[0][2][2]$648:
      Old ports: A=$memory$flatten\u_bcd7seg2.$auto$proc_rom.cc:155:do_switch$123$rdmux[0][2][2]$a$649, B=$memory$flatten\u_bcd7seg2.$auto$proc_rom.cc:155:do_switch$123$rdmux[0][2][2]$b$650, Y=$memory$flatten\u_bcd7seg2.$auto$proc_rom.cc:155:do_switch$123$rdmux[0][1][1]$a$640
      New ports: A={ 2'00 $memory$flatten\u_bcd7seg2.$auto$proc_rom.cc:155:do_switch$123$rdmux[0][2][2]$a$649 [2] }, B={ $memory$flatten\u_bcd7seg2.$auto$proc_rom.cc:155:do_switch$123$rdmux[0][2][2]$b$650 [5] $memory$flatten\u_bcd7seg2.$auto$proc_rom.cc:155:do_switch$123$rdmux[0][2][2]$b$650 [3] 1'0 }, Y={ $memory$flatten\u_bcd7seg2.$auto$proc_rom.cc:155:do_switch$123$rdmux[0][1][1]$a$640 [5] $memory$flatten\u_bcd7seg2.$auto$proc_rom.cc:155:do_switch$123$rdmux[0][1][1]$a$640 [3:2] }
      New connections: { $memory$flatten\u_bcd7seg2.$auto$proc_rom.cc:155:do_switch$123$rdmux[0][1][1]$a$640 [6] $memory$flatten\u_bcd7seg2.$auto$proc_rom.cc:155:do_switch$123$rdmux[0][1][1]$a$640 [4] $memory$flatten\u_bcd7seg2.$auto$proc_rom.cc:155:do_switch$123$rdmux[0][1][1]$a$640 [1:0] } = { $memory$flatten\u_bcd7seg2.$auto$proc_rom.cc:155:do_switch$123$rdmux[0][1][1]$a$640 [5] 3'000 }
    Consolidated identical input bits for $mux cell $memory$flatten\u_bcd7seg2.$auto$proc_rom.cc:155:do_switch$123$rdmux[0][2][1]$645:
      Old ports: A=$memory$flatten\u_bcd7seg2.$auto$proc_rom.cc:155:do_switch$123$rdmux[0][2][1]$a$646, B=$memory$flatten\u_bcd7seg2.$auto$proc_rom.cc:155:do_switch$123$rdmux[0][2][1]$b$647, Y=$memory$flatten\u_bcd7seg2.$auto$proc_rom.cc:155:do_switch$123$rdmux[0][1][0]$b$638
      New ports: A={ $memory$flatten\u_bcd7seg2.$auto$proc_rom.cc:155:do_switch$123$rdmux[0][2][1]$a$646 [3] $memory$flatten\u_bcd7seg2.$auto$proc_rom.cc:155:do_switch$123$rdmux[0][2][1]$a$646 [5] $memory$flatten\u_bcd7seg2.$auto$proc_rom.cc:155:do_switch$123$rdmux[0][2][1]$a$646 [3] 2'10 }, B={ 1'0 $memory$flatten\u_bcd7seg2.$auto$proc_rom.cc:155:do_switch$123$rdmux[0][2][1]$b$647 [5] $memory$flatten\u_bcd7seg2.$auto$proc_rom.cc:155:do_switch$123$rdmux[0][2][1]$b$647 [0] $memory$flatten\u_bcd7seg2.$auto$proc_rom.cc:155:do_switch$123$rdmux[0][2][1]$b$647 [0] $memory$flatten\u_bcd7seg2.$auto$proc_rom.cc:155:do_switch$123$rdmux[0][2][1]$b$647 [0] }, Y={ $memory$flatten\u_bcd7seg2.$auto$proc_rom.cc:155:do_switch$123$rdmux[0][1][0]$b$638 [6:5] $memory$flatten\u_bcd7seg2.$auto$proc_rom.cc:155:do_switch$123$rdmux[0][1][0]$b$638 [3:2] $memory$flatten\u_bcd7seg2.$auto$proc_rom.cc:155:do_switch$123$rdmux[0][1][0]$b$638 [0] }
      New connections: { $memory$flatten\u_bcd7seg2.$auto$proc_rom.cc:155:do_switch$123$rdmux[0][1][0]$b$638 [4] $memory$flatten\u_bcd7seg2.$auto$proc_rom.cc:155:do_switch$123$rdmux[0][1][0]$b$638 [1] } = { 1'0 $memory$flatten\u_bcd7seg2.$auto$proc_rom.cc:155:do_switch$123$rdmux[0][1][0]$b$638 [0] }
    Consolidated identical input bits for $mux cell $memory$flatten\u_bcd7seg2.$auto$proc_rom.cc:155:do_switch$123$rdmux[0][2][0]$642:
      Old ports: A=$memory$flatten\u_bcd7seg2.$auto$proc_rom.cc:155:do_switch$123$rdmux[0][2][0]$a$643, B=$memory$flatten\u_bcd7seg2.$auto$proc_rom.cc:155:do_switch$123$rdmux[0][2][0]$b$644, Y=$memory$flatten\u_bcd7seg2.$auto$proc_rom.cc:155:do_switch$123$rdmux[0][1][0]$a$637
      New ports: A={ 1'0 $memory$flatten\u_bcd7seg2.$auto$proc_rom.cc:155:do_switch$123$rdmux[0][2][0]$a$643 [1] $memory$flatten\u_bcd7seg2.$auto$proc_rom.cc:155:do_switch$123$rdmux[0][2][0]$a$643 [1] $memory$flatten\u_bcd7seg2.$auto$proc_rom.cc:155:do_switch$123$rdmux[0][2][0]$a$643 [1] 1'1 }, B={ $memory$flatten\u_bcd7seg2.$auto$proc_rom.cc:155:do_switch$123$rdmux[0][2][0]$b$644 [4] 1'0 $memory$flatten\u_bcd7seg2.$auto$proc_rom.cc:155:do_switch$123$rdmux[0][2][0]$b$644 [2] 2'10 }, Y=$memory$flatten\u_bcd7seg2.$auto$proc_rom.cc:155:do_switch$123$rdmux[0][1][0]$a$637 [4:0]
      New connections: $memory$flatten\u_bcd7seg2.$auto$proc_rom.cc:155:do_switch$123$rdmux[0][1][0]$a$637 [6:5] = { $memory$flatten\u_bcd7seg2.$auto$proc_rom.cc:155:do_switch$123$rdmux[0][1][0]$a$637 [3] 1'0 }
    Consolidated identical input bits for $mux cell $memory$flatten\u_bcd7seg1.$auto$proc_rom.cc:155:do_switch$123$rdmux[0][2][3]$606:
      Old ports: A=$memory$flatten\u_bcd7seg1.$auto$proc_rom.cc:155:do_switch$123$rdmux[0][2][3]$a$607, B=$memory$flatten\u_bcd7seg1.$auto$proc_rom.cc:155:do_switch$123$rdmux[0][2][3]$b$608, Y=$memory$flatten\u_bcd7seg1.$auto$proc_rom.cc:155:do_switch$123$rdmux[0][1][1]$b$596
      New ports: A={ $memory$flatten\u_bcd7seg1.$auto$proc_rom.cc:155:do_switch$123$rdmux[0][2][3]$a$607 [0] 1'0 $memory$flatten\u_bcd7seg1.$auto$proc_rom.cc:155:do_switch$123$rdmux[0][2][3]$a$607 [1:0] }, B={ 1'1 $memory$flatten\u_bcd7seg1.$auto$proc_rom.cc:155:do_switch$123$rdmux[0][2][3]$b$608 [3] 2'00 }, Y={ $memory$flatten\u_bcd7seg1.$auto$proc_rom.cc:155:do_switch$123$rdmux[0][1][1]$b$596 [4:3] $memory$flatten\u_bcd7seg1.$auto$proc_rom.cc:155:do_switch$123$rdmux[0][1][1]$b$596 [1:0] }
      New connections: { $memory$flatten\u_bcd7seg1.$auto$proc_rom.cc:155:do_switch$123$rdmux[0][1][1]$b$596 [6:5] $memory$flatten\u_bcd7seg1.$auto$proc_rom.cc:155:do_switch$123$rdmux[0][1][1]$b$596 [2] } = { $memory$flatten\u_bcd7seg1.$auto$proc_rom.cc:155:do_switch$123$rdmux[0][1][1]$b$596 [1] $memory$flatten\u_bcd7seg1.$auto$proc_rom.cc:155:do_switch$123$rdmux[0][1][1]$b$596 [4] 1'0 }
    Consolidated identical input bits for $mux cell $memory$flatten\u_bcd7seg1.$auto$proc_rom.cc:155:do_switch$123$rdmux[0][2][2]$603:
      Old ports: A=$memory$flatten\u_bcd7seg1.$auto$proc_rom.cc:155:do_switch$123$rdmux[0][2][2]$a$604, B=$memory$flatten\u_bcd7seg1.$auto$proc_rom.cc:155:do_switch$123$rdmux[0][2][2]$b$605, Y=$memory$flatten\u_bcd7seg1.$auto$proc_rom.cc:155:do_switch$123$rdmux[0][1][1]$a$595
      New ports: A={ 2'00 $memory$flatten\u_bcd7seg1.$auto$proc_rom.cc:155:do_switch$123$rdmux[0][2][2]$a$604 [2] }, B={ $memory$flatten\u_bcd7seg1.$auto$proc_rom.cc:155:do_switch$123$rdmux[0][2][2]$b$605 [5] $memory$flatten\u_bcd7seg1.$auto$proc_rom.cc:155:do_switch$123$rdmux[0][2][2]$b$605 [3] 1'0 }, Y={ $memory$flatten\u_bcd7seg1.$auto$proc_rom.cc:155:do_switch$123$rdmux[0][1][1]$a$595 [5] $memory$flatten\u_bcd7seg1.$auto$proc_rom.cc:155:do_switch$123$rdmux[0][1][1]$a$595 [3:2] }
      New connections: { $memory$flatten\u_bcd7seg1.$auto$proc_rom.cc:155:do_switch$123$rdmux[0][1][1]$a$595 [6] $memory$flatten\u_bcd7seg1.$auto$proc_rom.cc:155:do_switch$123$rdmux[0][1][1]$a$595 [4] $memory$flatten\u_bcd7seg1.$auto$proc_rom.cc:155:do_switch$123$rdmux[0][1][1]$a$595 [1:0] } = { $memory$flatten\u_bcd7seg1.$auto$proc_rom.cc:155:do_switch$123$rdmux[0][1][1]$a$595 [5] 3'000 }
    Consolidated identical input bits for $mux cell $memory$flatten\u_bcd7seg1.$auto$proc_rom.cc:155:do_switch$123$rdmux[0][2][1]$600:
      Old ports: A=$memory$flatten\u_bcd7seg1.$auto$proc_rom.cc:155:do_switch$123$rdmux[0][2][1]$a$601, B=$memory$flatten\u_bcd7seg1.$auto$proc_rom.cc:155:do_switch$123$rdmux[0][2][1]$b$602, Y=$memory$flatten\u_bcd7seg1.$auto$proc_rom.cc:155:do_switch$123$rdmux[0][1][0]$b$593
      New ports: A={ $memory$flatten\u_bcd7seg1.$auto$proc_rom.cc:155:do_switch$123$rdmux[0][2][1]$a$601 [3] $memory$flatten\u_bcd7seg1.$auto$proc_rom.cc:155:do_switch$123$rdmux[0][2][1]$a$601 [5] $memory$flatten\u_bcd7seg1.$auto$proc_rom.cc:155:do_switch$123$rdmux[0][2][1]$a$601 [3] 2'10 }, B={ 1'0 $memory$flatten\u_bcd7seg1.$auto$proc_rom.cc:155:do_switch$123$rdmux[0][2][1]$b$602 [5] $memory$flatten\u_bcd7seg1.$auto$proc_rom.cc:155:do_switch$123$rdmux[0][2][1]$b$602 [0] $memory$flatten\u_bcd7seg1.$auto$proc_rom.cc:155:do_switch$123$rdmux[0][2][1]$b$602 [0] $memory$flatten\u_bcd7seg1.$auto$proc_rom.cc:155:do_switch$123$rdmux[0][2][1]$b$602 [0] }, Y={ $memory$flatten\u_bcd7seg1.$auto$proc_rom.cc:155:do_switch$123$rdmux[0][1][0]$b$593 [6:5] $memory$flatten\u_bcd7seg1.$auto$proc_rom.cc:155:do_switch$123$rdmux[0][1][0]$b$593 [3:2] $memory$flatten\u_bcd7seg1.$auto$proc_rom.cc:155:do_switch$123$rdmux[0][1][0]$b$593 [0] }
      New connections: { $memory$flatten\u_bcd7seg1.$auto$proc_rom.cc:155:do_switch$123$rdmux[0][1][0]$b$593 [4] $memory$flatten\u_bcd7seg1.$auto$proc_rom.cc:155:do_switch$123$rdmux[0][1][0]$b$593 [1] } = { 1'0 $memory$flatten\u_bcd7seg1.$auto$proc_rom.cc:155:do_switch$123$rdmux[0][1][0]$b$593 [0] }
    Consolidated identical input bits for $mux cell $memory$flatten\u_bcd7seg1.$auto$proc_rom.cc:155:do_switch$123$rdmux[0][2][0]$597:
      Old ports: A=$memory$flatten\u_bcd7seg1.$auto$proc_rom.cc:155:do_switch$123$rdmux[0][2][0]$a$598, B=$memory$flatten\u_bcd7seg1.$auto$proc_rom.cc:155:do_switch$123$rdmux[0][2][0]$b$599, Y=$memory$flatten\u_bcd7seg1.$auto$proc_rom.cc:155:do_switch$123$rdmux[0][1][0]$a$592
      New ports: A={ 1'0 $memory$flatten\u_bcd7seg1.$auto$proc_rom.cc:155:do_switch$123$rdmux[0][2][0]$a$598 [1] $memory$flatten\u_bcd7seg1.$auto$proc_rom.cc:155:do_switch$123$rdmux[0][2][0]$a$598 [1] $memory$flatten\u_bcd7seg1.$auto$proc_rom.cc:155:do_switch$123$rdmux[0][2][0]$a$598 [1] 1'1 }, B={ $memory$flatten\u_bcd7seg1.$auto$proc_rom.cc:155:do_switch$123$rdmux[0][2][0]$b$599 [4] 1'0 $memory$flatten\u_bcd7seg1.$auto$proc_rom.cc:155:do_switch$123$rdmux[0][2][0]$b$599 [2] 2'10 }, Y=$memory$flatten\u_bcd7seg1.$auto$proc_rom.cc:155:do_switch$123$rdmux[0][1][0]$a$592 [4:0]
      New connections: $memory$flatten\u_bcd7seg1.$auto$proc_rom.cc:155:do_switch$123$rdmux[0][1][0]$a$592 [6:5] = { $memory$flatten\u_bcd7seg1.$auto$proc_rom.cc:155:do_switch$123$rdmux[0][1][0]$a$592 [3] 1'0 }
    Consolidated identical input bits for $mux cell $memory$flatten\u_bcd7seg0.$auto$proc_rom.cc:155:do_switch$123$rdmux[0][2][3]$561:
      Old ports: A=$memory$flatten\u_bcd7seg0.$auto$proc_rom.cc:155:do_switch$123$rdmux[0][2][3]$a$562, B=$memory$flatten\u_bcd7seg0.$auto$proc_rom.cc:155:do_switch$123$rdmux[0][2][3]$b$563, Y=$memory$flatten\u_bcd7seg0.$auto$proc_rom.cc:155:do_switch$123$rdmux[0][1][1]$b$551
      New ports: A={ $memory$flatten\u_bcd7seg0.$auto$proc_rom.cc:155:do_switch$123$rdmux[0][2][3]$a$562 [0] 1'0 $memory$flatten\u_bcd7seg0.$auto$proc_rom.cc:155:do_switch$123$rdmux[0][2][3]$a$562 [1:0] }, B={ 1'1 $memory$flatten\u_bcd7seg0.$auto$proc_rom.cc:155:do_switch$123$rdmux[0][2][3]$b$563 [3] 2'00 }, Y={ $memory$flatten\u_bcd7seg0.$auto$proc_rom.cc:155:do_switch$123$rdmux[0][1][1]$b$551 [4:3] $memory$flatten\u_bcd7seg0.$auto$proc_rom.cc:155:do_switch$123$rdmux[0][1][1]$b$551 [1:0] }
      New connections: { $memory$flatten\u_bcd7seg0.$auto$proc_rom.cc:155:do_switch$123$rdmux[0][1][1]$b$551 [6:5] $memory$flatten\u_bcd7seg0.$auto$proc_rom.cc:155:do_switch$123$rdmux[0][1][1]$b$551 [2] } = { $memory$flatten\u_bcd7seg0.$auto$proc_rom.cc:155:do_switch$123$rdmux[0][1][1]$b$551 [1] $memory$flatten\u_bcd7seg0.$auto$proc_rom.cc:155:do_switch$123$rdmux[0][1][1]$b$551 [4] 1'0 }
    Consolidated identical input bits for $mux cell $memory$flatten\u_bcd7seg0.$auto$proc_rom.cc:155:do_switch$123$rdmux[0][2][2]$558:
      Old ports: A=$memory$flatten\u_bcd7seg0.$auto$proc_rom.cc:155:do_switch$123$rdmux[0][2][2]$a$559, B=$memory$flatten\u_bcd7seg0.$auto$proc_rom.cc:155:do_switch$123$rdmux[0][2][2]$b$560, Y=$memory$flatten\u_bcd7seg0.$auto$proc_rom.cc:155:do_switch$123$rdmux[0][1][1]$a$550
      New ports: A={ 2'00 $memory$flatten\u_bcd7seg0.$auto$proc_rom.cc:155:do_switch$123$rdmux[0][2][2]$a$559 [2] }, B={ $memory$flatten\u_bcd7seg0.$auto$proc_rom.cc:155:do_switch$123$rdmux[0][2][2]$b$560 [5] $memory$flatten\u_bcd7seg0.$auto$proc_rom.cc:155:do_switch$123$rdmux[0][2][2]$b$560 [3] 1'0 }, Y={ $memory$flatten\u_bcd7seg0.$auto$proc_rom.cc:155:do_switch$123$rdmux[0][1][1]$a$550 [5] $memory$flatten\u_bcd7seg0.$auto$proc_rom.cc:155:do_switch$123$rdmux[0][1][1]$a$550 [3:2] }
      New connections: { $memory$flatten\u_bcd7seg0.$auto$proc_rom.cc:155:do_switch$123$rdmux[0][1][1]$a$550 [6] $memory$flatten\u_bcd7seg0.$auto$proc_rom.cc:155:do_switch$123$rdmux[0][1][1]$a$550 [4] $memory$flatten\u_bcd7seg0.$auto$proc_rom.cc:155:do_switch$123$rdmux[0][1][1]$a$550 [1:0] } = { $memory$flatten\u_bcd7seg0.$auto$proc_rom.cc:155:do_switch$123$rdmux[0][1][1]$a$550 [5] 3'000 }
    Consolidated identical input bits for $mux cell $memory$flatten\u_bcd7seg0.$auto$proc_rom.cc:155:do_switch$123$rdmux[0][2][1]$555:
      Old ports: A=$memory$flatten\u_bcd7seg0.$auto$proc_rom.cc:155:do_switch$123$rdmux[0][2][1]$a$556, B=$memory$flatten\u_bcd7seg0.$auto$proc_rom.cc:155:do_switch$123$rdmux[0][2][1]$b$557, Y=$memory$flatten\u_bcd7seg0.$auto$proc_rom.cc:155:do_switch$123$rdmux[0][1][0]$b$548
      New ports: A={ $memory$flatten\u_bcd7seg0.$auto$proc_rom.cc:155:do_switch$123$rdmux[0][2][1]$a$556 [3] $memory$flatten\u_bcd7seg0.$auto$proc_rom.cc:155:do_switch$123$rdmux[0][2][1]$a$556 [5] $memory$flatten\u_bcd7seg0.$auto$proc_rom.cc:155:do_switch$123$rdmux[0][2][1]$a$556 [3] 2'10 }, B={ 1'0 $memory$flatten\u_bcd7seg0.$auto$proc_rom.cc:155:do_switch$123$rdmux[0][2][1]$b$557 [5] $memory$flatten\u_bcd7seg0.$auto$proc_rom.cc:155:do_switch$123$rdmux[0][2][1]$b$557 [0] $memory$flatten\u_bcd7seg0.$auto$proc_rom.cc:155:do_switch$123$rdmux[0][2][1]$b$557 [0] $memory$flatten\u_bcd7seg0.$auto$proc_rom.cc:155:do_switch$123$rdmux[0][2][1]$b$557 [0] }, Y={ $memory$flatten\u_bcd7seg0.$auto$proc_rom.cc:155:do_switch$123$rdmux[0][1][0]$b$548 [6:5] $memory$flatten\u_bcd7seg0.$auto$proc_rom.cc:155:do_switch$123$rdmux[0][1][0]$b$548 [3:2] $memory$flatten\u_bcd7seg0.$auto$proc_rom.cc:155:do_switch$123$rdmux[0][1][0]$b$548 [0] }
      New connections: { $memory$flatten\u_bcd7seg0.$auto$proc_rom.cc:155:do_switch$123$rdmux[0][1][0]$b$548 [4] $memory$flatten\u_bcd7seg0.$auto$proc_rom.cc:155:do_switch$123$rdmux[0][1][0]$b$548 [1] } = { 1'0 $memory$flatten\u_bcd7seg0.$auto$proc_rom.cc:155:do_switch$123$rdmux[0][1][0]$b$548 [0] }
    Consolidated identical input bits for $mux cell $memory$flatten\u_bcd7seg0.$auto$proc_rom.cc:155:do_switch$123$rdmux[0][2][0]$552:
      Old ports: A=$memory$flatten\u_bcd7seg0.$auto$proc_rom.cc:155:do_switch$123$rdmux[0][2][0]$a$553, B=$memory$flatten\u_bcd7seg0.$auto$proc_rom.cc:155:do_switch$123$rdmux[0][2][0]$b$554, Y=$memory$flatten\u_bcd7seg0.$auto$proc_rom.cc:155:do_switch$123$rdmux[0][1][0]$a$547
      New ports: A={ 1'0 $memory$flatten\u_bcd7seg0.$auto$proc_rom.cc:155:do_switch$123$rdmux[0][2][0]$a$553 [1] $memory$flatten\u_bcd7seg0.$auto$proc_rom.cc:155:do_switch$123$rdmux[0][2][0]$a$553 [1] $memory$flatten\u_bcd7seg0.$auto$proc_rom.cc:155:do_switch$123$rdmux[0][2][0]$a$553 [1] 1'1 }, B={ $memory$flatten\u_bcd7seg0.$auto$proc_rom.cc:155:do_switch$123$rdmux[0][2][0]$b$554 [4] 1'0 $memory$flatten\u_bcd7seg0.$auto$proc_rom.cc:155:do_switch$123$rdmux[0][2][0]$b$554 [2] 2'10 }, Y=$memory$flatten\u_bcd7seg0.$auto$proc_rom.cc:155:do_switch$123$rdmux[0][1][0]$a$547 [4:0]
      New connections: $memory$flatten\u_bcd7seg0.$auto$proc_rom.cc:155:do_switch$123$rdmux[0][1][0]$a$547 [6:5] = { $memory$flatten\u_bcd7seg0.$auto$proc_rom.cc:155:do_switch$123$rdmux[0][1][0]$a$547 [3] 1'0 }
    Consolidated identical input bits for $mux cell $ternary$example/e7/top_e7.v:81$11:
      Old ports: A=\ascii, B=8'00000000, Y=\u_reg_ascii.din
      New ports: A=\ascii [6:0], B=7'0000000, Y=\u_reg_ascii.din [6:0]
      New connections: \u_reg_ascii.din [7] = 1'0
  Optimizing cells in module \top_e7.
    Consolidated identical input bits for $mux cell $memory$flatten\u_keyLUT.$auto$proc_rom.cc:155:do_switch$127$rdmux[0][4][9]$885:
      Old ports: A=$memory$flatten\u_keyLUT.$auto$proc_rom.cc:155:do_switch$127$rdmux[0][4][9]$a$886, B=$memory$flatten\u_keyLUT.$auto$proc_rom.cc:155:do_switch$127$rdmux[0][4][9]$b$887, Y=$memory$flatten\u_keyLUT.$auto$proc_rom.cc:155:do_switch$127$rdmux[0][3][4]$b$848
      New ports: A={ $memory$flatten\u_keyLUT.$auto$proc_rom.cc:155:do_switch$127$rdmux[0][4][9]$a$886 [2] 1'0 $memory$flatten\u_keyLUT.$auto$proc_rom.cc:155:do_switch$127$rdmux[0][4][9]$a$886 [2] }, B={ $memory$flatten\u_keyLUT.$auto$proc_rom.cc:155:do_switch$127$rdmux[0][4][9]$b$887 [4] $memory$flatten\u_keyLUT.$auto$proc_rom.cc:155:do_switch$127$rdmux[0][4][9]$b$887 [4] 1'0 }, Y={ $memory$flatten\u_keyLUT.$auto$proc_rom.cc:155:do_switch$127$rdmux[0][3][4]$b$848 [5:4] $memory$flatten\u_keyLUT.$auto$proc_rom.cc:155:do_switch$127$rdmux[0][3][4]$b$848 [2] }
      New connections: { $memory$flatten\u_keyLUT.$auto$proc_rom.cc:155:do_switch$127$rdmux[0][3][4]$b$848 [6] $memory$flatten\u_keyLUT.$auto$proc_rom.cc:155:do_switch$127$rdmux[0][3][4]$b$848 [3] $memory$flatten\u_keyLUT.$auto$proc_rom.cc:155:do_switch$127$rdmux[0][3][4]$b$848 [1:0] } = { $memory$flatten\u_keyLUT.$auto$proc_rom.cc:155:do_switch$127$rdmux[0][3][4]$b$848 [5] $memory$flatten\u_keyLUT.$auto$proc_rom.cc:155:do_switch$127$rdmux[0][3][4]$b$848 [2] 2'00 }
    Consolidated identical input bits for $mux cell $memory$flatten\u_keyLUT.$auto$proc_rom.cc:155:do_switch$127$rdmux[0][4][8]$882:
      Old ports: A=$memory$flatten\u_keyLUT.$auto$proc_rom.cc:155:do_switch$127$rdmux[0][4][8]$a$883, B=$memory$flatten\u_keyLUT.$auto$proc_rom.cc:155:do_switch$127$rdmux[0][4][8]$b$884, Y=$memory$flatten\u_keyLUT.$auto$proc_rom.cc:155:do_switch$127$rdmux[0][3][4]$a$847
      New ports: A={ $memory$flatten\u_keyLUT.$auto$proc_rom.cc:155:do_switch$127$rdmux[0][4][8]$a$883 [0] $memory$flatten\u_keyLUT.$auto$proc_rom.cc:155:do_switch$127$rdmux[0][4][8]$a$883 [0] 2'00 $memory$flatten\u_keyLUT.$auto$proc_rom.cc:155:do_switch$127$rdmux[0][4][8]$a$883 [1:0] }, B={ $memory$flatten\u_keyLUT.$auto$proc_rom.cc:155:do_switch$127$rdmux[0][4][8]$b$884 [1] $memory$flatten\u_keyLUT.$auto$proc_rom.cc:155:do_switch$127$rdmux[0][4][8]$b$884 [5:4] $memory$flatten\u_keyLUT.$auto$proc_rom.cc:155:do_switch$127$rdmux[0][4][8]$b$884 [1] $memory$flatten\u_keyLUT.$auto$proc_rom.cc:155:do_switch$127$rdmux[0][4][8]$b$884 [1:0] }, Y={ $memory$flatten\u_keyLUT.$auto$proc_rom.cc:155:do_switch$127$rdmux[0][3][4]$a$847 [6:4] $memory$flatten\u_keyLUT.$auto$proc_rom.cc:155:do_switch$127$rdmux[0][3][4]$a$847 [2:0] }
      New connections: $memory$flatten\u_keyLUT.$auto$proc_rom.cc:155:do_switch$127$rdmux[0][3][4]$a$847 [3] = $memory$flatten\u_keyLUT.$auto$proc_rom.cc:155:do_switch$127$rdmux[0][3][4]$a$847 [0]
    Consolidated identical input bits for $mux cell $memory$flatten\u_keyLUT.$auto$proc_rom.cc:155:do_switch$127$rdmux[0][4][7]$879:
      Old ports: A=$memory$flatten\u_keyLUT.$auto$proc_rom.cc:155:do_switch$127$rdmux[0][4][7]$a$880, B=$memory$flatten\u_keyLUT.$auto$proc_rom.cc:155:do_switch$127$rdmux[0][4][7]$b$881, Y=$memory$flatten\u_keyLUT.$auto$proc_rom.cc:155:do_switch$127$rdmux[0][3][3]$b$845
      New ports: A={ $memory$flatten\u_keyLUT.$auto$proc_rom.cc:155:do_switch$127$rdmux[0][4][7]$a$880 [3] $memory$flatten\u_keyLUT.$auto$proc_rom.cc:155:do_switch$127$rdmux[0][4][7]$a$880 [3] 1'0 $memory$flatten\u_keyLUT.$auto$proc_rom.cc:155:do_switch$127$rdmux[0][4][7]$a$880 [3] $memory$flatten\u_keyLUT.$auto$proc_rom.cc:155:do_switch$127$rdmux[0][4][7]$a$880 [1:0] }, B={ $memory$flatten\u_keyLUT.$auto$proc_rom.cc:155:do_switch$127$rdmux[0][4][7]$b$881 [6] $memory$flatten\u_keyLUT.$auto$proc_rom.cc:155:do_switch$127$rdmux[0][4][7]$b$881 [4] $memory$flatten\u_keyLUT.$auto$proc_rom.cc:155:do_switch$127$rdmux[0][4][7]$b$881 [4:3] $memory$flatten\u_keyLUT.$auto$proc_rom.cc:155:do_switch$127$rdmux[0][4][7]$b$881 [1:0] }, Y={ $memory$flatten\u_keyLUT.$auto$proc_rom.cc:155:do_switch$127$rdmux[0][3][3]$b$845 [6:3] $memory$flatten\u_keyLUT.$auto$proc_rom.cc:155:do_switch$127$rdmux[0][3][3]$b$845 [1:0] }
      New connections: $memory$flatten\u_keyLUT.$auto$proc_rom.cc:155:do_switch$127$rdmux[0][3][3]$b$845 [2] = $memory$flatten\u_keyLUT.$auto$proc_rom.cc:155:do_switch$127$rdmux[0][3][3]$b$845 [0]
    Consolidated identical input bits for $mux cell $memory$flatten\u_keyLUT.$auto$proc_rom.cc:155:do_switch$127$rdmux[0][4][5]$873:
      Old ports: A=$memory$flatten\u_keyLUT.$auto$proc_rom.cc:155:do_switch$127$rdmux[0][4][5]$a$874, B=$memory$flatten\u_keyLUT.$auto$proc_rom.cc:155:do_switch$127$rdmux[0][4][5]$b$875, Y=$memory$flatten\u_keyLUT.$auto$proc_rom.cc:155:do_switch$127$rdmux[0][3][2]$b$842
      New ports: A={ $memory$flatten\u_keyLUT.$auto$proc_rom.cc:155:do_switch$127$rdmux[0][4][5]$a$874 [1] $memory$flatten\u_keyLUT.$auto$proc_rom.cc:155:do_switch$127$rdmux[0][4][5]$a$874 [1] $memory$flatten\u_keyLUT.$auto$proc_rom.cc:155:do_switch$127$rdmux[0][4][5]$a$874 [4] $memory$flatten\u_keyLUT.$auto$proc_rom.cc:155:do_switch$127$rdmux[0][4][5]$a$874 [1] $memory$flatten\u_keyLUT.$auto$proc_rom.cc:155:do_switch$127$rdmux[0][4][5]$a$874 [1] 1'0 }, B={ $memory$flatten\u_keyLUT.$auto$proc_rom.cc:155:do_switch$127$rdmux[0][4][5]$b$875 [6] $memory$flatten\u_keyLUT.$auto$proc_rom.cc:155:do_switch$127$rdmux[0][4][5]$b$875 [4] $memory$flatten\u_keyLUT.$auto$proc_rom.cc:155:do_switch$127$rdmux[0][4][5]$b$875 [4] $memory$flatten\u_keyLUT.$auto$proc_rom.cc:155:do_switch$127$rdmux[0][4][5]$b$875 [2:0] }, Y={ $memory$flatten\u_keyLUT.$auto$proc_rom.cc:155:do_switch$127$rdmux[0][3][2]$b$842 [6:4] $memory$flatten\u_keyLUT.$auto$proc_rom.cc:155:do_switch$127$rdmux[0][3][2]$b$842 [2:0] }
      New connections: $memory$flatten\u_keyLUT.$auto$proc_rom.cc:155:do_switch$127$rdmux[0][3][2]$b$842 [3] = 1'0
    Consolidated identical input bits for $mux cell $memory$flatten\u_keyLUT.$auto$proc_rom.cc:155:do_switch$127$rdmux[0][4][3]$867:
      Old ports: A=$memory$flatten\u_keyLUT.$auto$proc_rom.cc:155:do_switch$127$rdmux[0][4][3]$a$868, B=$memory$flatten\u_keyLUT.$auto$proc_rom.cc:155:do_switch$127$rdmux[0][4][3]$b$869, Y=$memory$flatten\u_keyLUT.$auto$proc_rom.cc:155:do_switch$127$rdmux[0][3][1]$b$839
      New ports: A={ $memory$flatten\u_keyLUT.$auto$proc_rom.cc:155:do_switch$127$rdmux[0][4][3]$a$868 [1] $memory$flatten\u_keyLUT.$auto$proc_rom.cc:155:do_switch$127$rdmux[0][4][3]$a$868 [1] $memory$flatten\u_keyLUT.$auto$proc_rom.cc:155:do_switch$127$rdmux[0][4][3]$a$868 [3] 1'0 $memory$flatten\u_keyLUT.$auto$proc_rom.cc:155:do_switch$127$rdmux[0][4][3]$a$868 [1:0] }, B={ $memory$flatten\u_keyLUT.$auto$proc_rom.cc:155:do_switch$127$rdmux[0][4][3]$b$869 [0] $memory$flatten\u_keyLUT.$auto$proc_rom.cc:155:do_switch$127$rdmux[0][4][3]$b$869 [5] 1'0 $memory$flatten\u_keyLUT.$auto$proc_rom.cc:155:do_switch$127$rdmux[0][4][3]$b$869 [2:0] }, Y={ $memory$flatten\u_keyLUT.$auto$proc_rom.cc:155:do_switch$127$rdmux[0][3][1]$b$839 [6:5] $memory$flatten\u_keyLUT.$auto$proc_rom.cc:155:do_switch$127$rdmux[0][3][1]$b$839 [3:0] }
      New connections: $memory$flatten\u_keyLUT.$auto$proc_rom.cc:155:do_switch$127$rdmux[0][3][1]$b$839 [4] = $memory$flatten\u_keyLUT.$auto$proc_rom.cc:155:do_switch$127$rdmux[0][3][1]$b$839 [1]
    Consolidated identical input bits for $mux cell $memory$flatten\u_keyLUT.$auto$proc_rom.cc:155:do_switch$127$rdmux[0][4][2]$864:
      Old ports: A=7'0000000, B=$memory$flatten\u_keyLUT.$auto$proc_rom.cc:155:do_switch$127$rdmux[0][4][2]$b$866, Y=$memory$flatten\u_keyLUT.$auto$proc_rom.cc:155:do_switch$127$rdmux[0][3][1]$a$838
      New ports: A=2'00, B={ $memory$flatten\u_keyLUT.$auto$proc_rom.cc:155:do_switch$127$rdmux[0][4][2]$b$866 [6] $memory$flatten\u_keyLUT.$auto$proc_rom.cc:155:do_switch$127$rdmux[0][4][2]$b$866 [0] }, Y={ $memory$flatten\u_keyLUT.$auto$proc_rom.cc:155:do_switch$127$rdmux[0][3][1]$a$838 [6] $memory$flatten\u_keyLUT.$auto$proc_rom.cc:155:do_switch$127$rdmux[0][3][1]$a$838 [0] }
      New connections: $memory$flatten\u_keyLUT.$auto$proc_rom.cc:155:do_switch$127$rdmux[0][3][1]$a$838 [5:1] = { $memory$flatten\u_keyLUT.$auto$proc_rom.cc:155:do_switch$127$rdmux[0][3][1]$a$838 [0] $memory$flatten\u_keyLUT.$auto$proc_rom.cc:155:do_switch$127$rdmux[0][3][1]$a$838 [0] 3'000 }
  Optimizing cells in module \top_e7.
Performed a total of 119 changes.

4.20.5. Executing OPT_MERGE pass (detect identical cells).
Finding identical cells in module `\top_e7'.
<suppressed ~153 debug messages>
Removed a total of 51 cells.

4.20.6. Executing OPT_SHARE pass.
    Found cells that share an operand and can be merged by moving the $mux $procmux$359 in front of them:
        $or$example/e7/top_e7.v:0$34
        $or$example/e7/top_e7.v:0$44

4.20.7. Executing OPT_DFF pass (perform DFF optimizations).
Adding SRST signal on $\u_ps2_keyboard.fifo$rdreg[0] ($dff) from module top_e7 (D = $auto$rtlil.cc:3098:Mux$540, Q = $\u_ps2_keyboard.fifo$rdreg[0]$q, rval = 3'000).

4.20.8. Executing OPT_CLEAN pass (remove unused cells and wires).
Finding unused cells or wires in module \top_e7..
Removed 1 unused cells and 367 unused wires.
<suppressed ~2 debug messages>

4.20.9. Executing OPT_EXPR pass (perform const folding).
Optimizing module top_e7.
<suppressed ~10 debug messages>

4.20.10. Rerunning OPT passes. (Maybe there is more to do..)

4.20.11. Executing OPT_MUXTREE pass (detect dead branches in mux trees).
Running muxtree optimizer on module \top_e7..
  Creating internal representation of mux trees.
  Evaluating internal representation of mux trees.
  Analyzing evaluation results.
Removed 0 multiplexer ports.
<suppressed ~48 debug messages>

4.20.12. Executing OPT_REDUCE pass (consolidate $*mux and $reduce_* inputs).
  Optimizing cells in module \top_e7.
Performed a total of 0 changes.

4.20.13. Executing OPT_MERGE pass (detect identical cells).
Finding identical cells in module `\top_e7'.
Removed a total of 0 cells.

4.20.14. Executing OPT_SHARE pass.

4.20.15. Executing OPT_DFF pass (perform DFF optimizations).
Adding EN signal on $memory\u_ps2_keyboard.fifo[7]$1208 ($dff) from module top_e7 (D = \u_ps2_keyboard.buffer [8:1], Q = \u_ps2_keyboard.fifo[7]).
Adding EN signal on $memory\u_ps2_keyboard.fifo[6]$1206 ($dff) from module top_e7 (D = \u_ps2_keyboard.buffer [8:1], Q = \u_ps2_keyboard.fifo[6]).
Adding EN signal on $memory\u_ps2_keyboard.fifo[5]$1204 ($dff) from module top_e7 (D = \u_ps2_keyboard.buffer [8:1], Q = \u_ps2_keyboard.fifo[5]).
Adding EN signal on $memory\u_ps2_keyboard.fifo[4]$1202 ($dff) from module top_e7 (D = \u_ps2_keyboard.buffer [8:1], Q = \u_ps2_keyboard.fifo[4]).
Adding EN signal on $memory\u_ps2_keyboard.fifo[3]$1200 ($dff) from module top_e7 (D = \u_ps2_keyboard.buffer [8:1], Q = \u_ps2_keyboard.fifo[3]).
Adding EN signal on $memory\u_ps2_keyboard.fifo[2]$1198 ($dff) from module top_e7 (D = \u_ps2_keyboard.buffer [8:1], Q = \u_ps2_keyboard.fifo[2]).
Adding EN signal on $memory\u_ps2_keyboard.fifo[1]$1196 ($dff) from module top_e7 (D = \u_ps2_keyboard.buffer [8:1], Q = \u_ps2_keyboard.fifo[1]).
Adding EN signal on $memory\u_ps2_keyboard.fifo[0]$1194 ($dff) from module top_e7 (D = \u_ps2_keyboard.buffer [8:1], Q = \u_ps2_keyboard.fifo[0]).
Setting constant 0-bit at position 7 on $auto$ff.cc:266:slice$459 ($sdffe) from module top_e7.

4.20.16. Executing OPT_CLEAN pass (remove unused cells and wires).
Finding unused cells or wires in module \top_e7..
Removed 8 unused cells and 16 unused wires.
<suppressed ~9 debug messages>

4.20.17. Executing OPT_EXPR pass (perform const folding).
Optimizing module top_e7.
<suppressed ~1 debug messages>

4.20.18. Rerunning OPT passes. (Maybe there is more to do..)

4.20.19. Executing OPT_MUXTREE pass (detect dead branches in mux trees).
Running muxtree optimizer on module \top_e7..
  Creating internal representation of mux trees.
  Evaluating internal representation of mux trees.
  Analyzing evaluation results.
Removed 0 multiplexer ports.
<suppressed ~40 debug messages>

4.20.20. Executing OPT_REDUCE pass (consolidate $*mux and $reduce_* inputs).
  Optimizing cells in module \top_e7.
    Consolidated identical input bits for $mux cell $auto$ff.cc:504:unmap_ce$513:
      Old ports: A={ 1'0 \u_reg_ascii.dout [6:4] }, B={ 1'0 \u_reg_ascii.din [6:4] }, Y=$auto$rtlil.cc:3098:Mux$514
      New ports: A=\u_reg_ascii.dout [6:4], B=\u_reg_ascii.din [6:4], Y=$auto$rtlil.cc:3098:Mux$514 [2:0]
      New connections: $auto$rtlil.cc:3098:Mux$514 [3] = 1'0
  Optimizing cells in module \top_e7.
    Consolidated identical input bits for $mux cell $auto$ff.cc:524:unmap_srst$515:
      Old ports: A=$auto$rtlil.cc:3098:Mux$514, B=4'0000, Y=$auto$rtlil.cc:3098:Mux$516
      New ports: A=$auto$rtlil.cc:3098:Mux$514 [2:0], B=3'000, Y=$auto$rtlil.cc:3098:Mux$516 [2:0]
      New connections: $auto$rtlil.cc:3098:Mux$516 [3] = 1'0
  Optimizing cells in module \top_e7.
Performed a total of 2 changes.

4.20.21. Executing OPT_MERGE pass (detect identical cells).
Finding identical cells in module `\top_e7'.
Removed a total of 0 cells.

4.20.22. Executing OPT_SHARE pass.

4.20.23. Executing OPT_DFF pass (perform DFF optimizations).

4.20.24. Executing OPT_CLEAN pass (remove unused cells and wires).
Finding unused cells or wires in module \top_e7..

4.20.25. Executing OPT_EXPR pass (perform const folding).
Optimizing module top_e7.
<suppressed ~1 debug messages>

4.20.26. Rerunning OPT passes. (Maybe there is more to do..)

4.20.27. Executing OPT_MUXTREE pass (detect dead branches in mux trees).
Running muxtree optimizer on module \top_e7..
  Creating internal representation of mux trees.
  Evaluating internal representation of mux trees.
  Analyzing evaluation results.
    dead port 1/2 on $mux $memory$flatten\u_bcd7seg1.$auto$proc_rom.cc:155:do_switch$123$rdmux[0][1][1]$594.
    dead port 2/2 on $mux $memory$flatten\u_bcd7seg1.$auto$proc_rom.cc:155:do_switch$123$rdmux[0][1][1]$594.
    dead port 1/2 on $mux $memory$flatten\u_bcd7seg1.$auto$proc_rom.cc:155:do_switch$123$rdmux[0][2][2]$603.
    dead port 2/2 on $mux $memory$flatten\u_bcd7seg1.$auto$proc_rom.cc:155:do_switch$123$rdmux[0][2][2]$603.
    dead port 1/2 on $mux $memory$flatten\u_bcd7seg1.$auto$proc_rom.cc:155:do_switch$123$rdmux[0][2][3]$606.
    dead port 2/2 on $mux $memory$flatten\u_bcd7seg1.$auto$proc_rom.cc:155:do_switch$123$rdmux[0][2][3]$606.
Removed 6 multiplexer ports.
<suppressed ~40 debug messages>

4.20.28. Executing OPT_REDUCE pass (consolidate $*mux and $reduce_* inputs).
  Optimizing cells in module \top_e7.
Performed a total of 0 changes.

4.20.29. Executing OPT_MERGE pass (detect identical cells).
Finding identical cells in module `\top_e7'.
Removed a total of 0 cells.

4.20.30. Executing OPT_SHARE pass.

4.20.31. Executing OPT_DFF pass (perform DFF optimizations).

4.20.32. Executing OPT_CLEAN pass (remove unused cells and wires).
Finding unused cells or wires in module \top_e7..
Removed 0 unused cells and 4 unused wires.
<suppressed ~1 debug messages>

4.20.33. Executing OPT_EXPR pass (perform const folding).
Optimizing module top_e7.

4.20.34. Rerunning OPT passes. (Maybe there is more to do..)

4.20.35. Executing OPT_MUXTREE pass (detect dead branches in mux trees).
Running muxtree optimizer on module \top_e7..
  Creating internal representation of mux trees.
  Evaluating internal representation of mux trees.
  Analyzing evaluation results.
Removed 0 multiplexer ports.
<suppressed ~39 debug messages>

4.20.36. Executing OPT_REDUCE pass (consolidate $*mux and $reduce_* inputs).
  Optimizing cells in module \top_e7.
Performed a total of 0 changes.

4.20.37. Executing OPT_MERGE pass (detect identical cells).
Finding identical cells in module `\top_e7'.
Removed a total of 0 cells.

4.20.38. Executing OPT_SHARE pass.

4.20.39. Executing OPT_DFF pass (perform DFF optimizations).
Adding SRST signal on $$flatten\u_bcd7seg1.$auto$proc_rom.cc:155:do_switch$123$rdreg[0] ($dff) from module top_e7 (D = $memory$flatten\u_bcd7seg1.$auto$proc_rom.cc:155:do_switch$123$rdmux[0][2][0]$b$599 [4], Q = \seg4_ [4], rval = 1'0).
Adding SRST signal on $$flatten\u_bcd7seg1.$auto$proc_rom.cc:155:do_switch$123$rdreg[0] ($dff) from module top_e7 (D = $memory$flatten\u_bcd7seg1.$auto$proc_rom.cc:155:do_switch$123$rdmux[0][1][0]$b$593 [5], Q = \seg4_ [5], rval = 1'0).

4.20.40. Executing OPT_CLEAN pass (remove unused cells and wires).
Finding unused cells or wires in module \top_e7..

4.20.41. Executing OPT_EXPR pass (perform const folding).
Optimizing module top_e7.

4.20.42. Rerunning OPT passes. (Maybe there is more to do..)

4.20.43. Executing OPT_MUXTREE pass (detect dead branches in mux trees).
Running muxtree optimizer on module \top_e7..
  Creating internal representation of mux trees.
  Evaluating internal representation of mux trees.
  Analyzing evaluation results.
Removed 0 multiplexer ports.
<suppressed ~40 debug messages>

4.20.44. Executing OPT_REDUCE pass (consolidate $*mux and $reduce_* inputs).
  Optimizing cells in module \top_e7.
Performed a total of 0 changes.

4.20.45. Executing OPT_MERGE pass (detect identical cells).
Finding identical cells in module `\top_e7'.
Removed a total of 0 cells.

4.20.46. Executing OPT_SHARE pass.

4.20.47. Executing OPT_DFF pass (perform DFF optimizations).

4.20.48. Executing OPT_CLEAN pass (remove unused cells and wires).
Finding unused cells or wires in module \top_e7..

4.20.49. Executing OPT_EXPR pass (perform const folding).
Optimizing module top_e7.

4.20.50. Finished OPT passes. (There is nothing left to do.)

4.21. Executing TECHMAP pass (map to technology primitives).

4.21.1. Executing Verilog-2005 frontend: /opt/oss-cad-suite/lib/../share/yosys/techmap.v
Parsing Verilog input from `/opt/oss-cad-suite/lib/../share/yosys/techmap.v' to AST representation.
Generating RTLIL representation for module `\_90_simplemap_bool_ops'.
Generating RTLIL representation for module `\_90_simplemap_reduce_ops'.
Generating RTLIL representation for module `\_90_simplemap_logic_ops'.
Generating RTLIL representation for module `\_90_simplemap_compare_ops'.
Generating RTLIL representation for module `\_90_simplemap_various'.
Generating RTLIL representation for module `\_90_simplemap_registers'.
Generating RTLIL representation for module `\_90_shift_ops_shr_shl_sshl_sshr'.
Generating RTLIL representation for module `\_90_shift_shiftx'.
Generating RTLIL representation for module `\_90_fa'.
Generating RTLIL representation for module `\_90_lcu_brent_kung'.
Generating RTLIL representation for module `\_90_alu'.
Generating RTLIL representation for module `\_90_macc'.
Generating RTLIL representation for module `\_90_alumacc'.
Generating RTLIL representation for module `\$__div_mod_u'.
Generating RTLIL representation for module `\$__div_mod_trunc'.
Generating RTLIL representation for module `\_90_div'.
Generating RTLIL representation for module `\_90_mod'.
Generating RTLIL representation for module `\$__div_mod_floor'.
Generating RTLIL representation for module `\_90_divfloor'.
Generating RTLIL representation for module `\_90_modfloor'.
Generating RTLIL representation for module `\_90_pow'.
Generating RTLIL representation for module `\_90_pmux'.
Generating RTLIL representation for module `\_90_demux'.
Generating RTLIL representation for module `\_90_lut'.
Successfully finished Verilog frontend.

4.21.2. Continuing TECHMAP pass.
Using extmapper simplemap for cells of type $mux.
Using extmapper simplemap for cells of type $not.
Using extmapper simplemap for cells of type $and.
Using extmapper simplemap for cells of type $or.
Using extmapper simplemap for cells of type $eq.
Using extmapper simplemap for cells of type $sdff.
Using template $paramod$c3cd1564c35d873179656addd6052d7ea8b6d991\_90_alu for cells of type $alu.
Using template $paramod$c9d98d2d0793a6d8797b9c088dbedb26a7be7121\_90_alu for cells of type $alu.
Using template $paramod$constmap:4fa7bfc18144607b02faa34986634cd2a4945945$paramod$259a30fd75d8b0b9efeac8fafbf600242707da8d\_90_shift_shiftx for cells of type $shift.
Analyzing pattern of constant bits for this cell:
  Constant input on bit 0 of port A: 1'0
Creating constmapped module `$paramod$constmap:d709bb3c14e4ea834918ff7140729a76e65e0126$paramod$259a30fd75d8b0b9efeac8fafbf600242707da8d\_90_shift_shiftx'.

4.21.12. Executing OPT_MUXTREE pass (detect dead branches in mux trees).
Running muxtree optimizer on module $paramod$constmap:d709bb3c14e4ea834918ff7140729a76e65e0126$paramod$259a30fd75d8b0b9efeac8fafbf600242707da8d\_90_shift_shiftx..
  Creating internal representation of mux trees.
  Evaluating internal representation of mux trees.
  Analyzing evaluation results.
    dead port 2/2 on $mux $procmux$1533.
    dead port 2/2 on $mux $procmux$1527.
    dead port 2/2 on $mux $procmux$1521.
    dead port 2/2 on $mux $procmux$1515.
    dead port 2/2 on $mux $procmux$1509.
    dead port 2/2 on $mux $procmux$1503.
    dead port 2/2 on $mux $procmux$1497.
Removed 7 multiplexer ports.
<suppressed ~312 debug messages>

4.21.13. Executing OPT_EXPR pass (perform const folding).
Optimizing module $paramod$constmap:d709bb3c14e4ea834918ff7140729a76e65e0126$paramod$259a30fd75d8b0b9efeac8fafbf600242707da8d\_90_shift_shiftx.
<suppressed ~10 debug messages>
Removed 0 unused cells and 21 unused wires.
Using template $paramod$constmap:d709bb3c14e4ea834918ff7140729a76e65e0126$paramod$259a30fd75d8b0b9efeac8fafbf600242707da8d\_90_shift_shiftx for cells of type $shift.
Using template $paramod$3ef7d3dd227da7627a99c5e5a6a4deb817573e39\_90_alu for cells of type $alu.
Using template $paramod$constmap:b6cee2adf0bc7bde657afc569a13a8c98a9e3ead$paramod$8224d043d49532f03ab660a9e2238b135d1af61e\_90_shift_shiftx for cells of type $shiftx.
Using extmapper simplemap for cells of type $logic_not.
Using extmapper simplemap for cells of type $ne.
Using extmapper simplemap for cells of type $dffe.
Using extmapper simplemap for cells of type $sdffe.
Using extmapper simplemap for cells of type $reduce_or.
Using extmapper simplemap for cells of type $dff.
Using extmapper simplemap for cells of type $reduce_and.
Using template $paramod$3ace65afedd5f6a6849996376b6c02262a5f23eb\_90_alu for cells of type $alu.
Using template $paramod$constmap:5a3f2d9bc64bf9737fc6bb68506e3b65c6c2d00b$paramod$1563d53d379463e43ffed4c707a38efc520349a7\_90_shift_shiftx for cells of type $shift.
Analyzing pattern of constant bits for this cell:
  Constant input on bit 0 of port A: 1'1
Creating constmapped module `$paramod$constmap:f0eeeebecdaba35cc353f6577bc8271a1027940d$paramod$1563d53d379463e43ffed4c707a38efc520349a7\_90_shift_shiftx'.

4.21.28. Executing OPT_MUXTREE pass (detect dead branches in mux trees).
Running muxtree optimizer on module $paramod$constmap:f0eeeebecdaba35cc353f6577bc8271a1027940d$paramod$1563d53d379463e43ffed4c707a38efc520349a7\_90_shift_shiftx..
  Creating internal representation of mux trees.
  Evaluating internal representation of mux trees.
  Analyzing evaluation results.
    dead port 2/2 on $mux $procmux$2901.
    dead port 2/2 on $mux $procmux$2895.
    dead port 2/2 on $mux $procmux$2889.
    dead port 2/2 on $mux $procmux$2883.
Removed 4 multiplexer ports.
<suppressed ~496 debug messages>

4.21.29. Executing OPT_EXPR pass (perform const folding).
Optimizing module $paramod$constmap:f0eeeebecdaba35cc353f6577bc8271a1027940d$paramod$1563d53d379463e43ffed4c707a38efc520349a7\_90_shift_shiftx.
<suppressed ~2 debug messages>
Removed 0 unused cells and 10 unused wires.
Using template $paramod$constmap:f0eeeebecdaba35cc353f6577bc8271a1027940d$paramod$1563d53d379463e43ffed4c707a38efc520349a7\_90_shift_shiftx for cells of type $shift.
Using template $paramod$32a7b7b86c07519b7537abc18e96f0331f97914d\_90_alu for cells of type $alu.
Using extmapper simplemap for cells of type $logic_and.
Using extmapper simplemap for cells of type $reduce_xor.
Using extmapper simplemap for cells of type $xor.
Using template $paramod\_90_lcu_brent_kung\WIDTH=32'00000000000000000000000000001000 for cells of type $lcu.
Using extmapper simplemap for cells of type $pos.
Using template $paramod\_90_lcu_brent_kung\WIDTH=32'00000000000000000000000000000011 for cells of type $lcu.
Using template $paramod\_90_lcu_brent_kung\WIDTH=32'00000000000000000000000000000101 for cells of type $lcu.
Using template $paramod\_90_lcu_brent_kung\WIDTH=32'00000000000000000000000000000100 for cells of type $lcu.
No more expansions possible.
<suppressed ~671 debug messages>

4.22. Executing OPT pass (performing simple optimizations).

4.22.1. Executing OPT_EXPR pass (perform const folding).
Optimizing module top_e7.
<suppressed ~2224 debug messages>

4.22.2. Executing OPT_MERGE pass (detect identical cells).
Finding identical cells in module `\top_e7'.
<suppressed ~327 debug messages>
Removed a total of 109 cells.

4.22.3. Executing OPT_DFF pass (perform DFF optimizations).

4.22.4. Executing OPT_CLEAN pass (remove unused cells and wires).
Finding unused cells or wires in module \top_e7..
Removed 808 unused cells and 297 unused wires.
<suppressed ~809 debug messages>

4.22.5. Finished fast OPT passes.

4.23. Executing ABC pass (technology mapping using ABC).

4.23.1. Extracting gate netlist of module `\top_e7' to `<abc-temp-dir>/input.blif'..
Extracted 1581 gates and 1857 wires to a netlist network with 274 inputs and 266 outputs.

4.23.1.1. Executing ABC.
Running ABC command: "<yosys-exe-dir>/yosys-abc" -s -f <abc-temp-dir>/abc.script 2>&1
ABC: ABC command line: "source <abc-temp-dir>/abc.script".
ABC: 
ABC: + read_blif <abc-temp-dir>/input.blif 
ABC: + read_library <abc-temp-dir>/stdcells.genlib 
ABC: + strash 
ABC: + dretime 
ABC: + map 
ABC: + write_blif <abc-temp-dir>/output.blif 

4.23.1.2. Re-integrating ABC results.
ABC RESULTS:               AND cells:       35
ABC RESULTS:            ANDNOT cells:      259
ABC RESULTS:               MUX cells:      477
ABC RESULTS:              NAND cells:       20
ABC RESULTS:               NOR cells:       26
ABC RESULTS:               NOT cells:       63
ABC RESULTS:                OR cells:      234
ABC RESULTS:             ORNOT cells:       54
ABC RESULTS:              XNOR cells:       15
ABC RESULTS:               XOR cells:       29
ABC RESULTS:        internal signals:     1317
ABC RESULTS:           input signals:      274
ABC RESULTS:          output signals:      266
Removing temp directory.

4.24. Executing OPT pass (performing simple optimizations).

4.24.1. Executing OPT_EXPR pass (perform const folding).
Optimizing module top_e7.
<suppressed ~100 debug messages>

4.24.2. Executing OPT_MERGE pass (detect identical cells).
Finding identical cells in module `\top_e7'.
<suppressed ~39 debug messages>
Removed a total of 13 cells.

4.24.3. Executing OPT_DFF pass (perform DFF optimizations).

4.24.4. Executing OPT_CLEAN pass (remove unused cells and wires).
Finding unused cells or wires in module \top_e7..
Removed 2 unused cells and 718 unused wires.
<suppressed ~7 debug messages>

4.24.5. Finished fast OPT passes.

4.25. Executing HIERARCHY pass (managing design hierarchy).
Attribute `top' found on module `top_e7'. Setting top module to top_e7.

4.25.1. Analyzing design hierarchy..
Top module:  \top_e7

4.25.2. Analyzing design hierarchy..
Top module:  \top_e7
Removed 0 unused modules.

4.26. Printing statistics.

=== top_e7 ===

   Number of wires:               1065
   Number of wire bits:           1630
   Number of public wires:          87
   Number of public wire bits:     479
   Number of ports:                 12
   Number of port bits:             48
   Number of memories:               0
   Number of memory bits:            0
   Number of processes:              0
   Number of cells:               1498
     $_ANDNOT_                     259
     $_AND_                         30
     $_DFFE_PP_                     74
     $_DFF_P_                       44
     $_MUX_                        476
     $_NAND_                        19
     $_NOR_                         25
     $_NOT_                         61
     $_ORNOT_                       52
     $_OR_                         234
     $_SDFFE_PP0N_                   8
     $_SDFFE_PP0P_                 154
     $_SDFF_PN0_                     1
     $_SDFF_PP0_                     5
     $_SDFF_PP1_                     1
     $_XNOR_                        15
     $_XOR_                         26
     $scopeinfo                     14

4.27. Executing CHECK pass (checking for obvious problems).
Checking module top_e7...
Found and reported 0 problems.

5. Executing AUTONAME pass.
Renamed 23358 objects in module top_e7 (87 iterations).
<suppressed ~2462 debug messages>

6. Executing SPLITNETS pass (splitting up multi-bit signals).

7. Executing OPT pass (performing simple optimizations).

7.1. Executing OPT_EXPR pass (perform const folding).
Optimizing module top_e7.

7.2. Executing OPT_MERGE pass (detect identical cells).
Finding identical cells in module `\top_e7'.
Removed a total of 0 cells.

7.3. Executing OPT_MUXTREE pass (detect dead branches in mux trees).
Running muxtree optimizer on module \top_e7..
  Creating internal representation of mux trees.
  No muxes found in this module.
Removed 0 multiplexer ports.

7.4. Executing OPT_REDUCE pass (consolidate $*mux and $reduce_* inputs).
  Optimizing cells in module \top_e7.
Performed a total of 0 changes.

7.5. Executing OPT_MERGE pass (detect identical cells).
Finding identical cells in module `\top_e7'.
Removed a total of 0 cells.

7.6. Executing OPT_DFF pass (perform DFF optimizations).
Adding EN signal on pressed_$_SDFFE_PP0P__Q ($_SDFFE_PP0P_) from module top_e7 (D = \u_reg_release.dout_$_NOT__A_Y, Q = \pressed[127]).
Adding EN signal on pressed_$_SDFFE_PP0P__Q_1 ($_SDFFE_PP0P_) from module top_e7 (D = \u_reg_release.dout_$_NOT__A_Y, Q = \pressed[126]).
Adding EN signal on pressed_$_SDFFE_PP0P__Q_2 ($_SDFFE_PP0P_) from module top_e7 (D = \u_reg_release.dout_$_NOT__A_Y, Q = \pressed[125]).
Adding EN signal on pressed_$_SDFFE_PP0P__Q_3 ($_SDFFE_PP0P_) from module top_e7 (D = \u_reg_release.dout_$_NOT__A_Y, Q = \pressed[124]).
Adding EN signal on pressed_$_SDFFE_PP0P__Q_4 ($_SDFFE_PP0P_) from module top_e7 (D = \u_reg_release.dout_$_NOT__A_Y, Q = \pressed[123]).
Adding EN signal on pressed_$_SDFFE_PP0P__Q_5 ($_SDFFE_PP0P_) from module top_e7 (D = \u_reg_release.dout_$_NOT__A_Y, Q = \pressed[122]).
Adding EN signal on pressed_$_SDFFE_PP0P__Q_6 ($_SDFFE_PP0P_) from module top_e7 (D = \u_reg_release.dout_$_NOT__A_Y, Q = \pressed[121]).
Adding EN signal on pressed_$_SDFFE_PP0P__Q_7 ($_SDFFE_PP0P_) from module top_e7 (D = \u_reg_release.dout_$_NOT__A_Y, Q = \pressed[120]).
Adding EN signal on pressed_$_SDFFE_PP0P__Q_8 ($_SDFFE_PP0P_) from module top_e7 (D = \u_reg_release.dout_$_NOT__A_Y, Q = \pressed[119]).
Adding EN signal on pressed_$_SDFFE_PP0P__Q_9 ($_SDFFE_PP0P_) from module top_e7 (D = \u_reg_release.dout_$_NOT__A_Y, Q = \pressed[118]).
Adding EN signal on pressed_$_SDFFE_PP0P__Q_10 ($_SDFFE_PP0P_) from module top_e7 (D = \u_reg_release.dout_$_NOT__A_Y, Q = \pressed[117]).
Adding EN signal on pressed_$_SDFFE_PP0P__Q_11 ($_SDFFE_PP0P_) from module top_e7 (D = \u_reg_release.dout_$_NOT__A_Y, Q = \pressed[116]).
Adding EN signal on pressed_$_SDFFE_PP0P__Q_12 ($_SDFFE_PP0P_) from module top_e7 (D = \u_reg_release.dout_$_NOT__A_Y, Q = \pressed[115]).
Adding EN signal on pressed_$_SDFFE_PP0P__Q_13 ($_SDFFE_PP0P_) from module top_e7 (D = \u_reg_release.dout_$_NOT__A_Y, Q = \pressed[114]).
Adding EN signal on pressed_$_SDFFE_PP0P__Q_14 ($_SDFFE_PP0P_) from module top_e7 (D = \u_reg_release.dout_$_NOT__A_Y, Q = \pressed[113]).
Adding EN signal on pressed_$_SDFFE_PP0P__Q_15 ($_SDFFE_PP0P_) from module top_e7 (D = \u_reg_release.dout_$_NOT__A_Y, Q = \pressed[112]).
Adding EN signal on pressed_$_SDFFE_PP0P__Q_16 ($_SDFFE_PP0P_) from module top_e7 (D = \u_reg_release.dout_$_NOT__A_Y, Q = \pressed[111]).
Adding EN signal on pressed_$_SDFFE_PP0P__Q_17 ($_SDFFE_PP0P_) from module top_e7 (D = \u_reg_release.dout_$_NOT__A_Y, Q = \pressed[110]).
Adding EN signal on pressed_$_SDFFE_PP0P__Q_18 ($_SDFFE_PP0P_) from module top_e7 (D = \u_reg_release.dout_$_NOT__A_Y, Q = \pressed[109]).
Adding EN signal on pressed_$_SDFFE_PP0P__Q_19 ($_SDFFE_PP0P_) from module top_e7 (D = \u_reg_release.dout_$_NOT__A_Y, Q = \pressed[108]).
Adding EN signal on pressed_$_SDFFE_PP0P__Q_20 ($_SDFFE_PP0P_) from module top_e7 (D = \u_reg_release.dout_$_NOT__A_Y, Q = \pressed[107]).
Adding EN signal on pressed_$_SDFFE_PP0P__Q_21 ($_SDFFE_PP0P_) from module top_e7 (D = \u_reg_release.dout_$_NOT__A_Y, Q = \pressed[106]).
Adding EN signal on pressed_$_SDFFE_PP0P__Q_22 ($_SDFFE_PP0P_) from module top_e7 (D = \u_reg_release.dout_$_NOT__A_Y, Q = \pressed[105]).
Adding EN signal on pressed_$_SDFFE_PP0P__Q_23 ($_SDFFE_PP0P_) from module top_e7 (D = \u_reg_release.dout_$_NOT__A_Y, Q = \pressed[104]).
Adding EN signal on pressed_$_SDFFE_PP0P__Q_24 ($_SDFFE_PP0P_) from module top_e7 (D = \u_reg_release.dout_$_NOT__A_Y, Q = \pressed[103]).
Adding EN signal on pressed_$_SDFFE_PP0P__Q_25 ($_SDFFE_PP0P_) from module top_e7 (D = \u_reg_release.dout_$_NOT__A_Y, Q = \pressed[102]).
Adding EN signal on pressed_$_SDFFE_PP0P__Q_26 ($_SDFFE_PP0P_) from module top_e7 (D = \u_reg_release.dout_$_NOT__A_Y, Q = \pressed[101]).
Adding EN signal on pressed_$_SDFFE_PP0P__Q_27 ($_SDFFE_PP0P_) from module top_e7 (D = \u_reg_release.dout_$_NOT__A_Y, Q = \pressed[100]).
Adding EN signal on pressed_$_SDFFE_PP0P__Q_28 ($_SDFFE_PP0P_) from module top_e7 (D = \u_reg_release.dout_$_NOT__A_Y, Q = \pressed[99]).
Adding EN signal on pressed_$_SDFFE_PP0P__Q_29 ($_SDFFE_PP0P_) from module top_e7 (D = \u_reg_release.dout_$_NOT__A_Y, Q = \pressed[98]).
Adding EN signal on pressed_$_SDFFE_PP0P__Q_30 ($_SDFFE_PP0P_) from module top_e7 (D = \u_reg_release.dout_$_NOT__A_Y, Q = \pressed[97]).
Adding EN signal on pressed_$_SDFFE_PP0P__Q_31 ($_SDFFE_PP0P_) from module top_e7 (D = \u_reg_release.dout_$_NOT__A_Y, Q = \pressed[96]).
Adding EN signal on pressed_$_SDFFE_PP0P__Q_32 ($_SDFFE_PP0P_) from module top_e7 (D = \u_reg_release.dout_$_NOT__A_Y, Q = \pressed[95]).
Adding EN signal on pressed_$_SDFFE_PP0P__Q_33 ($_SDFFE_PP0P_) from module top_e7 (D = \u_reg_release.dout_$_NOT__A_Y, Q = \pressed[94]).
Adding EN signal on pressed_$_SDFFE_PP0P__Q_34 ($_SDFFE_PP0P_) from module top_e7 (D = \u_reg_release.dout_$_NOT__A_Y, Q = \pressed[93]).
Adding EN signal on pressed_$_SDFFE_PP0P__Q_35 ($_SDFFE_PP0P_) from module top_e7 (D = \u_reg_release.dout_$_NOT__A_Y, Q = \pressed[92]).
Adding EN signal on pressed_$_SDFFE_PP0P__Q_36 ($_SDFFE_PP0P_) from module top_e7 (D = \u_reg_release.dout_$_NOT__A_Y, Q = \pressed[91]).
Adding EN signal on pressed_$_SDFFE_PP0P__Q_37 ($_SDFFE_PP0P_) from module top_e7 (D = \u_reg_release.dout_$_NOT__A_Y, Q = \pressed[90]).
Adding EN signal on pressed_$_SDFFE_PP0P__Q_38 ($_SDFFE_PP0P_) from module top_e7 (D = \u_reg_release.dout_$_NOT__A_Y, Q = \pressed[89]).
Adding EN signal on pressed_$_SDFFE_PP0P__Q_39 ($_SDFFE_PP0P_) from module top_e7 (D = \u_reg_release.dout_$_NOT__A_Y, Q = \pressed[88]).
Adding EN signal on pressed_$_SDFFE_PP0P__Q_40 ($_SDFFE_PP0P_) from module top_e7 (D = \u_reg_release.dout_$_NOT__A_Y, Q = \pressed[87]).
Adding EN signal on pressed_$_SDFFE_PP0P__Q_41 ($_SDFFE_PP0P_) from module top_e7 (D = \u_reg_release.dout_$_NOT__A_Y, Q = \pressed[86]).
Adding EN signal on pressed_$_SDFFE_PP0P__Q_42 ($_SDFFE_PP0P_) from module top_e7 (D = \u_reg_release.dout_$_NOT__A_Y, Q = \pressed[85]).
Adding EN signal on pressed_$_SDFFE_PP0P__Q_43 ($_SDFFE_PP0P_) from module top_e7 (D = \u_reg_release.dout_$_NOT__A_Y, Q = \pressed[84]).
Adding EN signal on pressed_$_SDFFE_PP0P__Q_44 ($_SDFFE_PP0P_) from module top_e7 (D = \u_reg_release.dout_$_NOT__A_Y, Q = \pressed[83]).
Adding EN signal on pressed_$_SDFFE_PP0P__Q_45 ($_SDFFE_PP0P_) from module top_e7 (D = \u_reg_release.dout_$_NOT__A_Y, Q = \pressed[82]).
Adding EN signal on pressed_$_SDFFE_PP0P__Q_46 ($_SDFFE_PP0P_) from module top_e7 (D = \u_reg_release.dout_$_NOT__A_Y, Q = \pressed[81]).
Adding EN signal on pressed_$_SDFFE_PP0P__Q_47 ($_SDFFE_PP0P_) from module top_e7 (D = \u_reg_release.dout_$_NOT__A_Y, Q = \pressed[80]).
Adding EN signal on pressed_$_SDFFE_PP0P__Q_48 ($_SDFFE_PP0P_) from module top_e7 (D = \u_reg_release.dout_$_NOT__A_Y, Q = \pressed[79]).
Adding EN signal on pressed_$_SDFFE_PP0P__Q_49 ($_SDFFE_PP0P_) from module top_e7 (D = \u_reg_release.dout_$_NOT__A_Y, Q = \pressed[78]).
Adding EN signal on pressed_$_SDFFE_PP0P__Q_50 ($_SDFFE_PP0P_) from module top_e7 (D = \u_reg_release.dout_$_NOT__A_Y, Q = \pressed[77]).
Adding EN signal on pressed_$_SDFFE_PP0P__Q_51 ($_SDFFE_PP0P_) from module top_e7 (D = \u_reg_release.dout_$_NOT__A_Y, Q = \pressed[76]).
Adding EN signal on pressed_$_SDFFE_PP0P__Q_52 ($_SDFFE_PP0P_) from module top_e7 (D = \u_reg_release.dout_$_NOT__A_Y, Q = \pressed[75]).
Adding EN signal on pressed_$_SDFFE_PP0P__Q_53 ($_SDFFE_PP0P_) from module top_e7 (D = \u_reg_release.dout_$_NOT__A_Y, Q = \pressed[74]).
Adding EN signal on pressed_$_SDFFE_PP0P__Q_54 ($_SDFFE_PP0P_) from module top_e7 (D = \u_reg_release.dout_$_NOT__A_Y, Q = \pressed[73]).
Adding EN signal on pressed_$_SDFFE_PP0P__Q_55 ($_SDFFE_PP0P_) from module top_e7 (D = \u_reg_release.dout_$_NOT__A_Y, Q = \pressed[72]).
Adding EN signal on pressed_$_SDFFE_PP0P__Q_56 ($_SDFFE_PP0P_) from module top_e7 (D = \u_reg_release.dout_$_NOT__A_Y, Q = \pressed[71]).
Adding EN signal on pressed_$_SDFFE_PP0P__Q_57 ($_SDFFE_PP0P_) from module top_e7 (D = \u_reg_release.dout_$_NOT__A_Y, Q = \pressed[70]).
Adding EN signal on pressed_$_SDFFE_PP0P__Q_58 ($_SDFFE_PP0P_) from module top_e7 (D = \u_reg_release.dout_$_NOT__A_Y, Q = \pressed[69]).
Adding EN signal on pressed_$_SDFFE_PP0P__Q_59 ($_SDFFE_PP0P_) from module top_e7 (D = \u_reg_release.dout_$_NOT__A_Y, Q = \pressed[68]).
Adding EN signal on pressed_$_SDFFE_PP0P__Q_60 ($_SDFFE_PP0P_) from module top_e7 (D = \u_reg_release.dout_$_NOT__A_Y, Q = \pressed[67]).
Adding EN signal on pressed_$_SDFFE_PP0P__Q_61 ($_SDFFE_PP0P_) from module top_e7 (D = \u_reg_release.dout_$_NOT__A_Y, Q = \pressed[66]).
Adding EN signal on pressed_$_SDFFE_PP0P__Q_62 ($_SDFFE_PP0P_) from module top_e7 (D = \u_reg_release.dout_$_NOT__A_Y, Q = \pressed[65]).
Adding EN signal on pressed_$_SDFFE_PP0P__Q_63 ($_SDFFE_PP0P_) from module top_e7 (D = \u_reg_release.dout_$_NOT__A_Y, Q = \pressed[64]).
Adding EN signal on pressed_$_SDFFE_PP0P__Q_64 ($_SDFFE_PP0P_) from module top_e7 (D = \u_reg_release.dout_$_NOT__A_Y, Q = \pressed[63]).
Adding EN signal on pressed_$_SDFFE_PP0P__Q_65 ($_SDFFE_PP0P_) from module top_e7 (D = \u_reg_release.dout_$_NOT__A_Y, Q = \pressed[62]).
Adding EN signal on pressed_$_SDFFE_PP0P__Q_66 ($_SDFFE_PP0P_) from module top_e7 (D = \u_reg_release.dout_$_NOT__A_Y, Q = \pressed[61]).
Adding EN signal on pressed_$_SDFFE_PP0P__Q_67 ($_SDFFE_PP0P_) from module top_e7 (D = \u_reg_release.dout_$_NOT__A_Y, Q = \pressed[60]).
Adding EN signal on pressed_$_SDFFE_PP0P__Q_68 ($_SDFFE_PP0P_) from module top_e7 (D = \u_reg_release.dout_$_NOT__A_Y, Q = \pressed[59]).
Adding EN signal on pressed_$_SDFFE_PP0P__Q_69 ($_SDFFE_PP0P_) from module top_e7 (D = \u_reg_release.dout_$_NOT__A_Y, Q = \pressed[58]).
Adding EN signal on pressed_$_SDFFE_PP0P__Q_70 ($_SDFFE_PP0P_) from module top_e7 (D = \u_reg_release.dout_$_NOT__A_Y, Q = \pressed[57]).
Adding EN signal on pressed_$_SDFFE_PP0P__Q_71 ($_SDFFE_PP0P_) from module top_e7 (D = \u_reg_release.dout_$_NOT__A_Y, Q = \pressed[56]).
Adding EN signal on pressed_$_SDFFE_PP0P__Q_72 ($_SDFFE_PP0P_) from module top_e7 (D = \u_reg_release.dout_$_NOT__A_Y, Q = \pressed[55]).
Adding EN signal on pressed_$_SDFFE_PP0P__Q_73 ($_SDFFE_PP0P_) from module top_e7 (D = \u_reg_release.dout_$_NOT__A_Y, Q = \pressed[54]).
Adding EN signal on pressed_$_SDFFE_PP0P__Q_74 ($_SDFFE_PP0P_) from module top_e7 (D = \u_reg_release.dout_$_NOT__A_Y, Q = \pressed[53]).
Adding EN signal on pressed_$_SDFFE_PP0P__Q_75 ($_SDFFE_PP0P_) from module top_e7 (D = \u_reg_release.dout_$_NOT__A_Y, Q = \pressed[52]).
Adding EN signal on pressed_$_SDFFE_PP0P__Q_76 ($_SDFFE_PP0P_) from module top_e7 (D = \u_reg_release.dout_$_NOT__A_Y, Q = \pressed[51]).
Adding EN signal on pressed_$_SDFFE_PP0P__Q_77 ($_SDFFE_PP0P_) from module top_e7 (D = \u_reg_release.dout_$_NOT__A_Y, Q = \pressed[50]).
Adding EN signal on pressed_$_SDFFE_PP0P__Q_78 ($_SDFFE_PP0P_) from module top_e7 (D = \u_reg_release.dout_$_NOT__A_Y, Q = \pressed[49]).
Adding EN signal on pressed_$_SDFFE_PP0P__Q_79 ($_SDFFE_PP0P_) from module top_e7 (D = \u_reg_release.dout_$_NOT__A_Y, Q = \pressed[48]).
Adding EN signal on pressed_$_SDFFE_PP0P__Q_80 ($_SDFFE_PP0P_) from module top_e7 (D = \u_reg_release.dout_$_NOT__A_Y, Q = \pressed[47]).
Adding EN signal on pressed_$_SDFFE_PP0P__Q_81 ($_SDFFE_PP0P_) from module top_e7 (D = \u_reg_release.dout_$_NOT__A_Y, Q = \pressed[46]).
Adding EN signal on pressed_$_SDFFE_PP0P__Q_82 ($_SDFFE_PP0P_) from module top_e7 (D = \u_reg_release.dout_$_NOT__A_Y, Q = \pressed[45]).
Adding EN signal on pressed_$_SDFFE_PP0P__Q_83 ($_SDFFE_PP0P_) from module top_e7 (D = \u_reg_release.dout_$_NOT__A_Y, Q = \pressed[44]).
Adding EN signal on pressed_$_SDFFE_PP0P__Q_84 ($_SDFFE_PP0P_) from module top_e7 (D = \u_reg_release.dout_$_NOT__A_Y, Q = \pressed[43]).
Adding EN signal on pressed_$_SDFFE_PP0P__Q_85 ($_SDFFE_PP0P_) from module top_e7 (D = \u_reg_release.dout_$_NOT__A_Y, Q = \pressed[42]).
Adding EN signal on pressed_$_SDFFE_PP0P__Q_86 ($_SDFFE_PP0P_) from module top_e7 (D = \u_reg_release.dout_$_NOT__A_Y, Q = \pressed[41]).
Adding EN signal on pressed_$_SDFFE_PP0P__Q_87 ($_SDFFE_PP0P_) from module top_e7 (D = \u_reg_release.dout_$_NOT__A_Y, Q = \pressed[40]).
Adding EN signal on pressed_$_SDFFE_PP0P__Q_88 ($_SDFFE_PP0P_) from module top_e7 (D = \u_reg_release.dout_$_NOT__A_Y, Q = \pressed[39]).
Adding EN signal on pressed_$_SDFFE_PP0P__Q_89 ($_SDFFE_PP0P_) from module top_e7 (D = \u_reg_release.dout_$_NOT__A_Y, Q = \pressed[38]).
Adding EN signal on pressed_$_SDFFE_PP0P__Q_90 ($_SDFFE_PP0P_) from module top_e7 (D = \u_reg_release.dout_$_NOT__A_Y, Q = \pressed[37]).
Adding EN signal on pressed_$_SDFFE_PP0P__Q_91 ($_SDFFE_PP0P_) from module top_e7 (D = \u_reg_release.dout_$_NOT__A_Y, Q = \pressed[36]).
Adding EN signal on pressed_$_SDFFE_PP0P__Q_92 ($_SDFFE_PP0P_) from module top_e7 (D = \u_reg_release.dout_$_NOT__A_Y, Q = \pressed[35]).
Adding EN signal on pressed_$_SDFFE_PP0P__Q_93 ($_SDFFE_PP0P_) from module top_e7 (D = \u_reg_release.dout_$_NOT__A_Y, Q = \pressed[34]).
Adding EN signal on pressed_$_SDFFE_PP0P__Q_94 ($_SDFFE_PP0P_) from module top_e7 (D = \u_reg_release.dout_$_NOT__A_Y, Q = \pressed[33]).
Adding EN signal on pressed_$_SDFFE_PP0P__Q_95 ($_SDFFE_PP0P_) from module top_e7 (D = \u_reg_release.dout_$_NOT__A_Y, Q = \pressed[32]).
Adding EN signal on pressed_$_SDFFE_PP0P__Q_96 ($_SDFFE_PP0P_) from module top_e7 (D = \u_reg_release.dout_$_NOT__A_Y, Q = \pressed[31]).
Adding EN signal on pressed_$_SDFFE_PP0P__Q_97 ($_SDFFE_PP0P_) from module top_e7 (D = \u_reg_release.dout_$_NOT__A_Y, Q = \pressed[30]).
Adding EN signal on pressed_$_SDFFE_PP0P__Q_98 ($_SDFFE_PP0P_) from module top_e7 (D = \u_reg_release.dout_$_NOT__A_Y, Q = \pressed[29]).
Adding EN signal on pressed_$_SDFFE_PP0P__Q_99 ($_SDFFE_PP0P_) from module top_e7 (D = \u_reg_release.dout_$_NOT__A_Y, Q = \pressed[28]).
Adding EN signal on pressed_$_SDFFE_PP0P__Q_100 ($_SDFFE_PP0P_) from module top_e7 (D = \u_reg_release.dout_$_NOT__A_Y, Q = \pressed[27]).
Adding EN signal on pressed_$_SDFFE_PP0P__Q_101 ($_SDFFE_PP0P_) from module top_e7 (D = \u_reg_release.dout_$_NOT__A_Y, Q = \pressed[26]).
Adding EN signal on pressed_$_SDFFE_PP0P__Q_102 ($_SDFFE_PP0P_) from module top_e7 (D = \u_reg_release.dout_$_NOT__A_Y, Q = \pressed[25]).
Adding EN signal on pressed_$_SDFFE_PP0P__Q_103 ($_SDFFE_PP0P_) from module top_e7 (D = \u_reg_release.dout_$_NOT__A_Y, Q = \pressed[24]).
Adding EN signal on pressed_$_SDFFE_PP0P__Q_104 ($_SDFFE_PP0P_) from module top_e7 (D = \u_reg_release.dout_$_NOT__A_Y, Q = \pressed[23]).
Adding EN signal on pressed_$_SDFFE_PP0P__Q_105 ($_SDFFE_PP0P_) from module top_e7 (D = \u_reg_release.dout_$_NOT__A_Y, Q = \pressed[22]).
Adding EN signal on pressed_$_SDFFE_PP0P__Q_106 ($_SDFFE_PP0P_) from module top_e7 (D = \u_reg_release.dout_$_NOT__A_Y, Q = \pressed[21]).
Adding EN signal on pressed_$_SDFFE_PP0P__Q_107 ($_SDFFE_PP0P_) from module top_e7 (D = \u_reg_release.dout_$_NOT__A_Y, Q = \pressed[20]).
Adding EN signal on pressed_$_SDFFE_PP0P__Q_108 ($_SDFFE_PP0P_) from module top_e7 (D = \u_reg_release.dout_$_NOT__A_Y, Q = \pressed[19]).
Adding EN signal on pressed_$_SDFFE_PP0P__Q_109 ($_SDFFE_PP0P_) from module top_e7 (D = \u_reg_release.dout_$_NOT__A_Y, Q = \pressed[18]).
Adding EN signal on pressed_$_SDFFE_PP0P__Q_110 ($_SDFFE_PP0P_) from module top_e7 (D = \u_reg_release.dout_$_NOT__A_Y, Q = \pressed[17]).
Adding EN signal on pressed_$_SDFFE_PP0P__Q_111 ($_SDFFE_PP0P_) from module top_e7 (D = \u_reg_release.dout_$_NOT__A_Y, Q = \pressed[16]).
Adding EN signal on pressed_$_SDFFE_PP0P__Q_112 ($_SDFFE_PP0P_) from module top_e7 (D = \u_reg_release.dout_$_NOT__A_Y, Q = \pressed[15]).
Adding EN signal on pressed_$_SDFFE_PP0P__Q_113 ($_SDFFE_PP0P_) from module top_e7 (D = \u_reg_release.dout_$_NOT__A_Y, Q = \pressed[14]).
Adding EN signal on pressed_$_SDFFE_PP0P__Q_114 ($_SDFFE_PP0P_) from module top_e7 (D = \u_reg_release.dout_$_NOT__A_Y, Q = \pressed[13]).
Adding EN signal on pressed_$_SDFFE_PP0P__Q_115 ($_SDFFE_PP0P_) from module top_e7 (D = \u_reg_release.dout_$_NOT__A_Y, Q = \pressed[12]).
Adding EN signal on pressed_$_SDFFE_PP0P__Q_116 ($_SDFFE_PP0P_) from module top_e7 (D = \u_reg_release.dout_$_NOT__A_Y, Q = \pressed[11]).
Adding EN signal on pressed_$_SDFFE_PP0P__Q_117 ($_SDFFE_PP0P_) from module top_e7 (D = \u_reg_release.dout_$_NOT__A_Y, Q = \pressed[10]).
Adding EN signal on pressed_$_SDFFE_PP0P__Q_118 ($_SDFFE_PP0P_) from module top_e7 (D = \u_reg_release.dout_$_NOT__A_Y, Q = \pressed[9]).
Adding EN signal on pressed_$_SDFFE_PP0P__Q_119 ($_SDFFE_PP0P_) from module top_e7 (D = \u_reg_release.dout_$_NOT__A_Y, Q = \pressed[8]).
Adding EN signal on pressed_$_SDFFE_PP0P__Q_120 ($_SDFFE_PP0P_) from module top_e7 (D = \u_reg_release.dout_$_NOT__A_Y, Q = \pressed[7]).
Adding EN signal on pressed_$_SDFFE_PP0P__Q_121 ($_SDFFE_PP0P_) from module top_e7 (D = \u_reg_release.dout_$_NOT__A_Y, Q = \pressed[6]).
Adding EN signal on pressed_$_SDFFE_PP0P__Q_122 ($_SDFFE_PP0P_) from module top_e7 (D = \u_reg_release.dout_$_NOT__A_Y, Q = \pressed[5]).
Adding EN signal on pressed_$_SDFFE_PP0P__Q_123 ($_SDFFE_PP0P_) from module top_e7 (D = \u_reg_release.dout_$_NOT__A_Y, Q = \pressed[4]).
Adding EN signal on pressed_$_SDFFE_PP0P__Q_124 ($_SDFFE_PP0P_) from module top_e7 (D = \u_reg_release.dout_$_NOT__A_Y, Q = \pressed[3]).
Adding EN signal on pressed_$_SDFFE_PP0P__Q_125 ($_SDFFE_PP0P_) from module top_e7 (D = \u_reg_release.dout_$_NOT__A_Y, Q = \pressed[2]).
Adding EN signal on pressed_$_SDFFE_PP0P__Q_126 ($_SDFFE_PP0P_) from module top_e7 (D = \u_reg_release.dout_$_NOT__A_Y, Q = \pressed[1]).
Adding EN signal on pressed_$_SDFFE_PP0P__Q_127 ($_SDFFE_PP0P_) from module top_e7 (D = \u_reg_release.dout_$_NOT__A_Y, Q = \pressed[0]).

7.7. Executing OPT_CLEAN pass (remove unused cells and wires).
Finding unused cells or wires in module \top_e7..
Removed 142 unused cells and 398 unused wires.
<suppressed ~413 debug messages>

7.8. Executing OPT_EXPR pass (perform const folding).
Optimizing module top_e7.

7.9. Rerunning OPT passes. (Maybe there is more to do..)

7.10. Executing OPT_MUXTREE pass (detect dead branches in mux trees).
Running muxtree optimizer on module \top_e7..
  Creating internal representation of mux trees.
  No muxes found in this module.
Removed 0 multiplexer ports.

7.11. Executing OPT_REDUCE pass (consolidate $*mux and $reduce_* inputs).
  Optimizing cells in module \top_e7.
Performed a total of 0 changes.

7.12. Executing OPT_MERGE pass (detect identical cells).
Finding identical cells in module `\top_e7'.
Removed a total of 0 cells.

7.13. Executing OPT_DFF pass (perform DFF optimizations).

7.14. Executing OPT_CLEAN pass (remove unused cells and wires).
Finding unused cells or wires in module \top_e7..

7.15. Executing OPT_EXPR pass (perform const folding).
Optimizing module top_e7.

7.16. Finished OPT passes. (There is nothing left to do.)

8. Executing CLOCK_GATE pass (extract clock gating out of flip flops).
Selected rising edge ICG \CLKGATE_X1 from Liberty file
Converted 236 FFs.
<suppressed ~260 debug messages>

9. Executing DFFLIBMAP pass (mapping DFF cells to sequential cells from liberty file).
  cell DFF_X1 (noninv, pins=4, area=4.52) is a direct match for cell type $_DFF_P_.
  cell DFFR_X1 (noninv, pins=5, area=5.32) is a direct match for cell type $_DFF_PN0_.
  cell DFFS_X1 (noninv, pins=5, area=5.32) is a direct match for cell type $_DFF_PN1_.
  cell DFFRS_X1 (noninv, pins=6, area=6.38) is a direct match for cell type $_DFFSR_PNN_.
  final dff cell mappings:
    unmapped dff cell: $_DFF_N_
    \DFF_X1 _DFF_P_ (.CK( C), .D( D), .Q( Q), .QN(~Q));
    unmapped dff cell: $_DFF_NN0_
    unmapped dff cell: $_DFF_NN1_
    unmapped dff cell: $_DFF_NP0_
    unmapped dff cell: $_DFF_NP1_
    \DFFR_X1 _DFF_PN0_ (.CK( C), .D( D), .Q( Q), .QN(~Q), .RN( R));
    \DFFS_X1 _DFF_PN1_ (.CK( C), .D( D), .Q( Q), .QN(~Q), .SN( R));
    unmapped dff cell: $_DFF_PP0_
    unmapped dff cell: $_DFF_PP1_
    unmapped dff cell: $_DFFE_NN_
    unmapped dff cell: $_DFFE_NP_
    unmapped dff cell: $_DFFE_PN_
    unmapped dff cell: $_DFFE_PP_
    unmapped dff cell: $_DFFSR_NNN_
    unmapped dff cell: $_DFFSR_NNP_
    unmapped dff cell: $_DFFSR_NPN_
    unmapped dff cell: $_DFFSR_NPP_
    \DFFRS_X1 _DFFSR_PNN_ (.CK( C), .D( D), .Q( Q), .QN(~Q), .RN( R), .SN( S));
    unmapped dff cell: $_DFFSR_PNP_
    unmapped dff cell: $_DFFSR_PPN_
    unmapped dff cell: $_DFFSR_PPP_

9.1. Executing DFFLEGALIZE pass (convert FFs to types supported by the target).
<suppressed ~8 debug messages>
Mapping DFF cells in module `\top_e7':
  mapped 287 $_DFF_P_ cells to \DFF_X1 cells.

10. Executing OPT pass (performing simple optimizations).

10.1. Executing OPT_EXPR pass (perform const folding).
Optimizing module top_e7.

10.2. Executing OPT_MERGE pass (detect identical cells).
Finding identical cells in module `\top_e7'.
<suppressed ~381 debug messages>
Removed a total of 127 cells.

10.3. Executing OPT_MUXTREE pass (detect dead branches in mux trees).
Running muxtree optimizer on module \top_e7..
  Creating internal representation of mux trees.
  No muxes found in this module.
Removed 0 multiplexer ports.

10.4. Executing OPT_REDUCE pass (consolidate $*mux and $reduce_* inputs).
  Optimizing cells in module \top_e7.
Performed a total of 0 changes.

10.5. Executing OPT_MERGE pass (detect identical cells).
Finding identical cells in module `\top_e7'.
Removed a total of 0 cells.

10.6. Executing OPT_DFF pass (perform DFF optimizations).

10.7. Executing OPT_CLEAN pass (remove unused cells and wires).
Finding unused cells or wires in module \top_e7..
Removed 22 unused cells and 171 unused wires.
<suppressed ~23 debug messages>

10.8. Executing OPT_EXPR pass (perform const folding).
Optimizing module top_e7.

10.9. Rerunning OPT passes. (Maybe there is more to do..)

10.10. Executing OPT_MUXTREE pass (detect dead branches in mux trees).
Running muxtree optimizer on module \top_e7..
  Creating internal representation of mux trees.
  No muxes found in this module.
Removed 0 multiplexer ports.

10.11. Executing OPT_REDUCE pass (consolidate $*mux and $reduce_* inputs).
  Optimizing cells in module \top_e7.
Performed a total of 0 changes.

10.12. Executing OPT_MERGE pass (detect identical cells).
Finding identical cells in module `\top_e7'.
Removed a total of 0 cells.

10.13. Executing OPT_DFF pass (perform DFF optimizations).

10.14. Executing OPT_CLEAN pass (remove unused cells and wires).
Finding unused cells or wires in module \top_e7..

10.15. Executing OPT_EXPR pass (perform const folding).
Optimizing module top_e7.

10.16. Finished OPT passes. (There is nothing left to do.)

11. Executing ABC pass (technology mapping using ABC).

11.1. Extracting gate netlist of module `\top_e7' to `/tmp/yosys-abc-YWSk1e/input.blif'..
Extracted 1218 gates and 1512 wires to a netlist network with 292 inputs and 262 outputs.

11.1.1. Executing ABC.
Running ABC command: "/opt/oss-cad-suite/lib/yosys-abc" -s -f /tmp/yosys-abc-YWSk1e/abc.script 2>&1
ABC: ABC command line: "source /tmp/yosys-abc-YWSk1e/abc.script".
ABC: 
ABC: + read_blif /tmp/yosys-abc-YWSk1e/input.blif 
ABC: + read_lib -w /home/shitful/1s1x/ysyx-workbench/misc_items/expE5/scripts/../pdk/nangate45/lib/Nangate45_fast.lib 
ABC: Parsing finished successfully.  Parsing time =     0.04 sec
ABC: Scl_LibertyReadGenlib() skipped cell "ANTENNA_X1" due to dont_use attribute.
ABC: Scl_LibertyReadGenlib() skipped cell "CLKGATETST_X1" without logic function.
ABC: Scl_LibertyReadGenlib() skipped cell "CLKGATETST_X2" without logic function.
ABC: Scl_LibertyReadGenlib() skipped cell "CLKGATETST_X4" without logic function.
ABC: Scl_LibertyReadGenlib() skipped cell "CLKGATETST_X8" without logic function.
ABC: Scl_LibertyReadGenlib() skipped cell "CLKGATE_X1" without logic function.
ABC: Scl_LibertyReadGenlib() skipped cell "CLKGATE_X2" without logic function.
ABC: Scl_LibertyReadGenlib() skipped cell "CLKGATE_X4" without logic function.
ABC: Scl_LibertyReadGenlib() skipped cell "CLKGATE_X8" without logic function.
ABC: Scl_LibertyReadGenlib() skipped sequential cell "DFFRS_X1".
ABC: Scl_LibertyReadGenlib() skipped sequential cell "DFFRS_X2".
ABC: Scl_LibertyReadGenlib() skipped sequential cell "DFFR_X1".
ABC: Scl_LibertyReadGenlib() skipped sequential cell "DFFR_X2".
ABC: Scl_LibertyReadGenlib() skipped sequential cell "DFFS_X1".
ABC: Scl_LibertyReadGenlib() skipped sequential cell "DFFS_X2".
ABC: Scl_LibertyReadGenlib() skipped sequential cell "DFF_X1".
ABC: Scl_LibertyReadGenlib() skipped sequential cell "DFF_X2".
ABC: Scl_LibertyReadGenlib() skipped sequential cell "DLH_X1".
ABC: Scl_LibertyReadGenlib() skipped sequential cell "DLH_X2".
ABC: Scl_LibertyReadGenlib() skipped sequential cell "DLL_X1".
ABC: Scl_LibertyReadGenlib() skipped sequential cell "DLL_X2".
ABC: Scl_LibertyReadGenlib() skipped cell "FILLCELL_X1" due to dont_use attribute.
ABC: Scl_LibertyReadGenlib() skipped cell "FILLCELL_X2" due to dont_use attribute.
ABC: Scl_LibertyReadGenlib() skipped cell "FILLCELL_X4" due to dont_use attribute.
ABC: Scl_LibertyReadGenlib() skipped cell "FILLCELL_X8" due to dont_use attribute.
ABC: Scl_LibertyReadGenlib() skipped cell "FILLCELL_X16" due to dont_use attribute.
ABC: Scl_LibertyReadGenlib() skipped cell "FILLCELL_X32" due to dont_use attribute.
ABC: Scl_LibertyReadGenlib() skipped cell "LOGIC0_X1" due to dont_use attribute.
ABC: Scl_LibertyReadGenlib() skipped cell "LOGIC1_X1" due to dont_use attribute.
ABC: Scl_LibertyReadGenlib() skipped sequential cell "SDFFRS_X1".
ABC: Scl_LibertyReadGenlib() skipped sequential cell "SDFFRS_X2".
ABC: Scl_LibertyReadGenlib() skipped sequential cell "SDFFR_X1".
ABC: Scl_LibertyReadGenlib() skipped sequential cell "SDFFR_X2".
ABC: Scl_LibertyReadGenlib() skipped sequential cell "SDFFS_X1".
ABC: Scl_LibertyReadGenlib() skipped sequential cell "SDFFS_X2".
ABC: Scl_LibertyReadGenlib() skipped sequential cell "SDFF_X1".
ABC: Scl_LibertyReadGenlib() skipped sequential cell "SDFF_X2".
ABC: Scl_LibertyReadGenlib() skipped three-state cell "TBUF_X1".
ABC: Scl_LibertyReadGenlib() skipped three-state cell "TBUF_X2".
ABC: Scl_LibertyReadGenlib() skipped three-state cell "TBUF_X4".
ABC: Scl_LibertyReadGenlib() skipped three-state cell "TBUF_X8".
ABC: Scl_LibertyReadGenlib() skipped three-state cell "TBUF_X16".
ABC: Scl_LibertyReadGenlib() skipped three-state cell "TINV_X1".
ABC: Scl_LibertyReadGenlib() skipped sequential cell "TLAT_X1".
ABC: Library "NangateOpenCellLibrary_fast" from "/home/shitful/1s1x/ysyx-workbench/misc_items/expE5/scripts/../pdk/nangate45/lib/Nangate45_fast.lib" has 90 cells (44 skipped: 21 seq; 6 tri-state; 8 no func; 9 dont_use; 0 with 2 outputs; 0 with 3+ outputs).  Time =     0.05 sec
ABC: Memory =   11.44 MB. Time =     0.05 sec
ABC: Warning: Detected 2 multi-output cells (for example, "FA_X1").
ABC: + strash 
ABC: + ifraig 
ABC: + retime -D 2000.0 -M 6 
ABC: + strash 
ABC: + dch -f 
ABC: + map -p -M 1 -D 2000.0 -f 
ABC: + topo 
ABC: + dnsize 
ABC: + buffer -p 
ABC: + upsize 
ABC: + 
ABC: + write_blif /tmp/yosys-abc-YWSk1e/output.blif 

11.1.2. Re-integrating ABC results.
ABC RESULTS:           AND2_X1 cells:       58
ABC RESULTS:           AND2_X2 cells:       11
ABC RESULTS:           AND2_X4 cells:        6
ABC RESULTS:           AND3_X1 cells:       41
ABC RESULTS:           AND4_X1 cells:       83
ABC RESULTS:         AOI211_X1 cells:        8
ABC RESULTS:          AOI21_X1 cells:       44
ABC RESULTS:          AOI21_X4 cells:        1
ABC RESULTS:         AOI221_X4 cells:        2
ABC RESULTS:          AOI22_X1 cells:        7
ABC RESULTS:            BUF_X2 cells:       24
ABC RESULTS:            BUF_X4 cells:       21
ABC RESULTS:            BUF_X8 cells:        3
ABC RESULTS:         CLKBUF_X2 cells:       29
ABC RESULTS:            INV_X1 cells:       84
ABC RESULTS:            INV_X2 cells:        4
ABC RESULTS:           INV_X32 cells:        1
ABC RESULTS:            INV_X4 cells:        1
ABC RESULTS:            INV_X8 cells:        1
ABC RESULTS:           MUX2_X1 cells:      120
ABC RESULTS:           MUX2_X2 cells:        3
ABC RESULTS:          NAND2_X1 cells:       47
ABC RESULTS:          NAND2_X2 cells:        2
ABC RESULTS:          NAND2_X4 cells:        1
ABC RESULTS:          NAND3_X1 cells:       49
ABC RESULTS:          NAND4_X1 cells:        5
ABC RESULTS:           NOR2_X1 cells:       96
ABC RESULTS:           NOR2_X2 cells:        2
ABC RESULTS:           NOR2_X4 cells:        2
ABC RESULTS:           NOR3_X1 cells:       52
ABC RESULTS:           NOR3_X4 cells:        1
ABC RESULTS:           NOR4_X1 cells:       39
ABC RESULTS:         OAI211_X1 cells:       51
ABC RESULTS:         OAI211_X2 cells:        5
ABC RESULTS:          OAI21_X1 cells:       46
ABC RESULTS:          OAI21_X2 cells:        1
ABC RESULTS:         OAI221_X1 cells:        3
ABC RESULTS:          OAI22_X1 cells:        7
ABC RESULTS:            OR2_X1 cells:       75
ABC RESULTS:            OR2_X4 cells:        3
ABC RESULTS:            OR3_X1 cells:        9
ABC RESULTS:            OR4_X1 cells:        1
ABC RESULTS:          XNOR2_X1 cells:       25
ABC RESULTS:          XNOR2_X2 cells:        1
ABC RESULTS:           XOR2_X1 cells:        6
ABC RESULTS:        internal signals:      958
ABC RESULTS:           input signals:      292
ABC RESULTS:          output signals:      262
Removing temp directory.

12. Executing HILOMAP pass (mapping to constant drivers).

13. Executing SETUNDEF pass (replace undef values with defined constants).

14. Executing OPT_CLEAN pass (remove unused cells and wires).
Finding unused cells or wires in module \top_e7..
Removed 0 unused cells and 1510 unused wires.
<suppressed ~957 debug messages>

15. Executing Liberty frontend: /home/shitful/1s1x/ysyx-workbench/misc_items/expE5/scripts/../pdk/nangate45/lib/Nangate45_fast.lib
Imported 134 cell types from liberty file.

16. Executing CHECK pass (checking for obvious problems).
Checking module top_e7...
Found and reported 0 problems.

17. Printing statistics.

=== top_e7 ===

   Number of wires:               1801
   Number of wire bits:           1801
   Number of public wires:         404
   Number of public wire bits:     404
   Number of ports:                 48
   Number of port bits:             48
   Number of memories:               0
   Number of memory bits:            0
   Number of processes:              0
   Number of cells:               1510
     AND2_X1                        58
     AND2_X2                        11
     AND2_X4                         6
     AND3_X1                        41
     AND4_X1                        83
     AOI211_X1                       8
     AOI21_X1                       44
     AOI21_X4                        1
     AOI221_X4                       2
     AOI22_X1                        7
     BUF_X2                         24
     BUF_X4                         21
     BUF_X8                          3
     CLKBUF_X2                      29
     CLKGATE_X1                    142
     DFF_X1                        287
     INV_X1                         84
     INV_X2                          4
     INV_X32                         1
     INV_X4                          1
     INV_X8                          1
     MUX2_X1                       120
     MUX2_X2                         3
     NAND2_X1                       47
     NAND2_X2                        2
     NAND2_X4                        1
     NAND3_X1                       49
     NAND4_X1                        5
     NOR2_X1                        96
     NOR2_X2                         2
     NOR2_X4                         2
     NOR3_X1                        52
     NOR3_X4                         1
     NOR4_X1                        39
     OAI211_X1                      51
     OAI211_X2                       5
     OAI21_X1                       46
     OAI21_X2                        1
     OAI221_X1                       3
     OAI22_X1                        7
     OR2_X1                         75
     OR2_X4                          3
     OR3_X1                          9
     OR4_X1                          1
     XNOR2_X1                       25
     XNOR2_X2                        1
     XOR2_X1                         6

   Chip area for module '\top_e7': 3134.278000
     of which used for sequential elements: 1297.814000 (41.41%)

18. Executing Verilog backend.
Dumping module `\top_e7'.

End of script. Logfile hash: ff8ddc109d, CPU: user 0.62s system 0.08s, MEM: 40.55 MB peak
Yosys 0.55+150 (git sha1 15b4716d1, clang++ 18.1.8 -fPIC -O3)
Time spent: 41% 2x abc (0 sec), 12% 43x opt_expr (0 sec), ...
