Generate the report at 2025-08-15T20:11:25, GitVersion: aa25008b3778a76ae1975c839d4cc459f7f7b3b7.
+----------------------------------------------------------------+--------------------------+------------+------------+---------------+-------+-------+-----------+
| Endpoint                                                       | Clock Group              | Delay Type | Path Delay | Path Required | CPPR  | Slack | Freq(MHz) |
+----------------------------------------------------------------+--------------------------+------------+------------+---------------+-------+-------+-----------+
| u_get1000hz.u_counter.u_reg.dout_$_SDFFE_PP0P__Q:D             | core_clock               | max        | 0.362r     | 1.975         | 0.000 | 1.613 | 2585.229  |
| u_get1000hz.u_counter.u_reg.dout_$_SDFFE_PP0P__Q:D             | core_clock               | max        | 0.362r     | 1.975         | 0.000 | 1.613 | 2585.229  |
| u_get1000hz.u_counter.u_reg.dout_$_SDFFE_PP0P__Q_8:D           | core_clock               | max        | 0.360r     | 1.976         | 0.000 | 1.617 | 2608.126  |
| u_get1000hz.u_counter.u_reg.dout_$_SDFFE_PP0P__Q_8:D           | core_clock               | max        | 0.360r     | 1.976         | 0.000 | 1.617 | 2608.126  |
| u_get1hz.u_counter.u_reg.dout_$_SDFF_PP0__Q:D                  | core_clock               | max        | 0.358r     | 1.976         | 0.000 | 1.618 | 2619.296  |
| _1537_:E                                                       | **clock_gating_default** | max        | 0.303r     | 1.966         | 0.000 | 1.663 | NA        |
| _1538_:E                                                       | **clock_gating_default** | max        | 0.298r     | 1.966         | 0.000 | 1.668 | NA        |
| _1539_:E                                                       | **clock_gating_default** | max        | 0.279r     | 1.966         | 0.000 | 1.687 | NA        |
| _1535_:E                                                       | **clock_gating_default** | max        | 0.270r     | 1.966         | 0.000 | 1.696 | NA        |
| _1536_:E                                                       | **clock_gating_default** | max        | 0.254r     | 1.966         | 0.000 | 1.712 | NA        |
| genblk1[4].genblk1.i_stopwatch1.u_reg.dout_$_SDFFE_PP0P__Q_3:D | core_clock               | min        | 0.053f     | 0.003         | 0.000 | 0.051 | NA        |
| genblk1[4].genblk1.i_stopwatch1.u_reg.dout_$_SDFFE_PP0P__Q_3:D | core_clock               | min        | 0.053f     | 0.003         | 0.000 | 0.051 | NA        |
| genblk1[3].genblk1.i_stopwatch1.u_reg.dout_$_SDFFE_PP0P__Q_3:D | core_clock               | min        | 0.053f     | 0.003         | 0.000 | 0.051 | NA        |
| genblk1[3].genblk1.i_stopwatch1.u_reg.dout_$_SDFFE_PP0P__Q_3:D | core_clock               | min        | 0.053f     | 0.003         | 0.000 | 0.051 | NA        |
| u_counter_sec_high.u_reg.dout_$_SDFFE_PP0P__Q_2:D              | core_clock               | min        | 0.054f     | 0.003         | 0.000 | 0.051 | NA        |
| _1528_:E                                                       | **clock_gating_default** | min        | 0.055f     | -0.007        | 0.000 | 0.062 | NA        |
| _1529_:E                                                       | **clock_gating_default** | min        | 0.068r     | -0.002        | 0.000 | 0.069 | NA        |
| _1529_:E                                                       | **clock_gating_default** | min        | 0.063f     | -0.006        | 0.000 | 0.069 | NA        |
| _1540_:E                                                       | **clock_gating_default** | min        | 0.064f     | -0.007        | 0.000 | 0.071 | NA        |
| _1528_:E                                                       | **clock_gating_default** | min        | 0.069r     | -0.002        | 0.000 | 0.071 | NA        |
+----------------------------------------------------------------+--------------------------+------------+------------+---------------+-------+-------+-----------+
+------------+------------+-------+
| Clock      | Delay Type | TNS   |
+------------+------------+-------+
| core_clock | max        | 0.000 |
| core_clock | min        | 0.000 |
+------------+------------+-------+
+-----------------------------------------------------------------+--------+-------------+------------+------------+-------------+--------+-----------------+
| Point                                                           | Fanout | Capacitance | Resistance | Transition | Delta Delay | Incr   | Path            |
+-----------------------------------------------------------------+--------+-------------+------------+------------+-------------+--------+-----------------+
| clk (port)                                                      |        | 0.062       | 0.000      | 0.000      |             | 0.000  | 0.000r          |
| clk (clock net)                                                 | 51     |             |            |            | NA          |        |                 |
| _1530_:CK (CLKGATE_X1)                                          |        | 0.002       | 0.000      | 0.000      |             | 0.000  | 0.000r          |
| _1530_:GCK (CLKGATE_X1)                                         |        | 0.031       | 0.000      | 0.000      |             | 0.000  | 0.000r          |
| _0677_ (clock net)                                              | 32     |             |            |            | NA          |        |                 |
| u_get1000hz.u_counter.u_reg.dout_$_SDFFE_PP0P__Q_30:CK (DFF_X1) |        | 0.001       | 0.000      | 0.000      |             | 0.000  | 0.000r          |
| clock core_clock (rise edge)                                    |        |             |            |            |             | 0      | 0               |
| clock network delay (ideal)                                     |        |             |            |            |             | 0.000  | 0.000           |
| u_get1000hz.u_counter.u_reg.dout_$_SDFFE_PP0P__Q_30:CK (DFF_X1) |        | 0.001       | 0.000      | 0.000      |             | 0.000  | 0.000r          |
| u_get1000hz.u_counter.u_reg.dout_$_SDFFE_PP0P__Q_30:Q (DFF_X1)  |        | 0.008       | 0.000      | 0.012      |             | 0.057  | 0.057r          |
| u_get1000hz.count[1] (net)                                      | 4      |             |            |            | 0.000       |        |                 |
| _1053_:A1 (AND2_X4)                                             |        | 0.003       | 0.000      | 0.012      |             | 0.000  | 0.057r          |
| _1053_:ZN (AND2_X4)                                             |        | 0.005       | 0.000      | 0.005      |             | 0.020  | 0.076r          |
| _0373_ (net)                                                    | 2      |             |            |            | 0.000       |        |                 |
| _1054_:A1 (AND2_X4)                                             |        | 0.003       | 0.000      | 0.005      |             | 0.000  | 0.076r          |
| _1054_:ZN (AND2_X4)                                             |        | 0.007       | 0.000      | 0.005      |             | 0.018  | 0.094r          |
| _0374_ (net)                                                    | 3      |             |            |            | 0.000       |        |                 |
| _1055_:A1 (AND2_X4)                                             |        | 0.003       | 0.000      | 0.005      |             | 0.000  | 0.094r          |
| _1055_:ZN (AND2_X4)                                             |        | 0.007       | 0.000      | 0.005      |             | 0.018  | 0.113r          |
| _0375_ (net)                                                    | 3      |             |            |            | 0.000       |        |                 |
| _1056_:A1 (AND2_X4)                                             |        | 0.003       | 0.000      | 0.005      |             | 0.000  | 0.113r          |
| _1056_:ZN (AND2_X4)                                             |        | 0.007       | 0.000      | 0.006      |             | 0.019  | 0.131r          |
| _0376_ (net)                                                    | 3      |             |            |            | 0.000       |        |                 |
| _1057_:A1 (AND2_X4)                                             |        | 0.003       | 0.000      | 0.006      |             | 0.000  | 0.131r          |
| _1057_:ZN (AND2_X4)                                             |        | 0.005       | 0.000      | 0.005      |             | 0.017  | 0.149r          |
| _0377_ (net)                                                    | 2      |             |            |            | 0.000       |        |                 |
| _1058_:A1 (AND2_X4)                                             |        | 0.003       | 0.000      | 0.005      |             | 0.000  | 0.149r          |
| _1058_:ZN (AND2_X4)                                             |        | 0.007       | 0.000      | 0.006      |             | 0.019  | 0.167r          |
| _0378_ (net)                                                    | 3      |             |            |            | 0.000       |        |                 |
| _1059_:A1 (AND2_X4)                                             |        | 0.003       | 0.000      | 0.006      |             | 0.000  | 0.167r          |
| _1059_:ZN (AND2_X4)                                             |        | 0.011       | 0.000      | 0.006      |             | 0.020  | 0.188r          |
| _0379_ (net)                                                    | 7      |             |            |            | 0.000       |        |                 |
| _1062_:A1 (AND2_X4)                                             |        | 0.003       | 0.000      | 0.006      |             | 0.000  | 0.188r          |
| _1062_:ZN (AND2_X4)                                             |        | 0.009       | 0.000      | 0.006      |             | 0.020  | 0.207r          |
| _0382_ (net)                                                    | 5      |             |            |            | 0.000       |        |                 |
| _1064_:A1 (AND2_X4)                                             |        | 0.003       | 0.000      | 0.006      |             | 0.000  | 0.207r          |
| _1064_:ZN (AND2_X4)                                             |        | 0.005       | 0.000      | 0.005      |             | 0.018  | 0.225r          |
| _0384_ (net)                                                    | 2      |             |            |            | 0.000       |        |                 |
| _1065_:A1 (AND2_X4)                                             |        | 0.003       | 0.000      | 0.005      |             | 0.000  | 0.225r          |
| _1065_:ZN (AND2_X4)                                             |        | 0.007       | 0.000      | 0.005      |             | 0.018  | 0.243r          |
| _0385_ (net)                                                    | 3      |             |            |            | 0.000       |        |                 |
| _1066_:A1 (AND2_X4)                                             |        | 0.003       | 0.000      | 0.005      |             | 0.000  | 0.243r          |
| _1066_:ZN (AND2_X4)                                             |        | 0.010       | 0.000      | 0.006      |             | 0.020  | 0.263r          |
| _0386_ (net)                                                    | 5      |             |            |            | 0.000       |        |                 |
| _1071_:A1 (AND2_X4)                                             |        | 0.003       | 0.000      | 0.006      |             | 0.000  | 0.263r          |
| _1071_:ZN (AND2_X4)                                             |        | 0.013       | 0.000      | 0.007      |             | 0.021  | 0.284r          |
| _0391_ (net)                                                    | 8      |             |            |            | 0.000       |        |                 |
| _1074_:A1 (AND2_X4)                                             |        | 0.003       | 0.000      | 0.007      |             | 0.000  | 0.284r          |
| _1074_:ZN (AND2_X4)                                             |        | 0.006       | 0.000      | 0.005      |             | 0.019  | 0.302r          |
| _0394_ (net)                                                    | 3      |             |            |            | 0.000       |        |                 |
| _1075_:A1 (AND3_X4)                                             |        | 0.003       | 0.000      | 0.005      |             | 0.000  | 0.302r          |
| _1075_:ZN (AND3_X4)                                             |        | 0.007       | 0.000      | 0.007      |             | 0.024  | 0.327r          |
| _0395_ (net)                                                    | 4      |             |            |            | 0.000       |        |                 |
| _1080_:B1 (AOI21_X1)                                            |        | 0.002       | 0.000      | 0.007      |             | 0.000  | 0.327r          |
| _1080_:ZN (AOI21_X1)                                            |        | 0.002       | 0.000      | 0.007      |             | 0.010  | 0.337f          |
| _0400_ (net)                                                    | 1      |             |            |            | 0.000       |        |                 |
| _1081_:A3 (NOR3_X1)                                             |        | 0.002       | 0.000      | 0.007      |             | 0.000  | 0.337f          |
| _1081_:ZN (NOR3_X1)                                             |        | 0.001       | 0.000      | 0.015      |             | 0.026  | 0.362r          |
| _0040_ (net)                                                    | 1      |             |            |            | 0.000       |        |                 |
| u_get1000hz.u_counter.u_reg.dout_$_SDFFE_PP0P__Q:D (DFF_X1)     |        | 0.001       | 0.000      | 0.015      |             | 0.000  | 0.362r          |
|                                                                 |        |             |            |            |             |        |                 |
| clk (port)                                                      |        | 0.062       | 0.000      | 0.000      |             | 0.000  | 0.000r          |
| clk (clock net)                                                 | 51     |             |            |            | NA          |        |                 |
| _1530_:CK (CLKGATE_X1)                                          |        | 0.002       | 0.000      | 0.000      |             | 0.000  | 0.000r          |
| _1530_:GCK (CLKGATE_X1)                                         |        | 0.031       | 0.000      | 0.000      |             | 0.000  | 0.000r          |
| _0677_ (clock net)                                              | 32     |             |            |            | NA          |        |                 |
| u_get1000hz.u_counter.u_reg.dout_$_SDFFE_PP0P__Q:CK (DFF_X1)    |        | 0.001       | 0.000      | 0.000      |             | 0.000  | 0.000r          |
| clock core_clock (rise edge)                                    |        |             |            |            |             | 2      | 2               |
| clock network delay (ideal)                                     |        |             |            |            |             | 0.000  | 2.000           |
| u_get1000hz.u_counter.u_reg.dout_$_SDFFE_PP0P__Q:CK (DFF_X1)    |        |             |            |            |             |        | 2.000r          |
| library setup time                                              |        |             |            |            |             | -0.025 | 1.975           |
| clock reconvergence pessimism                                   |        |             |            |            |             | 0.000  | 1.975           |
|                                                                 |        |             |            |            |             |        |                 |
| path cell delay                                                 |        |             |            |            |             |        | 0.362(100.000%) |
| path net delay                                                  |        |             |            |            |             |        | 0.000(0.000%)   |
|                                                                 |        |             |            |            |             |        |                 |
| data require time                                               |        |             |            |            |             |        | 1.975           |
| data arrival time                                               |        |             |            |            |             |        | 0.362           |
| slack (MET)                                                     |        |             |            |            |             |        | 1.613           |
+-----------------------------------------------------------------+--------+-------------+------------+------------+-------------+--------+-----------------+
+-----------------------------------------------------------------+--------+-------------+------------+------------+-------------+--------+-----------------+
| Point                                                           | Fanout | Capacitance | Resistance | Transition | Delta Delay | Incr   | Path            |
+-----------------------------------------------------------------+--------+-------------+------------+------------+-------------+--------+-----------------+
| clk (port)                                                      |        | 0.062       | 0.000      | 0.000      |             | 0.000  | 0.000r          |
| clk (clock net)                                                 | 51     |             |            |            | NA          |        |                 |
| _1530_:CK (CLKGATE_X1)                                          |        | 0.002       | 0.000      | 0.000      |             | 0.000  | 0.000r          |
| _1530_:GCK (CLKGATE_X1)                                         |        | 0.031       | 0.000      | 0.000      |             | 0.000  | 0.000r          |
| _0677_ (clock net)                                              | 32     |             |            |            | NA          |        |                 |
| u_get1000hz.u_counter.u_reg.dout_$_SDFFE_PP0P__Q_30:CK (DFF_X1) |        | 0.001       | 0.000      | 0.000      |             | 0.000  | 0.000r          |
| clock core_clock (rise edge)                                    |        |             |            |            |             | 0      | 0               |
| clock network delay (ideal)                                     |        |             |            |            |             | 0.000  | 0.000           |
| u_get1000hz.u_counter.u_reg.dout_$_SDFFE_PP0P__Q_30:CK (DFF_X1) |        | 0.001       | 0.000      | 0.000      |             | 0.000  | 0.000r          |
| u_get1000hz.u_counter.u_reg.dout_$_SDFFE_PP0P__Q_30:Q (DFF_X1)  |        | 0.008       | 0.000      | 0.012      |             | 0.057  | 0.057r          |
| u_get1000hz.count[1] (net)                                      | 4      |             |            |            | 0.000       |        |                 |
| _1053_:A1 (AND2_X4)                                             |        | 0.003       | 0.000      | 0.012      |             | 0.000  | 0.057r          |
| _1053_:ZN (AND2_X4)                                             |        | 0.005       | 0.000      | 0.005      |             | 0.020  | 0.076r          |
| _0373_ (net)                                                    | 2      |             |            |            | 0.000       |        |                 |
| _1054_:A1 (AND2_X4)                                             |        | 0.003       | 0.000      | 0.005      |             | 0.000  | 0.076r          |
| _1054_:ZN (AND2_X4)                                             |        | 0.007       | 0.000      | 0.005      |             | 0.018  | 0.094r          |
| _0374_ (net)                                                    | 3      |             |            |            | 0.000       |        |                 |
| _1055_:A1 (AND2_X4)                                             |        | 0.003       | 0.000      | 0.005      |             | 0.000  | 0.094r          |
| _1055_:ZN (AND2_X4)                                             |        | 0.007       | 0.000      | 0.005      |             | 0.018  | 0.113r          |
| _0375_ (net)                                                    | 3      |             |            |            | 0.000       |        |                 |
| _1056_:A1 (AND2_X4)                                             |        | 0.003       | 0.000      | 0.005      |             | 0.000  | 0.113r          |
| _1056_:ZN (AND2_X4)                                             |        | 0.007       | 0.000      | 0.006      |             | 0.019  | 0.131r          |
| _0376_ (net)                                                    | 3      |             |            |            | 0.000       |        |                 |
| _1057_:A1 (AND2_X4)                                             |        | 0.003       | 0.000      | 0.006      |             | 0.000  | 0.131r          |
| _1057_:ZN (AND2_X4)                                             |        | 0.005       | 0.000      | 0.005      |             | 0.017  | 0.149r          |
| _0377_ (net)                                                    | 2      |             |            |            | 0.000       |        |                 |
| _1058_:A1 (AND2_X4)                                             |        | 0.003       | 0.000      | 0.005      |             | 0.000  | 0.149r          |
| _1058_:ZN (AND2_X4)                                             |        | 0.007       | 0.000      | 0.006      |             | 0.019  | 0.167r          |
| _0378_ (net)                                                    | 3      |             |            |            | 0.000       |        |                 |
| _1059_:A1 (AND2_X4)                                             |        | 0.003       | 0.000      | 0.006      |             | 0.000  | 0.167r          |
| _1059_:ZN (AND2_X4)                                             |        | 0.011       | 0.000      | 0.006      |             | 0.020  | 0.188r          |
| _0379_ (net)                                                    | 7      |             |            |            | 0.000       |        |                 |
| _1062_:A1 (AND2_X4)                                             |        | 0.003       | 0.000      | 0.006      |             | 0.000  | 0.188r          |
| _1062_:ZN (AND2_X4)                                             |        | 0.009       | 0.000      | 0.006      |             | 0.020  | 0.207r          |
| _0382_ (net)                                                    | 5      |             |            |            | 0.000       |        |                 |
| _1064_:A1 (AND2_X4)                                             |        | 0.003       | 0.000      | 0.006      |             | 0.000  | 0.207r          |
| _1064_:ZN (AND2_X4)                                             |        | 0.005       | 0.000      | 0.005      |             | 0.018  | 0.225r          |
| _0384_ (net)                                                    | 2      |             |            |            | 0.000       |        |                 |
| _1065_:A1 (AND2_X4)                                             |        | 0.003       | 0.000      | 0.005      |             | 0.000  | 0.225r          |
| _1065_:ZN (AND2_X4)                                             |        | 0.007       | 0.000      | 0.005      |             | 0.018  | 0.243r          |
| _0385_ (net)                                                    | 3      |             |            |            | 0.000       |        |                 |
| _1066_:A1 (AND2_X4)                                             |        | 0.003       | 0.000      | 0.005      |             | 0.000  | 0.243r          |
| _1066_:ZN (AND2_X4)                                             |        | 0.010       | 0.000      | 0.006      |             | 0.020  | 0.263r          |
| _0386_ (net)                                                    | 5      |             |            |            | 0.000       |        |                 |
| _1071_:A1 (AND2_X4)                                             |        | 0.003       | 0.000      | 0.006      |             | 0.000  | 0.263r          |
| _1071_:ZN (AND2_X4)                                             |        | 0.013       | 0.000      | 0.007      |             | 0.021  | 0.284r          |
| _0391_ (net)                                                    | 8      |             |            |            | 0.000       |        |                 |
| _1074_:A1 (AND2_X4)                                             |        | 0.003       | 0.000      | 0.007      |             | 0.000  | 0.284r          |
| _1074_:ZN (AND2_X4)                                             |        | 0.006       | 0.000      | 0.005      |             | 0.019  | 0.302r          |
| _0394_ (net)                                                    | 3      |             |            |            | 0.000       |        |                 |
| _1075_:A1 (AND3_X4)                                             |        | 0.003       | 0.000      | 0.005      |             | 0.000  | 0.302r          |
| _1075_:ZN (AND3_X4)                                             |        | 0.007       | 0.000      | 0.007      |             | 0.024  | 0.327r          |
| _0395_ (net)                                                    | 4      |             |            |            | 0.000       |        |                 |
| _1080_:B1 (AOI21_X1)                                            |        | 0.002       | 0.000      | 0.007      |             | 0.000  | 0.327r          |
| _1080_:ZN (AOI21_X1)                                            |        | 0.002       | 0.000      | 0.007      |             | 0.010  | 0.337f          |
| _0400_ (net)                                                    | 1      |             |            |            | 0.000       |        |                 |
| _1081_:A3 (NOR3_X1)                                             |        | 0.002       | 0.000      | 0.007      |             | 0.000  | 0.337f          |
| _1081_:ZN (NOR3_X1)                                             |        | 0.001       | 0.000      | 0.015      |             | 0.026  | 0.362r          |
| _0040_ (net)                                                    | 1      |             |            |            | 0.000       |        |                 |
| u_get1000hz.u_counter.u_reg.dout_$_SDFFE_PP0P__Q:D (DFF_X1)     |        | 0.001       | 0.000      | 0.015      |             | 0.000  | 0.362r          |
|                                                                 |        |             |            |            |             |        |                 |
| clk (port)                                                      |        | 0.062       | 0.000      | 0.000      |             | 0.000  | 0.000r          |
| clk (clock net)                                                 | 51     |             |            |            | NA          |        |                 |
| _1530_:CK (CLKGATE_X1)                                          |        | 0.002       | 0.000      | 0.000      |             | 0.000  | 0.000r          |
| _1530_:GCK (CLKGATE_X1)                                         |        | 0.031       | 0.000      | 0.000      |             | 0.000  | 0.000r          |
| _0677_ (clock net)                                              | 32     |             |            |            | NA          |        |                 |
| u_get1000hz.u_counter.u_reg.dout_$_SDFFE_PP0P__Q:CK (DFF_X1)    |        | 0.001       | 0.000      | 0.000      |             | 0.000  | 0.000r          |
| clock core_clock (rise edge)                                    |        |             |            |            |             | 2      | 2               |
| clock network delay (ideal)                                     |        |             |            |            |             | 0.000  | 2.000           |
| u_get1000hz.u_counter.u_reg.dout_$_SDFFE_PP0P__Q:CK (DFF_X1)    |        |             |            |            |             |        | 2.000r          |
| library setup time                                              |        |             |            |            |             | -0.025 | 1.975           |
| clock reconvergence pessimism                                   |        |             |            |            |             | 0.000  | 1.975           |
|                                                                 |        |             |            |            |             |        |                 |
| path cell delay                                                 |        |             |            |            |             |        | 0.362(100.000%) |
| path net delay                                                  |        |             |            |            |             |        | 0.000(0.000%)   |
|                                                                 |        |             |            |            |             |        |                 |
| data require time                                               |        |             |            |            |             |        | 1.975           |
| data arrival time                                               |        |             |            |            |             |        | 0.362           |
| slack (MET)                                                     |        |             |            |            |             |        | 1.613           |
+-----------------------------------------------------------------+--------+-------------+------------+------------+-------------+--------+-----------------+
+-----------------------------------------------------------------+--------+-------------+------------+------------+-------------+--------+-----------------+
| Point                                                           | Fanout | Capacitance | Resistance | Transition | Delta Delay | Incr   | Path            |
+-----------------------------------------------------------------+--------+-------------+------------+------------+-------------+--------+-----------------+
| clk (port)                                                      |        | 0.062       | 0.000      | 0.000      |             | 0.000  | 0.000r          |
| clk (clock net)                                                 | 51     |             |            |            | NA          |        |                 |
| _1530_:CK (CLKGATE_X1)                                          |        | 0.002       | 0.000      | 0.000      |             | 0.000  | 0.000r          |
| _1530_:GCK (CLKGATE_X1)                                         |        | 0.031       | 0.000      | 0.000      |             | 0.000  | 0.000r          |
| _0677_ (clock net)                                              | 32     |             |            |            | NA          |        |                 |
| u_get1000hz.u_counter.u_reg.dout_$_SDFFE_PP0P__Q_30:CK (DFF_X1) |        | 0.001       | 0.000      | 0.000      |             | 0.000  | 0.000r          |
| clock core_clock (rise edge)                                    |        |             |            |            |             | 0      | 0               |
| clock network delay (ideal)                                     |        |             |            |            |             | 0.000  | 0.000           |
| u_get1000hz.u_counter.u_reg.dout_$_SDFFE_PP0P__Q_30:CK (DFF_X1) |        | 0.001       | 0.000      | 0.000      |             | 0.000  | 0.000r          |
| u_get1000hz.u_counter.u_reg.dout_$_SDFFE_PP0P__Q_30:Q (DFF_X1)  |        | 0.008       | 0.000      | 0.012      |             | 0.057  | 0.057r          |
| u_get1000hz.count[1] (net)                                      | 4      |             |            |            | 0.000       |        |                 |
| _1053_:A1 (AND2_X4)                                             |        | 0.003       | 0.000      | 0.012      |             | 0.000  | 0.057r          |
| _1053_:ZN (AND2_X4)                                             |        | 0.005       | 0.000      | 0.005      |             | 0.020  | 0.076r          |
| _0373_ (net)                                                    | 2      |             |            |            | 0.000       |        |                 |
| _1054_:A1 (AND2_X4)                                             |        | 0.003       | 0.000      | 0.005      |             | 0.000  | 0.076r          |
| _1054_:ZN (AND2_X4)                                             |        | 0.007       | 0.000      | 0.005      |             | 0.018  | 0.094r          |
| _0374_ (net)                                                    | 3      |             |            |            | 0.000       |        |                 |
| _1055_:A1 (AND2_X4)                                             |        | 0.003       | 0.000      | 0.005      |             | 0.000  | 0.094r          |
| _1055_:ZN (AND2_X4)                                             |        | 0.007       | 0.000      | 0.005      |             | 0.018  | 0.113r          |
| _0375_ (net)                                                    | 3      |             |            |            | 0.000       |        |                 |
| _1056_:A1 (AND2_X4)                                             |        | 0.003       | 0.000      | 0.005      |             | 0.000  | 0.113r          |
| _1056_:ZN (AND2_X4)                                             |        | 0.007       | 0.000      | 0.006      |             | 0.019  | 0.131r          |
| _0376_ (net)                                                    | 3      |             |            |            | 0.000       |        |                 |
| _1057_:A1 (AND2_X4)                                             |        | 0.003       | 0.000      | 0.006      |             | 0.000  | 0.131r          |
| _1057_:ZN (AND2_X4)                                             |        | 0.005       | 0.000      | 0.005      |             | 0.017  | 0.149r          |
| _0377_ (net)                                                    | 2      |             |            |            | 0.000       |        |                 |
| _1058_:A1 (AND2_X4)                                             |        | 0.003       | 0.000      | 0.005      |             | 0.000  | 0.149r          |
| _1058_:ZN (AND2_X4)                                             |        | 0.007       | 0.000      | 0.006      |             | 0.019  | 0.167r          |
| _0378_ (net)                                                    | 3      |             |            |            | 0.000       |        |                 |
| _1059_:A1 (AND2_X4)                                             |        | 0.003       | 0.000      | 0.006      |             | 0.000  | 0.167r          |
| _1059_:ZN (AND2_X4)                                             |        | 0.011       | 0.000      | 0.006      |             | 0.020  | 0.188r          |
| _0379_ (net)                                                    | 7      |             |            |            | 0.000       |        |                 |
| _1062_:A1 (AND2_X4)                                             |        | 0.003       | 0.000      | 0.006      |             | 0.000  | 0.188r          |
| _1062_:ZN (AND2_X4)                                             |        | 0.009       | 0.000      | 0.006      |             | 0.020  | 0.207r          |
| _0382_ (net)                                                    | 5      |             |            |            | 0.000       |        |                 |
| _1064_:A1 (AND2_X4)                                             |        | 0.003       | 0.000      | 0.006      |             | 0.000  | 0.207r          |
| _1064_:ZN (AND2_X4)                                             |        | 0.005       | 0.000      | 0.005      |             | 0.018  | 0.225r          |
| _0384_ (net)                                                    | 2      |             |            |            | 0.000       |        |                 |
| _1065_:A1 (AND2_X4)                                             |        | 0.003       | 0.000      | 0.005      |             | 0.000  | 0.225r          |
| _1065_:ZN (AND2_X4)                                             |        | 0.007       | 0.000      | 0.005      |             | 0.018  | 0.243r          |
| _0385_ (net)                                                    | 3      |             |            |            | 0.000       |        |                 |
| _1066_:A1 (AND2_X4)                                             |        | 0.003       | 0.000      | 0.005      |             | 0.000  | 0.243r          |
| _1066_:ZN (AND2_X4)                                             |        | 0.010       | 0.000      | 0.006      |             | 0.020  | 0.263r          |
| _0386_ (net)                                                    | 5      |             |            |            | 0.000       |        |                 |
| _1089_:A1 (AND2_X4)                                             |        | 0.003       | 0.000      | 0.006      |             | 0.000  | 0.263r          |
| _1089_:ZN (AND2_X4)                                             |        | 0.008       | 0.000      | 0.006      |             | 0.019  | 0.282r          |
| _0407_ (net)                                                    | 4      |             |            |            | 0.000       |        |                 |
| _1090_:A1 (AND2_X4)                                             |        | 0.003       | 0.000      | 0.006      |             | 0.000  | 0.282r          |
| _1090_:ZN (AND2_X4)                                             |        | 0.006       | 0.000      | 0.005      |             | 0.019  | 0.301r          |
| _0408_ (net)                                                    | 5      |             |            |            | 0.000       |        |                 |
| _1164_:A1 (AND3_X1)                                             |        | 0.001       | 0.000      | 0.005      |             | 0.000  | 0.301r          |
| _1164_:ZN (AND3_X1)                                             |        | 0.003       | 0.000      | 0.009      |             | 0.029  | 0.330r          |
| _0454_ (net)                                                    | 2      |             |            |            | 0.000       |        |                 |
| _1165_:C1 (OAI211_X1)                                           |        | 0.002       | 0.000      | 0.009      |             | 0.000  | 0.330r          |
| _1165_:ZN (OAI211_X1)                                           |        | 0.001       | 0.000      | 0.011      |             | 0.014  | 0.344f          |
| _0455_ (net)                                                    | 1      |             |            |            | 0.000       |        |                 |
| _1167_:A1 (NOR2_X1)                                             |        | 0.002       | 0.000      | 0.011      |             | 0.000  | 0.344f          |
| _1167_:ZN (NOR2_X1)                                             |        | 0.001       | 0.000      | 0.009      |             | 0.015  | 0.360r          |
| _0070_ (net)                                                    | 1      |             |            |            | 0.000       |        |                 |
| u_get1000hz.u_counter.u_reg.dout_$_SDFFE_PP0P__Q_8:D (DFF_X1)   |        | 0.001       | 0.000      | 0.009      |             | 0.000  | 0.360r          |
|                                                                 |        |             |            |            |             |        |                 |
| clk (port)                                                      |        | 0.062       | 0.000      | 0.000      |             | 0.000  | 0.000r          |
| clk (clock net)                                                 | 51     |             |            |            | NA          |        |                 |
| _1530_:CK (CLKGATE_X1)                                          |        | 0.002       | 0.000      | 0.000      |             | 0.000  | 0.000r          |
| _1530_:GCK (CLKGATE_X1)                                         |        | 0.031       | 0.000      | 0.000      |             | 0.000  | 0.000r          |
| _0677_ (clock net)                                              | 32     |             |            |            | NA          |        |                 |
| u_get1000hz.u_counter.u_reg.dout_$_SDFFE_PP0P__Q_8:CK (DFF_X1)  |        | 0.001       | 0.000      | 0.000      |             | 0.000  | 0.000r          |
| clock core_clock (rise edge)                                    |        |             |            |            |             | 2      | 2               |
| clock network delay (ideal)                                     |        |             |            |            |             | 0.000  | 2.000           |
| u_get1000hz.u_counter.u_reg.dout_$_SDFFE_PP0P__Q_8:CK (DFF_X1)  |        |             |            |            |             |        | 2.000r          |
| library setup time                                              |        |             |            |            |             | -0.024 | 1.976           |
| clock reconvergence pessimism                                   |        |             |            |            |             | 0.000  | 1.976           |
|                                                                 |        |             |            |            |             |        |                 |
| path cell delay                                                 |        |             |            |            |             |        | 0.360(100.000%) |
| path net delay                                                  |        |             |            |            |             |        | 0.000(0.000%)   |
|                                                                 |        |             |            |            |             |        |                 |
| data require time                                               |        |             |            |            |             |        | 1.976           |
| data arrival time                                               |        |             |            |            |             |        | 0.360           |
| slack (MET)                                                     |        |             |            |            |             |        | 1.617           |
+-----------------------------------------------------------------+--------+-------------+------------+------------+-------------+--------+-----------------+
+-----------------------------------------------------------------+--------+-------------+------------+------------+-------------+--------+-----------------+
| Point                                                           | Fanout | Capacitance | Resistance | Transition | Delta Delay | Incr   | Path            |
+-----------------------------------------------------------------+--------+-------------+------------+------------+-------------+--------+-----------------+
| clk (port)                                                      |        | 0.062       | 0.000      | 0.000      |             | 0.000  | 0.000r          |
| clk (clock net)                                                 | 51     |             |            |            | NA          |        |                 |
| _1530_:CK (CLKGATE_X1)                                          |        | 0.002       | 0.000      | 0.000      |             | 0.000  | 0.000r          |
| _1530_:GCK (CLKGATE_X1)                                         |        | 0.031       | 0.000      | 0.000      |             | 0.000  | 0.000r          |
| _0677_ (clock net)                                              | 32     |             |            |            | NA          |        |                 |
| u_get1000hz.u_counter.u_reg.dout_$_SDFFE_PP0P__Q_30:CK (DFF_X1) |        | 0.001       | 0.000      | 0.000      |             | 0.000  | 0.000r          |
| clock core_clock (rise edge)                                    |        |             |            |            |             | 0      | 0               |
| clock network delay (ideal)                                     |        |             |            |            |             | 0.000  | 0.000           |
| u_get1000hz.u_counter.u_reg.dout_$_SDFFE_PP0P__Q_30:CK (DFF_X1) |        | 0.001       | 0.000      | 0.000      |             | 0.000  | 0.000r          |
| u_get1000hz.u_counter.u_reg.dout_$_SDFFE_PP0P__Q_30:Q (DFF_X1)  |        | 0.008       | 0.000      | 0.012      |             | 0.057  | 0.057r          |
| u_get1000hz.count[1] (net)                                      | 4      |             |            |            | 0.000       |        |                 |
| _1053_:A1 (AND2_X4)                                             |        | 0.003       | 0.000      | 0.012      |             | 0.000  | 0.057r          |
| _1053_:ZN (AND2_X4)                                             |        | 0.005       | 0.000      | 0.005      |             | 0.020  | 0.076r          |
| _0373_ (net)                                                    | 2      |             |            |            | 0.000       |        |                 |
| _1054_:A1 (AND2_X4)                                             |        | 0.003       | 0.000      | 0.005      |             | 0.000  | 0.076r          |
| _1054_:ZN (AND2_X4)                                             |        | 0.007       | 0.000      | 0.005      |             | 0.018  | 0.094r          |
| _0374_ (net)                                                    | 3      |             |            |            | 0.000       |        |                 |
| _1055_:A1 (AND2_X4)                                             |        | 0.003       | 0.000      | 0.005      |             | 0.000  | 0.094r          |
| _1055_:ZN (AND2_X4)                                             |        | 0.007       | 0.000      | 0.005      |             | 0.018  | 0.113r          |
| _0375_ (net)                                                    | 3      |             |            |            | 0.000       |        |                 |
| _1056_:A1 (AND2_X4)                                             |        | 0.003       | 0.000      | 0.005      |             | 0.000  | 0.113r          |
| _1056_:ZN (AND2_X4)                                             |        | 0.007       | 0.000      | 0.006      |             | 0.019  | 0.131r          |
| _0376_ (net)                                                    | 3      |             |            |            | 0.000       |        |                 |
| _1057_:A1 (AND2_X4)                                             |        | 0.003       | 0.000      | 0.006      |             | 0.000  | 0.131r          |
| _1057_:ZN (AND2_X4)                                             |        | 0.005       | 0.000      | 0.005      |             | 0.017  | 0.149r          |
| _0377_ (net)                                                    | 2      |             |            |            | 0.000       |        |                 |
| _1058_:A1 (AND2_X4)                                             |        | 0.003       | 0.000      | 0.005      |             | 0.000  | 0.149r          |
| _1058_:ZN (AND2_X4)                                             |        | 0.007       | 0.000      | 0.006      |             | 0.019  | 0.167r          |
| _0378_ (net)                                                    | 3      |             |            |            | 0.000       |        |                 |
| _1059_:A1 (AND2_X4)                                             |        | 0.003       | 0.000      | 0.006      |             | 0.000  | 0.167r          |
| _1059_:ZN (AND2_X4)                                             |        | 0.011       | 0.000      | 0.006      |             | 0.020  | 0.188r          |
| _0379_ (net)                                                    | 7      |             |            |            | 0.000       |        |                 |
| _1062_:A1 (AND2_X4)                                             |        | 0.003       | 0.000      | 0.006      |             | 0.000  | 0.188r          |
| _1062_:ZN (AND2_X4)                                             |        | 0.009       | 0.000      | 0.006      |             | 0.020  | 0.207r          |
| _0382_ (net)                                                    | 5      |             |            |            | 0.000       |        |                 |
| _1064_:A1 (AND2_X4)                                             |        | 0.003       | 0.000      | 0.006      |             | 0.000  | 0.207r          |
| _1064_:ZN (AND2_X4)                                             |        | 0.005       | 0.000      | 0.005      |             | 0.018  | 0.225r          |
| _0384_ (net)                                                    | 2      |             |            |            | 0.000       |        |                 |
| _1065_:A1 (AND2_X4)                                             |        | 0.003       | 0.000      | 0.005      |             | 0.000  | 0.225r          |
| _1065_:ZN (AND2_X4)                                             |        | 0.007       | 0.000      | 0.005      |             | 0.018  | 0.243r          |
| _0385_ (net)                                                    | 3      |             |            |            | 0.000       |        |                 |
| _1066_:A1 (AND2_X4)                                             |        | 0.003       | 0.000      | 0.005      |             | 0.000  | 0.243r          |
| _1066_:ZN (AND2_X4)                                             |        | 0.010       | 0.000      | 0.006      |             | 0.020  | 0.263r          |
| _0386_ (net)                                                    | 5      |             |            |            | 0.000       |        |                 |
| _1089_:A1 (AND2_X4)                                             |        | 0.003       | 0.000      | 0.006      |             | 0.000  | 0.263r          |
| _1089_:ZN (AND2_X4)                                             |        | 0.008       | 0.000      | 0.006      |             | 0.019  | 0.282r          |
| _0407_ (net)                                                    | 4      |             |            |            | 0.000       |        |                 |
| _1090_:A1 (AND2_X4)                                             |        | 0.003       | 0.000      | 0.006      |             | 0.000  | 0.282r          |
| _1090_:ZN (AND2_X4)                                             |        | 0.006       | 0.000      | 0.005      |             | 0.019  | 0.301r          |
| _0408_ (net)                                                    | 5      |             |            |            | 0.000       |        |                 |
| _1164_:A1 (AND3_X1)                                             |        | 0.001       | 0.000      | 0.005      |             | 0.000  | 0.301r          |
| _1164_:ZN (AND3_X1)                                             |        | 0.003       | 0.000      | 0.009      |             | 0.029  | 0.330r          |
| _0454_ (net)                                                    | 2      |             |            |            | 0.000       |        |                 |
| _1165_:C1 (OAI211_X1)                                           |        | 0.002       | 0.000      | 0.009      |             | 0.000  | 0.330r          |
| _1165_:ZN (OAI211_X1)                                           |        | 0.001       | 0.000      | 0.011      |             | 0.014  | 0.344f          |
| _0455_ (net)                                                    | 1      |             |            |            | 0.000       |        |                 |
| _1167_:A1 (NOR2_X1)                                             |        | 0.002       | 0.000      | 0.011      |             | 0.000  | 0.344f          |
| _1167_:ZN (NOR2_X1)                                             |        | 0.001       | 0.000      | 0.009      |             | 0.015  | 0.360r          |
| _0070_ (net)                                                    | 1      |             |            |            | 0.000       |        |                 |
| u_get1000hz.u_counter.u_reg.dout_$_SDFFE_PP0P__Q_8:D (DFF_X1)   |        | 0.001       | 0.000      | 0.009      |             | 0.000  | 0.360r          |
|                                                                 |        |             |            |            |             |        |                 |
| clk (port)                                                      |        | 0.062       | 0.000      | 0.000      |             | 0.000  | 0.000r          |
| clk (clock net)                                                 | 51     |             |            |            | NA          |        |                 |
| _1530_:CK (CLKGATE_X1)                                          |        | 0.002       | 0.000      | 0.000      |             | 0.000  | 0.000r          |
| _1530_:GCK (CLKGATE_X1)                                         |        | 0.031       | 0.000      | 0.000      |             | 0.000  | 0.000r          |
| _0677_ (clock net)                                              | 32     |             |            |            | NA          |        |                 |
| u_get1000hz.u_counter.u_reg.dout_$_SDFFE_PP0P__Q_8:CK (DFF_X1)  |        | 0.001       | 0.000      | 0.000      |             | 0.000  | 0.000r          |
| clock core_clock (rise edge)                                    |        |             |            |            |             | 2      | 2               |
| clock network delay (ideal)                                     |        |             |            |            |             | 0.000  | 2.000           |
| u_get1000hz.u_counter.u_reg.dout_$_SDFFE_PP0P__Q_8:CK (DFF_X1)  |        |             |            |            |             |        | 2.000r          |
| library setup time                                              |        |             |            |            |             | -0.024 | 1.976           |
| clock reconvergence pessimism                                   |        |             |            |            |             | 0.000  | 1.976           |
|                                                                 |        |             |            |            |             |        |                 |
| path cell delay                                                 |        |             |            |            |             |        | 0.360(100.000%) |
| path net delay                                                  |        |             |            |            |             |        | 0.000(0.000%)   |
|                                                                 |        |             |            |            |             |        |                 |
| data require time                                               |        |             |            |            |             |        | 1.976           |
| data arrival time                                               |        |             |            |            |             |        | 0.360           |
| slack (MET)                                                     |        |             |            |            |             |        | 1.617           |
+-----------------------------------------------------------------+--------+-------------+------------+------------+-------------+--------+-----------------+
+------------------------------------------------------------+--------+-------------+------------+------------+-------------+--------+-----------------+
| Point                                                      | Fanout | Capacitance | Resistance | Transition | Delta Delay | Incr   | Path            |
+------------------------------------------------------------+--------+-------------+------------+------------+-------------+--------+-----------------+
| clk (port)                                                 |        | 0.062       | 0.000      | 0.000      |             | 0.000  | 0.000r          |
| clk (clock net)                                            | 51     |             |            |            | NA          |        |                 |
| u_get1hz.u_counter.u_reg.dout_$_SDFF_PP0__Q_31:CK (DFF_X1) |        | 0.001       | 0.000      | 0.000      |             | 0.000  | 0.000r          |
| clock core_clock (rise edge)                               |        |             |            |            |             | 0      | 0               |
| clock network delay (ideal)                                |        |             |            |            |             | 0.000  | 0.000           |
| u_get1hz.u_counter.u_reg.dout_$_SDFF_PP0__Q_31:CK (DFF_X1) |        | 0.001       | 0.000      | 0.000      |             | 0.000  | 0.000r          |
| u_get1hz.u_counter.u_reg.dout_$_SDFF_PP0__Q_31:Q (DFF_X1)  |        | 0.005       | 0.000      | 0.010      |             | 0.054  | 0.054r          |
| u_get1hz.count[0] (net)                                    | 2      |             |            |            | 0.000       |        |                 |
| _0886_:A2 (AND2_X4)                                        |        | 0.004       | 0.000      | 0.010      |             | 0.000  | 0.054r          |
| _0886_:ZN (AND2_X4)                                        |        | 0.008       | 0.000      | 0.006      |             | 0.021  | 0.075r          |
| _0226_ (net)                                               | 4      |             |            |            | 0.000       |        |                 |
| _0887_:A1 (AND2_X4)                                        |        | 0.003       | 0.000      | 0.006      |             | 0.000  | 0.075r          |
| _0887_:ZN (AND2_X4)                                        |        | 0.009       | 0.000      | 0.006      |             | 0.020  | 0.094r          |
| _0227_ (net)                                               | 5      |             |            |            | 0.000       |        |                 |
| _1180_:A1 (AND2_X4)                                        |        | 0.003       | 0.000      | 0.006      |             | 0.000  | 0.094r          |
| _1180_:ZN (AND2_X4)                                        |        | 0.008       | 0.000      | 0.006      |             | 0.019  | 0.114r          |
| _0467_ (net)                                               | 5      |             |            |            | 0.000       |        |                 |
| _1182_:A1 (AND2_X1)                                        |        | 0.001       | 0.000      | 0.006      |             | 0.000  | 0.114r          |
| _1182_:ZN (AND2_X1)                                        |        | 0.004       | 0.000      | 0.009      |             | 0.024  | 0.138r          |
| _0469_ (net)                                               | 3      |             |            |            | 0.000       |        |                 |
| _1183_:A1 (AND2_X1)                                        |        | 0.001       | 0.000      | 0.009      |             | 0.000  | 0.138r          |
| _1183_:ZN (AND2_X1)                                        |        | 0.005       | 0.000      | 0.010      |             | 0.027  | 0.165r          |
| _0470_ (net)                                               | 3      |             |            |            | 0.000       |        |                 |
| _1184_:A1 (AND2_X2)                                        |        | 0.002       | 0.000      | 0.010      |             | 0.000  | 0.165r          |
| _1184_:ZN (AND2_X2)                                        |        | 0.014       | 0.000      | 0.011      |             | 0.028  | 0.193r          |
| _0471_ (net)                                               | 8      |             |            |            | 0.000       |        |                 |
| _1187_:A1 (AND2_X4)                                        |        | 0.003       | 0.000      | 0.011      |             | 0.000  | 0.193r          |
| _1187_:ZN (AND2_X4)                                        |        | 0.007       | 0.000      | 0.005      |             | 0.020  | 0.213r          |
| _0474_ (net)                                               | 6      |             |            |            | 0.000       |        |                 |
| _1190_:A1 (AND2_X1)                                        |        | 0.001       | 0.000      | 0.005      |             | 0.000  | 0.213r          |
| _1190_:ZN (AND2_X1)                                        |        | 0.003       | 0.000      | 0.008      |             | 0.023  | 0.236r          |
| _0477_ (net)                                               | 2      |             |            |            | 0.000       |        |                 |
| _1195_:A1 (AND2_X2)                                        |        | 0.002       | 0.000      | 0.008      |             | 0.000  | 0.236r          |
| _1195_:ZN (AND2_X2)                                        |        | 0.011       | 0.000      | 0.010      |             | 0.025  | 0.261r          |
| _0482_ (net)                                               | 7      |             |            |            | 0.000       |        |                 |
| _1198_:A1 (AND2_X4)                                        |        | 0.003       | 0.000      | 0.010      |             | 0.000  | 0.261r          |
| _1198_:ZN (AND2_X4)                                        |        | 0.005       | 0.000      | 0.005      |             | 0.019  | 0.281r          |
| _0485_ (net)                                               | 4      |             |            |            | 0.000       |        |                 |
| _1199_:A1 (AND3_X1)                                        |        | 0.001       | 0.000      | 0.005      |             | 0.000  | 0.281r          |
| _1199_:ZN (AND3_X1)                                        |        | 0.003       | 0.000      | 0.009      |             | 0.029  | 0.310r          |
| _0486_ (net)                                               | 3      |             |            |            | 0.000       |        |                 |
| _1200_:A1 (AND2_X1)                                        |        | 0.001       | 0.000      | 0.009      |             | 0.000  | 0.310r          |
| _1200_:ZN (AND2_X1)                                        |        | 0.003       | 0.000      | 0.008      |             | 0.024  | 0.334r          |
| _0487_ (net)                                               | 2      |             |            |            | 0.000       |        |                 |
| _1201_:B1 (OAI21_X1)                                       |        | 0.002       | 0.000      | 0.008      |             | 0.000  | 0.334r          |
| _1201_:ZN (OAI21_X1)                                       |        | 0.001       | 0.000      | 0.008      |             | 0.010  | 0.344f          |
| _0488_ (net)                                               | 1      |             |            |            | 0.000       |        |                 |
| _1203_:A1 (NOR2_X1)                                        |        | 0.002       | 0.000      | 0.008      |             | 0.000  | 0.344f          |
| _1203_:ZN (NOR2_X1)                                        |        | 0.001       | 0.000      | 0.009      |             | 0.014  | 0.358r          |
| _0073_ (net)                                               | 1      |             |            |            | 0.000       |        |                 |
| u_get1hz.u_counter.u_reg.dout_$_SDFF_PP0__Q:D (DFF_X1)     |        | 0.001       | 0.000      | 0.009      |             | 0.000  | 0.358r          |
|                                                            |        |             |            |            |             |        |                 |
| clk (port)                                                 |        | 0.062       | 0.000      | 0.000      |             | 0.000  | 0.000r          |
| clk (clock net)                                            | 51     |             |            |            | NA          |        |                 |
| u_get1hz.u_counter.u_reg.dout_$_SDFF_PP0__Q:CK (DFF_X1)    |        | 0.001       | 0.000      | 0.000      |             | 0.000  | 0.000r          |
| clock core_clock (rise edge)                               |        |             |            |            |             | 2      | 2               |
| clock network delay (ideal)                                |        |             |            |            |             | 0.000  | 2.000           |
| u_get1hz.u_counter.u_reg.dout_$_SDFF_PP0__Q:CK (DFF_X1)    |        |             |            |            |             |        | 2.000r          |
| library setup time                                         |        |             |            |            |             | -0.024 | 1.976           |
| clock reconvergence pessimism                              |        |             |            |            |             | 0.000  | 1.976           |
|                                                            |        |             |            |            |             |        |                 |
| path cell delay                                            |        |             |            |            |             |        | 0.358(100.000%) |
| path net delay                                             |        |             |            |            |             |        | 0.000(0.000%)   |
|                                                            |        |             |            |            |             |        |                 |
| data require time                                          |        |             |            |            |             |        | 1.976           |
| data arrival time                                          |        |             |            |            |             |        | 0.358           |
| slack (MET)                                                |        |             |            |            |             |        | 1.618           |
+------------------------------------------------------------+--------+-------------+------------+------------+-------------+--------+-----------------+
+-----------------------------------------------------------------+--------+-------------+------------+------------+-------------+--------+-----------------+
| Point                                                           | Fanout | Capacitance | Resistance | Transition | Delta Delay | Incr   | Path            |
+-----------------------------------------------------------------+--------+-------------+------------+------------+-------------+--------+-----------------+
| clk (port)                                                      |        | 0.062       | 0.000      | 0.000      |             | 0.000  | 0.000r          |
| clk (clock net)                                                 | 51     |             |            |            | NA          |        |                 |
| _1530_:CK (CLKGATE_X1)                                          |        | 0.002       | 0.000      | 0.000      |             | 0.000  | 0.000r          |
| _1530_:GCK (CLKGATE_X1)                                         |        | 0.031       | 0.000      | 0.000      |             | 0.000  | 0.000r          |
| _0677_ (clock net)                                              | 32     |             |            |            | NA          |        |                 |
| u_get1000hz.u_counter.u_reg.dout_$_SDFFE_PP0P__Q_13:CK (DFF_X1) |        | 0.001       | 0.000      | 0.000      |             | 0.000  | 0.000r          |
| clock core_clock (rise edge)                                    |        |             |            |            |             | 0      | 0               |
| clock network delay (ideal)                                     |        |             |            |            |             | 0.000  | 0.000           |
| u_get1000hz.u_counter.u_reg.dout_$_SDFFE_PP0P__Q_13:CK (DFF_X1) |        | 0.001       | 0.000      | 0.000      |             | 0.000  | 0.000r          |
| u_get1000hz.u_counter.u_reg.dout_$_SDFFE_PP0P__Q_13:Q (DFF_X1)  |        | 0.007       | 0.000      | 0.008      |             | 0.056  | 0.056f          |
| u_get1000hz.count[18] (net)                                     | 5      |             |            |            | 0.000       |        |                 |
| _0786_:A2 (OR2_X1)                                              |        | 0.001       | 0.000      | 0.008      |             | 0.000  | 0.056f          |
| _0786_:ZN (OR2_X1)                                              |        | 0.001       | 0.000      | 0.005      |             | 0.026  | 0.082f          |
| _0146_ (net)                                                    | 1      |             |            |            | 0.000       |        |                 |
| _0787_:A1 (OR3_X1)                                              |        | 0.001       | 0.000      | 0.005      |             | 0.000  | 0.082f          |
| _0787_:ZN (OR3_X1)                                              |        | 0.001       | 0.000      | 0.007      |             | 0.031  | 0.113f          |
| _0147_ (net)                                                    | 1      |             |            |            | 0.000       |        |                 |
| _0788_:A1 (OR3_X1)                                              |        | 0.001       | 0.000      | 0.007      |             | 0.000  | 0.113f          |
| _0788_:ZN (OR3_X1)                                              |        | 0.001       | 0.000      | 0.008      |             | 0.034  | 0.147f          |
| _0148_ (net)                                                    | 1      |             |            |            | 0.000       |        |                 |
| _0789_:A1 (NOR3_X1)                                             |        | 0.002       | 0.000      | 0.008      |             | 0.000  | 0.147f          |
| _0789_:ZN (NOR3_X1)                                             |        | 0.001       | 0.000      | 0.011      |             | 0.015  | 0.163r          |
| _0149_ (net)                                                    | 1      |             |            |            | 0.000       |        |                 |
| _0792_:A2 (AND4_X1)                                             |        | 0.001       | 0.000      | 0.011      |             | 0.000  | 0.163r          |
| _0792_:ZN (AND4_X1)                                             |        | 0.007       | 0.000      | 0.015      |             | 0.047  | 0.210r          |
| _0152_ (net)                                                    | 5      |             |            |            | 0.000       |        |                 |
| _0807_:A1 (AND3_X2)                                             |        | 0.002       | 0.000      | 0.015      |             | 0.000  | 0.210r          |
| _0807_:ZN (AND3_X2)                                             |        | 0.010       | 0.000      | 0.010      |             | 0.033  | 0.243r          |
| _0167_ (net)                                                    | 7      |             |            |            | 0.000       |        |                 |
| _0831_:A1 (AND2_X1)                                             |        | 0.001       | 0.000      | 0.010      |             | 0.000  | 0.243r          |
| _0831_:ZN (AND2_X1)                                             |        | 0.007       | 0.000      | 0.011      |             | 0.029  | 0.272r          |
| _0186_ (net)                                                    | 4      |             |            |            | 0.000       |        |                 |
| _1508_:A1 (NAND4_X1)                                            |        | 0.002       | 0.000      | 0.011      |             | 0.000  | 0.272r          |
| _1508_:ZN (NAND4_X1)                                            |        | 0.001       | 0.000      | 0.012      |             | 0.018  | 0.290f          |
| _0135_ (net)                                                    | 1      |             |            |            | 0.000       |        |                 |
| _1509_:A1 (NOR2_X1)                                             |        | 0.002       | 0.000      | 0.012      |             | 0.000  | 0.290f          |
| _1509_:ZN (NOR2_X1)                                             |        | 0.001       | 0.000      | 0.008      |             | 0.013  | 0.303r          |
| genblk1[4].genblk1.i_stopwatch1.en (net)                        | 1      |             |            |            | 0.000       |        |                 |
| _1537_:E (CLKGATE_X1)                                           |        | 0.001       | 0.000      | 0.008      |             | 0.000  | 0.303r          |
|                                                                 |        |             |            |            |             |        |                 |
| clk (port)                                                      |        | 0.062       | 0.000      | 0.000      |             | 0.000  | 0.000r          |
| clk (clock net)                                                 | 51     |             |            |            | NA          |        |                 |
| _1537_:CK (CLKGATE_X1)                                          |        | 0.002       | 0.000      | 0.000      |             | 0.000  | 0.000r          |
| clock core_clock (rise edge)                                    |        |             |            |            |             | 2      | 2               |
| clock network delay (ideal)                                     |        |             |            |            |             | 0.000  | 2.000           |
| _1537_:CK (CLKGATE_X1)                                          |        |             |            |            |             |        | 2.000r          |
| library setup time                                              |        |             |            |            |             | -0.034 | 1.966           |
| clock reconvergence pessimism                                   |        |             |            |            |             | 0.000  | 1.966           |
|                                                                 |        |             |            |            |             |        |                 |
| path cell delay                                                 |        |             |            |            |             |        | 0.303(100.000%) |
| path net delay                                                  |        |             |            |            |             |        | 0.000(0.000%)   |
|                                                                 |        |             |            |            |             |        |                 |
| data require time                                               |        |             |            |            |             |        | 1.966           |
| data arrival time                                               |        |             |            |            |             |        | 0.303           |
| slack (MET)                                                     |        |             |            |            |             |        | 1.663           |
+-----------------------------------------------------------------+--------+-------------+------------+------------+-------------+--------+-----------------+
+-----------------------------------------------------------------+--------+-------------+------------+------------+-------------+--------+-----------------+
| Point                                                           | Fanout | Capacitance | Resistance | Transition | Delta Delay | Incr   | Path            |
+-----------------------------------------------------------------+--------+-------------+------------+------------+-------------+--------+-----------------+
| clk (port)                                                      |        | 0.062       | 0.000      | 0.000      |             | 0.000  | 0.000r          |
| clk (clock net)                                                 | 51     |             |            |            | NA          |        |                 |
| _1530_:CK (CLKGATE_X1)                                          |        | 0.002       | 0.000      | 0.000      |             | 0.000  | 0.000r          |
| _1530_:GCK (CLKGATE_X1)                                         |        | 0.031       | 0.000      | 0.000      |             | 0.000  | 0.000r          |
| _0677_ (clock net)                                              | 32     |             |            |            | NA          |        |                 |
| u_get1000hz.u_counter.u_reg.dout_$_SDFFE_PP0P__Q_13:CK (DFF_X1) |        | 0.001       | 0.000      | 0.000      |             | 0.000  | 0.000r          |
| clock core_clock (rise edge)                                    |        |             |            |            |             | 0      | 0               |
| clock network delay (ideal)                                     |        |             |            |            |             | 0.000  | 0.000           |
| u_get1000hz.u_counter.u_reg.dout_$_SDFFE_PP0P__Q_13:CK (DFF_X1) |        | 0.001       | 0.000      | 0.000      |             | 0.000  | 0.000r          |
| u_get1000hz.u_counter.u_reg.dout_$_SDFFE_PP0P__Q_13:Q (DFF_X1)  |        | 0.007       | 0.000      | 0.008      |             | 0.056  | 0.056f          |
| u_get1000hz.count[18] (net)                                     | 5      |             |            |            | 0.000       |        |                 |
| _0786_:A2 (OR2_X1)                                              |        | 0.001       | 0.000      | 0.008      |             | 0.000  | 0.056f          |
| _0786_:ZN (OR2_X1)                                              |        | 0.001       | 0.000      | 0.005      |             | 0.026  | 0.082f          |
| _0146_ (net)                                                    | 1      |             |            |            | 0.000       |        |                 |
| _0787_:A1 (OR3_X1)                                              |        | 0.001       | 0.000      | 0.005      |             | 0.000  | 0.082f          |
| _0787_:ZN (OR3_X1)                                              |        | 0.001       | 0.000      | 0.007      |             | 0.031  | 0.113f          |
| _0147_ (net)                                                    | 1      |             |            |            | 0.000       |        |                 |
| _0788_:A1 (OR3_X1)                                              |        | 0.001       | 0.000      | 0.007      |             | 0.000  | 0.113f          |
| _0788_:ZN (OR3_X1)                                              |        | 0.001       | 0.000      | 0.008      |             | 0.034  | 0.147f          |
| _0148_ (net)                                                    | 1      |             |            |            | 0.000       |        |                 |
| _0789_:A1 (NOR3_X1)                                             |        | 0.002       | 0.000      | 0.008      |             | 0.000  | 0.147f          |
| _0789_:ZN (NOR3_X1)                                             |        | 0.001       | 0.000      | 0.011      |             | 0.015  | 0.163r          |
| _0149_ (net)                                                    | 1      |             |            |            | 0.000       |        |                 |
| _0792_:A2 (AND4_X1)                                             |        | 0.001       | 0.000      | 0.011      |             | 0.000  | 0.163r          |
| _0792_:ZN (AND4_X1)                                             |        | 0.007       | 0.000      | 0.015      |             | 0.047  | 0.210r          |
| _0152_ (net)                                                    | 5      |             |            |            | 0.000       |        |                 |
| _0807_:A1 (AND3_X2)                                             |        | 0.002       | 0.000      | 0.015      |             | 0.000  | 0.210r          |
| _0807_:ZN (AND3_X2)                                             |        | 0.010       | 0.000      | 0.010      |             | 0.033  | 0.243r          |
| _0167_ (net)                                                    | 7      |             |            |            | 0.000       |        |                 |
| _1506_:A2 (AND4_X1)                                             |        | 0.001       | 0.000      | 0.010      |             | 0.000  | 0.243r          |
| _1506_:ZN (AND4_X1)                                             |        | 0.002       | 0.000      | 0.008      |             | 0.036  | 0.279r          |
| genblk1[2].genblk1.i_stopwatch1.en (net)                        | 2      |             |            |            | 0.000       |        |                 |
| _1507_:A1 (AND2_X1)                                             |        | 0.001       | 0.000      | 0.008      |             | 0.000  | 0.279r          |
| _1507_:ZN (AND2_X1)                                             |        | 0.001       | 0.000      | 0.004      |             | 0.019  | 0.298r          |
| genblk1[3].genblk1.i_stopwatch1.en (net)                        | 1      |             |            |            | 0.000       |        |                 |
| _1538_:E (CLKGATE_X1)                                           |        | 0.001       | 0.000      | 0.004      |             | 0.000  | 0.298r          |
|                                                                 |        |             |            |            |             |        |                 |
| clk (port)                                                      |        | 0.062       | 0.000      | 0.000      |             | 0.000  | 0.000r          |
| clk (clock net)                                                 | 51     |             |            |            | NA          |        |                 |
| _1538_:CK (CLKGATE_X1)                                          |        | 0.002       | 0.000      | 0.000      |             | 0.000  | 0.000r          |
| clock core_clock (rise edge)                                    |        |             |            |            |             | 2      | 2               |
| clock network delay (ideal)                                     |        |             |            |            |             | 0.000  | 2.000           |
| _1538_:CK (CLKGATE_X1)                                          |        |             |            |            |             |        | 2.000r          |
| library setup time                                              |        |             |            |            |             | -0.034 | 1.966           |
| clock reconvergence pessimism                                   |        |             |            |            |             | 0.000  | 1.966           |
|                                                                 |        |             |            |            |             |        |                 |
| path cell delay                                                 |        |             |            |            |             |        | 0.298(100.000%) |
| path net delay                                                  |        |             |            |            |             |        | 0.000(0.000%)   |
|                                                                 |        |             |            |            |             |        |                 |
| data require time                                               |        |             |            |            |             |        | 1.966           |
| data arrival time                                               |        |             |            |            |             |        | 0.298           |
| slack (MET)                                                     |        |             |            |            |             |        | 1.668           |
+-----------------------------------------------------------------+--------+-------------+------------+------------+-------------+--------+-----------------+
+-----------------------------------------------------------------+--------+-------------+------------+------------+-------------+--------+-----------------+
| Point                                                           | Fanout | Capacitance | Resistance | Transition | Delta Delay | Incr   | Path            |
+-----------------------------------------------------------------+--------+-------------+------------+------------+-------------+--------+-----------------+
| clk (port)                                                      |        | 0.062       | 0.000      | 0.000      |             | 0.000  | 0.000r          |
| clk (clock net)                                                 | 51     |             |            |            | NA          |        |                 |
| _1530_:CK (CLKGATE_X1)                                          |        | 0.002       | 0.000      | 0.000      |             | 0.000  | 0.000r          |
| _1530_:GCK (CLKGATE_X1)                                         |        | 0.031       | 0.000      | 0.000      |             | 0.000  | 0.000r          |
| _0677_ (clock net)                                              | 32     |             |            |            | NA          |        |                 |
| u_get1000hz.u_counter.u_reg.dout_$_SDFFE_PP0P__Q_13:CK (DFF_X1) |        | 0.001       | 0.000      | 0.000      |             | 0.000  | 0.000r          |
| clock core_clock (rise edge)                                    |        |             |            |            |             | 0      | 0               |
| clock network delay (ideal)                                     |        |             |            |            |             | 0.000  | 0.000           |
| u_get1000hz.u_counter.u_reg.dout_$_SDFFE_PP0P__Q_13:CK (DFF_X1) |        | 0.001       | 0.000      | 0.000      |             | 0.000  | 0.000r          |
| u_get1000hz.u_counter.u_reg.dout_$_SDFFE_PP0P__Q_13:Q (DFF_X1)  |        | 0.007       | 0.000      | 0.008      |             | 0.056  | 0.056f          |
| u_get1000hz.count[18] (net)                                     | 5      |             |            |            | 0.000       |        |                 |
| _0786_:A2 (OR2_X1)                                              |        | 0.001       | 0.000      | 0.008      |             | 0.000  | 0.056f          |
| _0786_:ZN (OR2_X1)                                              |        | 0.001       | 0.000      | 0.005      |             | 0.026  | 0.082f          |
| _0146_ (net)                                                    | 1      |             |            |            | 0.000       |        |                 |
| _0787_:A1 (OR3_X1)                                              |        | 0.001       | 0.000      | 0.005      |             | 0.000  | 0.082f          |
| _0787_:ZN (OR3_X1)                                              |        | 0.001       | 0.000      | 0.007      |             | 0.031  | 0.113f          |
| _0147_ (net)                                                    | 1      |             |            |            | 0.000       |        |                 |
| _0788_:A1 (OR3_X1)                                              |        | 0.001       | 0.000      | 0.007      |             | 0.000  | 0.113f          |
| _0788_:ZN (OR3_X1)                                              |        | 0.001       | 0.000      | 0.008      |             | 0.034  | 0.147f          |
| _0148_ (net)                                                    | 1      |             |            |            | 0.000       |        |                 |
| _0789_:A1 (NOR3_X1)                                             |        | 0.002       | 0.000      | 0.008      |             | 0.000  | 0.147f          |
| _0789_:ZN (NOR3_X1)                                             |        | 0.001       | 0.000      | 0.011      |             | 0.015  | 0.163r          |
| _0149_ (net)                                                    | 1      |             |            |            | 0.000       |        |                 |
| _0792_:A2 (AND4_X1)                                             |        | 0.001       | 0.000      | 0.011      |             | 0.000  | 0.163r          |
| _0792_:ZN (AND4_X1)                                             |        | 0.007       | 0.000      | 0.015      |             | 0.047  | 0.210r          |
| _0152_ (net)                                                    | 5      |             |            |            | 0.000       |        |                 |
| _0807_:A1 (AND3_X2)                                             |        | 0.002       | 0.000      | 0.015      |             | 0.000  | 0.210r          |
| _0807_:ZN (AND3_X2)                                             |        | 0.010       | 0.000      | 0.010      |             | 0.033  | 0.243r          |
| _0167_ (net)                                                    | 7      |             |            |            | 0.000       |        |                 |
| _1506_:A2 (AND4_X1)                                             |        | 0.001       | 0.000      | 0.010      |             | 0.000  | 0.243r          |
| _1506_:ZN (AND4_X1)                                             |        | 0.002       | 0.000      | 0.008      |             | 0.036  | 0.279r          |
| genblk1[2].genblk1.i_stopwatch1.en (net)                        | 2      |             |            |            | 0.000       |        |                 |
| _1539_:E (CLKGATE_X1)                                           |        | 0.001       | 0.000      | 0.008      |             | 0.000  | 0.279r          |
|                                                                 |        |             |            |            |             |        |                 |
| clk (port)                                                      |        | 0.062       | 0.000      | 0.000      |             | 0.000  | 0.000r          |
| clk (clock net)                                                 | 51     |             |            |            | NA          |        |                 |
| _1539_:CK (CLKGATE_X1)                                          |        | 0.002       | 0.000      | 0.000      |             | 0.000  | 0.000r          |
| clock core_clock (rise edge)                                    |        |             |            |            |             | 2      | 2               |
| clock network delay (ideal)                                     |        |             |            |            |             | 0.000  | 2.000           |
| _1539_:CK (CLKGATE_X1)                                          |        |             |            |            |             |        | 2.000r          |
| library setup time                                              |        |             |            |            |             | -0.034 | 1.966           |
| clock reconvergence pessimism                                   |        |             |            |            |             | 0.000  | 1.966           |
|                                                                 |        |             |            |            |             |        |                 |
| path cell delay                                                 |        |             |            |            |             |        | 0.279(100.000%) |
| path net delay                                                  |        |             |            |            |             |        | 0.000(0.000%)   |
|                                                                 |        |             |            |            |             |        |                 |
| data require time                                               |        |             |            |            |             |        | 1.966           |
| data arrival time                                               |        |             |            |            |             |        | 0.279           |
| slack (MET)                                                     |        |             |            |            |             |        | 1.687           |
+-----------------------------------------------------------------+--------+-------------+------------+------------+-------------+--------+-----------------+
+------------------------------------------------------------+--------+-------------+------------+------------+-------------+--------+-----------------+
| Point                                                      | Fanout | Capacitance | Resistance | Transition | Delta Delay | Incr   | Path            |
+------------------------------------------------------------+--------+-------------+------------+------------+-------------+--------+-----------------+
| clk (port)                                                 |        | 0.062       | 0.000      | 0.000      |             | 0.000  | 0.000r          |
| clk (clock net)                                            | 51     |             |            |            | NA          |        |                 |
| u_get1hz.u_counter.u_reg.dout_$_SDFF_PP0__Q_21:CK (DFF_X1) |        | 0.001       | 0.000      | 0.000      |             | 0.000  | 0.000r          |
| clock core_clock (rise edge)                               |        |             |            |            |             | 0      | 0               |
| clock network delay (ideal)                                |        |             |            |            |             | 0.000  | 0.000           |
| u_get1hz.u_counter.u_reg.dout_$_SDFF_PP0__Q_21:CK (DFF_X1) |        | 0.001       | 0.000      | 0.000      |             | 0.000  | 0.000r          |
| u_get1hz.u_counter.u_reg.dout_$_SDFF_PP0__Q_21:Q (DFF_X1)  |        | 0.006       | 0.000      | 0.008      |             | 0.056  | 0.056f          |
| u_get1hz.count[10] (net)                                   | 5      |             |            |            | 0.000       |        |                 |
| _0892_:A2 (OR2_X1)                                         |        | 0.001       | 0.000      | 0.008      |             | 0.000  | 0.056f          |
| _0892_:ZN (OR2_X1)                                         |        | 0.003       | 0.000      | 0.007      |             | 0.029  | 0.085f          |
| _0232_ (net)                                               | 2      |             |            |            | 0.000       |        |                 |
| _0988_:A2 (NOR4_X1)                                        |        | 0.002       | 0.000      | 0.007      |             | 0.000  | 0.085f          |
| _0988_:ZN (NOR4_X1)                                        |        | 0.002       | 0.000      | 0.028      |             | 0.038  | 0.123r          |
| _0321_ (net)                                               | 2      |             |            |            | 0.000       |        |                 |
| _0991_:A1 (NAND4_X1)                                       |        | 0.002       | 0.000      | 0.028      |             | 0.000  | 0.123r          |
| _0991_:ZN (NAND4_X1)                                       |        | 0.006       | 0.000      | 0.023      |             | 0.034  | 0.157f          |
| _0324_ (net)                                               | 4      |             |            |            | 0.000       |        |                 |
| _0997_:A1 (NOR2_X1)                                        |        | 0.002       | 0.000      | 0.023      |             | 0.000  | 0.157f          |
| _0997_:ZN (NOR2_X1)                                        |        | 0.012       | 0.000      | 0.035      |             | 0.049  | 0.206r          |
| _0330_ (net)                                               | 8      |             |            |            | 0.000       |        |                 |
| _0999_:A1 (AND3_X1)                                        |        | 0.001       | 0.000      | 0.035      |             | 0.000  | 0.206r          |
| _0999_:ZN (AND3_X1)                                        |        | 0.002       | 0.000      | 0.007      |             | 0.035  | 0.240r          |
| _0332_ (net)                                               | 1      |             |            |            | 0.000       |        |                 |
| _1000_:A1 (NAND3_X1)                                       |        | 0.002       | 0.000      | 0.007      |             | 0.000  | 0.240r          |
| _1000_:ZN (NAND3_X1)                                       |        | 0.003       | 0.000      | 0.012      |             | 0.015  | 0.255f          |
| _0333_ (net)                                               | 2      |             |            |            | 0.000       |        |                 |
| _1516_:B1 (OAI21_X1)                                       |        | 0.002       | 0.000      | 0.012      |             | 0.000  | 0.255f          |
| _1516_:ZN (OAI21_X1)                                       |        | 0.001       | 0.000      | 0.009      |             | 0.014  | 0.270r          |
| u_counter_hour_low.en (net)                                | 1      |             |            |            | 0.000       |        |                 |
| _1535_:E (CLKGATE_X1)                                      |        | 0.001       | 0.000      | 0.009      |             | 0.000  | 0.270r          |
|                                                            |        |             |            |            |             |        |                 |
| clk (port)                                                 |        | 0.062       | 0.000      | 0.000      |             | 0.000  | 0.000r          |
| clk (clock net)                                            | 51     |             |            |            | NA          |        |                 |
| _1535_:CK (CLKGATE_X1)                                     |        | 0.002       | 0.000      | 0.000      |             | 0.000  | 0.000r          |
| clock core_clock (rise edge)                               |        |             |            |            |             | 2      | 2               |
| clock network delay (ideal)                                |        |             |            |            |             | 0.000  | 2.000           |
| _1535_:CK (CLKGATE_X1)                                     |        |             |            |            |             |        | 2.000r          |
| library setup time                                         |        |             |            |            |             | -0.034 | 1.966           |
| clock reconvergence pessimism                              |        |             |            |            |             | 0.000  | 1.966           |
|                                                            |        |             |            |            |             |        |                 |
| path cell delay                                            |        |             |            |            |             |        | 0.270(100.000%) |
| path net delay                                             |        |             |            |            |             |        | 0.000(0.000%)   |
|                                                            |        |             |            |            |             |        |                 |
| data require time                                          |        |             |            |            |             |        | 1.966           |
| data arrival time                                          |        |             |            |            |             |        | 0.270           |
| slack (MET)                                                |        |             |            |            |             |        | 1.696           |
+------------------------------------------------------------+--------+-------------+------------+------------+-------------+--------+-----------------+
+------------------------------------------------------------+--------+-------------+------------+------------+-------------+--------+-----------------+
| Point                                                      | Fanout | Capacitance | Resistance | Transition | Delta Delay | Incr   | Path            |
+------------------------------------------------------------+--------+-------------+------------+------------+-------------+--------+-----------------+
| clk (port)                                                 |        | 0.062       | 0.000      | 0.000      |             | 0.000  | 0.000r          |
| clk (clock net)                                            | 51     |             |            |            | NA          |        |                 |
| u_get1hz.u_counter.u_reg.dout_$_SDFF_PP0__Q_26:CK (DFF_X1) |        | 0.001       | 0.000      | 0.000      |             | 0.000  | 0.000r          |
| clock core_clock (rise edge)                               |        |             |            |            |             | 0      | 0               |
| clock network delay (ideal)                                |        |             |            |            |             | 0.000  | 0.000           |
| u_get1hz.u_counter.u_reg.dout_$_SDFF_PP0__Q_26:CK (DFF_X1) |        | 0.001       | 0.000      | 0.000      |             | 0.000  | 0.000r          |
| u_get1hz.u_counter.u_reg.dout_$_SDFF_PP0__Q_26:Q (DFF_X1)  |        | 0.006       | 0.000      | 0.007      |             | 0.055  | 0.055f          |
| u_get1hz.count[5] (net)                                    | 4      |             |            |            | 0.000       |        |                 |
| _0888_:A4 (NOR4_X1)                                        |        | 0.002       | 0.000      | 0.007      |             | 0.000  | 0.055f          |
| _0888_:ZN (NOR4_X1)                                        |        | 0.002       | 0.000      | 0.023      |             | 0.040  | 0.095r          |
| _0228_ (net)                                               | 1      |             |            |            | 0.000       |        |                 |
| _0889_:A3 (NAND3_X1)                                       |        | 0.002       | 0.000      | 0.023      |             | 0.000  | 0.095r          |
| _0889_:ZN (NAND3_X1)                                       |        | 0.001       | 0.000      | 0.010      |             | 0.015  | 0.110f          |
| _0229_ (net)                                               | 1      |             |            |            | 0.000       |        |                 |
| _0897_:A1 (NOR4_X1)                                        |        | 0.002       | 0.000      | 0.010      |             | 0.000  | 0.110f          |
| _0897_:ZN (NOR4_X1)                                        |        | 0.004       | 0.000      | 0.037      |             | 0.041  | 0.151r          |
| _0237_ (net)                                               | 3      |             |            |            | 0.000       |        |                 |
| _0960_:A1 (AND3_X1)                                        |        | 0.001       | 0.000      | 0.037      |             | 0.000  | 0.151r          |
| _0960_:ZN (AND3_X1)                                        |        | 0.003       | 0.000      | 0.010      |             | 0.039  | 0.190r          |
| _0298_ (net)                                               | 2      |             |            |            | 0.000       |        |                 |
| _0961_:A1 (AND3_X2)                                        |        | 0.002       | 0.000      | 0.010      |             | 0.000  | 0.190r          |
| _0961_:ZN (AND3_X2)                                        |        | 0.010       | 0.000      | 0.011      |             | 0.032  | 0.222r          |
| _0299_ (net)                                               | 6      |             |            |            | 0.000       |        |                 |
| _0962_:A1 (NAND3_X1)                                       |        | 0.002       | 0.000      | 0.011      |             | 0.000  | 0.222r          |
| _0962_:ZN (NAND3_X1)                                       |        | 0.005       | 0.000      | 0.017      |             | 0.022  | 0.245f          |
| _0300_ (net)                                               | 5      |             |            |            | 0.000       |        |                 |
| _1514_:A1 (NAND2_X1)                                       |        | 0.002       | 0.000      | 0.017      |             | 0.000  | 0.245f          |
| _1514_:ZN (NAND2_X1)                                       |        | 0.001       | 0.000      | 0.007      |             | 0.010  | 0.254r          |
| u_counter_hour_high.en (net)                               | 1      |             |            |            | 0.000       |        |                 |
| _1536_:E (CLKGATE_X1)                                      |        | 0.001       | 0.000      | 0.007      |             | 0.000  | 0.254r          |
|                                                            |        |             |            |            |             |        |                 |
| clk (port)                                                 |        | 0.062       | 0.000      | 0.000      |             | 0.000  | 0.000r          |
| clk (clock net)                                            | 51     |             |            |            | NA          |        |                 |
| _1536_:CK (CLKGATE_X1)                                     |        | 0.002       | 0.000      | 0.000      |             | 0.000  | 0.000r          |
| clock core_clock (rise edge)                               |        |             |            |            |             | 2      | 2               |
| clock network delay (ideal)                                |        |             |            |            |             | 0.000  | 2.000           |
| _1536_:CK (CLKGATE_X1)                                     |        |             |            |            |             |        | 2.000r          |
| library setup time                                         |        |             |            |            |             | -0.034 | 1.966           |
| clock reconvergence pessimism                              |        |             |            |            |             | 0.000  | 1.966           |
|                                                            |        |             |            |            |             |        |                 |
| path cell delay                                            |        |             |            |            |             |        | 0.254(100.000%) |
| path net delay                                             |        |             |            |            |             |        | 0.000(0.000%)   |
|                                                            |        |             |            |            |             |        |                 |
| data require time                                          |        |             |            |            |             |        | 1.966           |
| data arrival time                                          |        |             |            |            |             |        | 0.254           |
| slack (MET)                                                |        |             |            |            |             |        | 1.712           |
+------------------------------------------------------------+--------+-------------+------------+------------+-------------+--------+-----------------+
+--------------------------------------------------------------------------+--------+-------------+------------+------------+-------------+--------+-----------------+
| Point                                                                    | Fanout | Capacitance | Resistance | Transition | Delta Delay | Incr   | Path            |
+--------------------------------------------------------------------------+--------+-------------+------------+------------+-------------+--------+-----------------+
| clk (port)                                                               |        | 0.062       | 0.000      | 0.000      |             | 0.000  | 0.000r          |
| clk (clock net)                                                          | 51     |             |            |            | NA          |        |                 |
| _1537_:CK (CLKGATE_X1)                                                   |        | 0.002       | 0.000      | 0.000      |             | 0.000  | 0.000r          |
| _1537_:GCK (CLKGATE_X1)                                                  |        | 0.004       | 0.000      | 0.000      |             | 0.000  | 0.000r          |
| _0684_ (clock net)                                                       | 4      |             |            |            | NA          |        |                 |
| genblk1[4].genblk1.i_stopwatch1.u_reg.dout_$_SDFFE_PP0P__Q_3:CK (DFF_X1) |        | 0.001       | 0.000      | 0.000      |             | 0.000  | 0.000r          |
| clock core_clock (rise edge)                                             |        |             |            |            |             | 0      | 0               |
| clock network delay (ideal)                                              |        |             |            |            |             | 0.000  | 0.000           |
| genblk1[4].genblk1.i_stopwatch1.u_reg.dout_$_SDFFE_PP0P__Q_3:CK (DFF_X1) |        | 0.001       | 0.000      | 0.000      |             | 0.000  | 0.000r          |
| genblk1[4].genblk1.i_stopwatch1.u_reg.dout_$_SDFFE_PP0P__Q_3:QN (DFF_X1) |        | 0.001       | 0.000      | 0.007      |             | 0.035  | 0.035f          |
| genblk1[4].genblk1.i_stopwatch1.u_reg.din[0] (net)                       | 1      |             |            |            | 0.000       |        |                 |
| _0884_:A2 (AND2_X1)                                                      |        | 0.001       | 0.000      | 0.007      |             | 0.000  | 0.035f          |
| _0884_:ZN (AND2_X1)                                                      |        | 0.001       | 0.000      | 0.004      |             | 0.019  | 0.053f          |
| _0019_ (net)                                                             | 1      |             |            |            | 0.000       |        |                 |
| genblk1[4].genblk1.i_stopwatch1.u_reg.dout_$_SDFFE_PP0P__Q_3:D (DFF_X1)  |        | 0.001       | 0.000      | 0.004      |             | 0.000  | 0.053f          |
|                                                                          |        |             |            |            |             |        |                 |
| clk (port)                                                               |        | 0.062       | 0.000      | 0.000      |             | 0.000  | 0.000r          |
| clk (clock net)                                                          | 51     |             |            |            | NA          |        |                 |
| _1537_:CK (CLKGATE_X1)                                                   |        | 0.002       | 0.000      | 0.000      |             | 0.000  | 0.000r          |
| _1537_:GCK (CLKGATE_X1)                                                  |        | 0.004       | 0.000      | 0.000      |             | 0.000  | 0.000r          |
| _0684_ (clock net)                                                       | 4      |             |            |            | NA          |        |                 |
| genblk1[4].genblk1.i_stopwatch1.u_reg.dout_$_SDFFE_PP0P__Q_3:CK (DFF_X1) |        | 0.001       | 0.000      | 0.000      |             | 0.000  | 0.000r          |
| clock core_clock (rise edge)                                             |        |             |            |            |             | 0      | 0               |
| clock network delay (ideal)                                              |        |             |            |            |             | 0.000  | 0.000           |
| genblk1[4].genblk1.i_stopwatch1.u_reg.dout_$_SDFFE_PP0P__Q_3:CK (DFF_X1) |        |             |            |            |             |        | 0.000r          |
| library hold time                                                        |        |             |            |            |             | 0.003  | 0.003           |
| clock reconvergence pessimism                                            |        |             |            |            |             | -0.000 | 0.003           |
|                                                                          |        |             |            |            |             |        |                 |
| path cell delay                                                          |        |             |            |            |             |        | 0.053(100.000%) |
| path net delay                                                           |        |             |            |            |             |        | 0.000(0.000%)   |
|                                                                          |        |             |            |            |             |        |                 |
| data require time                                                        |        |             |            |            |             |        | 0.003           |
| data arrival time                                                        |        |             |            |            |             |        | 0.053           |
| slack (MET)                                                              |        |             |            |            |             |        | 0.051           |
+--------------------------------------------------------------------------+--------+-------------+------------+------------+-------------+--------+-----------------+
+--------------------------------------------------------------------------+--------+-------------+------------+------------+-------------+--------+-----------------+
| Point                                                                    | Fanout | Capacitance | Resistance | Transition | Delta Delay | Incr   | Path            |
+--------------------------------------------------------------------------+--------+-------------+------------+------------+-------------+--------+-----------------+
| clk (port)                                                               |        | 0.062       | 0.000      | 0.000      |             | 0.000  | 0.000r          |
| clk (clock net)                                                          | 51     |             |            |            | NA          |        |                 |
| _1537_:CK (CLKGATE_X1)                                                   |        | 0.002       | 0.000      | 0.000      |             | 0.000  | 0.000r          |
| _1537_:GCK (CLKGATE_X1)                                                  |        | 0.004       | 0.000      | 0.000      |             | 0.000  | 0.000r          |
| _0684_ (clock net)                                                       | 4      |             |            |            | NA          |        |                 |
| genblk1[4].genblk1.i_stopwatch1.u_reg.dout_$_SDFFE_PP0P__Q_3:CK (DFF_X1) |        | 0.001       | 0.000      | 0.000      |             | 0.000  | 0.000r          |
| clock core_clock (rise edge)                                             |        |             |            |            |             | 0      | 0               |
| clock network delay (ideal)                                              |        |             |            |            |             | 0.000  | 0.000           |
| genblk1[4].genblk1.i_stopwatch1.u_reg.dout_$_SDFFE_PP0P__Q_3:CK (DFF_X1) |        | 0.001       | 0.000      | 0.000      |             | 0.000  | 0.000r          |
| genblk1[4].genblk1.i_stopwatch1.u_reg.dout_$_SDFFE_PP0P__Q_3:QN (DFF_X1) |        | 0.001       | 0.000      | 0.007      |             | 0.035  | 0.035f          |
| genblk1[4].genblk1.i_stopwatch1.u_reg.din[0] (net)                       | 1      |             |            |            | 0.000       |        |                 |
| _0884_:A2 (AND2_X1)                                                      |        | 0.001       | 0.000      | 0.007      |             | 0.000  | 0.035f          |
| _0884_:ZN (AND2_X1)                                                      |        | 0.001       | 0.000      | 0.004      |             | 0.019  | 0.053f          |
| _0019_ (net)                                                             | 1      |             |            |            | 0.000       |        |                 |
| genblk1[4].genblk1.i_stopwatch1.u_reg.dout_$_SDFFE_PP0P__Q_3:D (DFF_X1)  |        | 0.001       | 0.000      | 0.004      |             | 0.000  | 0.053f          |
|                                                                          |        |             |            |            |             |        |                 |
| clk (port)                                                               |        | 0.062       | 0.000      | 0.000      |             | 0.000  | 0.000r          |
| clk (clock net)                                                          | 51     |             |            |            | NA          |        |                 |
| _1537_:CK (CLKGATE_X1)                                                   |        | 0.002       | 0.000      | 0.000      |             | 0.000  | 0.000r          |
| _1537_:GCK (CLKGATE_X1)                                                  |        | 0.004       | 0.000      | 0.000      |             | 0.000  | 0.000r          |
| _0684_ (clock net)                                                       | 4      |             |            |            | NA          |        |                 |
| genblk1[4].genblk1.i_stopwatch1.u_reg.dout_$_SDFFE_PP0P__Q_3:CK (DFF_X1) |        | 0.001       | 0.000      | 0.000      |             | 0.000  | 0.000r          |
| clock core_clock (rise edge)                                             |        |             |            |            |             | 0      | 0               |
| clock network delay (ideal)                                              |        |             |            |            |             | 0.000  | 0.000           |
| genblk1[4].genblk1.i_stopwatch1.u_reg.dout_$_SDFFE_PP0P__Q_3:CK (DFF_X1) |        |             |            |            |             |        | 0.000r          |
| library hold time                                                        |        |             |            |            |             | 0.003  | 0.003           |
| clock reconvergence pessimism                                            |        |             |            |            |             | -0.000 | 0.003           |
|                                                                          |        |             |            |            |             |        |                 |
| path cell delay                                                          |        |             |            |            |             |        | 0.053(100.000%) |
| path net delay                                                           |        |             |            |            |             |        | 0.000(0.000%)   |
|                                                                          |        |             |            |            |             |        |                 |
| data require time                                                        |        |             |            |            |             |        | 0.003           |
| data arrival time                                                        |        |             |            |            |             |        | 0.053           |
| slack (MET)                                                              |        |             |            |            |             |        | 0.051           |
+--------------------------------------------------------------------------+--------+-------------+------------+------------+-------------+--------+-----------------+
+--------------------------------------------------------------------------+--------+-------------+------------+------------+-------------+--------+-----------------+
| Point                                                                    | Fanout | Capacitance | Resistance | Transition | Delta Delay | Incr   | Path            |
+--------------------------------------------------------------------------+--------+-------------+------------+------------+-------------+--------+-----------------+
| clk (port)                                                               |        | 0.062       | 0.000      | 0.000      |             | 0.000  | 0.000r          |
| clk (clock net)                                                          | 51     |             |            |            | NA          |        |                 |
| _1538_:CK (CLKGATE_X1)                                                   |        | 0.002       | 0.000      | 0.000      |             | 0.000  | 0.000r          |
| _1538_:GCK (CLKGATE_X1)                                                  |        | 0.004       | 0.000      | 0.000      |             | 0.000  | 0.000r          |
| _0685_ (clock net)                                                       | 4      |             |            |            | NA          |        |                 |
| genblk1[3].genblk1.i_stopwatch1.u_reg.dout_$_SDFFE_PP0P__Q_3:CK (DFF_X1) |        | 0.001       | 0.000      | 0.000      |             | 0.000  | 0.000r          |
| clock core_clock (rise edge)                                             |        |             |            |            |             | 0      | 0               |
| clock network delay (ideal)                                              |        |             |            |            |             | 0.000  | 0.000           |
| genblk1[3].genblk1.i_stopwatch1.u_reg.dout_$_SDFFE_PP0P__Q_3:CK (DFF_X1) |        | 0.001       | 0.000      | 0.000      |             | 0.000  | 0.000r          |
| genblk1[3].genblk1.i_stopwatch1.u_reg.dout_$_SDFFE_PP0P__Q_3:QN (DFF_X1) |        | 0.001       | 0.000      | 0.007      |             | 0.035  | 0.035f          |
| genblk1[3].genblk1.i_stopwatch1.u_reg.din[0] (net)                       | 1      |             |            |            | 0.000       |        |                 |
| _0868_:A2 (AND2_X1)                                                      |        | 0.001       | 0.000      | 0.007      |             | 0.000  | 0.035f          |
| _0868_:ZN (AND2_X1)                                                      |        | 0.001       | 0.000      | 0.004      |             | 0.019  | 0.053f          |
| _0015_ (net)                                                             | 1      |             |            |            | 0.000       |        |                 |
| genblk1[3].genblk1.i_stopwatch1.u_reg.dout_$_SDFFE_PP0P__Q_3:D (DFF_X1)  |        | 0.001       | 0.000      | 0.004      |             | 0.000  | 0.053f          |
|                                                                          |        |             |            |            |             |        |                 |
| clk (port)                                                               |        | 0.062       | 0.000      | 0.000      |             | 0.000  | 0.000r          |
| clk (clock net)                                                          | 51     |             |            |            | NA          |        |                 |
| _1538_:CK (CLKGATE_X1)                                                   |        | 0.002       | 0.000      | 0.000      |             | 0.000  | 0.000r          |
| _1538_:GCK (CLKGATE_X1)                                                  |        | 0.004       | 0.000      | 0.000      |             | 0.000  | 0.000r          |
| _0685_ (clock net)                                                       | 4      |             |            |            | NA          |        |                 |
| genblk1[3].genblk1.i_stopwatch1.u_reg.dout_$_SDFFE_PP0P__Q_3:CK (DFF_X1) |        | 0.001       | 0.000      | 0.000      |             | 0.000  | 0.000r          |
| clock core_clock (rise edge)                                             |        |             |            |            |             | 0      | 0               |
| clock network delay (ideal)                                              |        |             |            |            |             | 0.000  | 0.000           |
| genblk1[3].genblk1.i_stopwatch1.u_reg.dout_$_SDFFE_PP0P__Q_3:CK (DFF_X1) |        |             |            |            |             |        | 0.000r          |
| library hold time                                                        |        |             |            |            |             | 0.003  | 0.003           |
| clock reconvergence pessimism                                            |        |             |            |            |             | -0.000 | 0.003           |
|                                                                          |        |             |            |            |             |        |                 |
| path cell delay                                                          |        |             |            |            |             |        | 0.053(100.000%) |
| path net delay                                                           |        |             |            |            |             |        | 0.000(0.000%)   |
|                                                                          |        |             |            |            |             |        |                 |
| data require time                                                        |        |             |            |            |             |        | 0.003           |
| data arrival time                                                        |        |             |            |            |             |        | 0.053           |
| slack (MET)                                                              |        |             |            |            |             |        | 0.051           |
+--------------------------------------------------------------------------+--------+-------------+------------+------------+-------------+--------+-----------------+
+--------------------------------------------------------------------------+--------+-------------+------------+------------+-------------+--------+-----------------+
| Point                                                                    | Fanout | Capacitance | Resistance | Transition | Delta Delay | Incr   | Path            |
+--------------------------------------------------------------------------+--------+-------------+------------+------------+-------------+--------+-----------------+
| clk (port)                                                               |        | 0.062       | 0.000      | 0.000      |             | 0.000  | 0.000r          |
| clk (clock net)                                                          | 51     |             |            |            | NA          |        |                 |
| _1538_:CK (CLKGATE_X1)                                                   |        | 0.002       | 0.000      | 0.000      |             | 0.000  | 0.000r          |
| _1538_:GCK (CLKGATE_X1)                                                  |        | 0.004       | 0.000      | 0.000      |             | 0.000  | 0.000r          |
| _0685_ (clock net)                                                       | 4      |             |            |            | NA          |        |                 |
| genblk1[3].genblk1.i_stopwatch1.u_reg.dout_$_SDFFE_PP0P__Q_3:CK (DFF_X1) |        | 0.001       | 0.000      | 0.000      |             | 0.000  | 0.000r          |
| clock core_clock (rise edge)                                             |        |             |            |            |             | 0      | 0               |
| clock network delay (ideal)                                              |        |             |            |            |             | 0.000  | 0.000           |
| genblk1[3].genblk1.i_stopwatch1.u_reg.dout_$_SDFFE_PP0P__Q_3:CK (DFF_X1) |        | 0.001       | 0.000      | 0.000      |             | 0.000  | 0.000r          |
| genblk1[3].genblk1.i_stopwatch1.u_reg.dout_$_SDFFE_PP0P__Q_3:QN (DFF_X1) |        | 0.001       | 0.000      | 0.007      |             | 0.035  | 0.035f          |
| genblk1[3].genblk1.i_stopwatch1.u_reg.din[0] (net)                       | 1      |             |            |            | 0.000       |        |                 |
| _0868_:A2 (AND2_X1)                                                      |        | 0.001       | 0.000      | 0.007      |             | 0.000  | 0.035f          |
| _0868_:ZN (AND2_X1)                                                      |        | 0.001       | 0.000      | 0.004      |             | 0.019  | 0.053f          |
| _0015_ (net)                                                             | 1      |             |            |            | 0.000       |        |                 |
| genblk1[3].genblk1.i_stopwatch1.u_reg.dout_$_SDFFE_PP0P__Q_3:D (DFF_X1)  |        | 0.001       | 0.000      | 0.004      |             | 0.000  | 0.053f          |
|                                                                          |        |             |            |            |             |        |                 |
| clk (port)                                                               |        | 0.062       | 0.000      | 0.000      |             | 0.000  | 0.000r          |
| clk (clock net)                                                          | 51     |             |            |            | NA          |        |                 |
| _1538_:CK (CLKGATE_X1)                                                   |        | 0.002       | 0.000      | 0.000      |             | 0.000  | 0.000r          |
| _1538_:GCK (CLKGATE_X1)                                                  |        | 0.004       | 0.000      | 0.000      |             | 0.000  | 0.000r          |
| _0685_ (clock net)                                                       | 4      |             |            |            | NA          |        |                 |
| genblk1[3].genblk1.i_stopwatch1.u_reg.dout_$_SDFFE_PP0P__Q_3:CK (DFF_X1) |        | 0.001       | 0.000      | 0.000      |             | 0.000  | 0.000r          |
| clock core_clock (rise edge)                                             |        |             |            |            |             | 0      | 0               |
| clock network delay (ideal)                                              |        |             |            |            |             | 0.000  | 0.000           |
| genblk1[3].genblk1.i_stopwatch1.u_reg.dout_$_SDFFE_PP0P__Q_3:CK (DFF_X1) |        |             |            |            |             |        | 0.000r          |
| library hold time                                                        |        |             |            |            |             | 0.003  | 0.003           |
| clock reconvergence pessimism                                            |        |             |            |            |             | -0.000 | 0.003           |
|                                                                          |        |             |            |            |             |        |                 |
| path cell delay                                                          |        |             |            |            |             |        | 0.053(100.000%) |
| path net delay                                                           |        |             |            |            |             |        | 0.000(0.000%)   |
|                                                                          |        |             |            |            |             |        |                 |
| data require time                                                        |        |             |            |            |             |        | 0.003           |
| data arrival time                                                        |        |             |            |            |             |        | 0.053           |
| slack (MET)                                                              |        |             |            |            |             |        | 0.051           |
+--------------------------------------------------------------------------+--------+-------------+------------+------------+-------------+--------+-----------------+
+-------------------------------------------------------------+--------+-------------+------------+------------+-------------+--------+-----------------+
| Point                                                       | Fanout | Capacitance | Resistance | Transition | Delta Delay | Incr   | Path            |
+-------------------------------------------------------------+--------+-------------+------------+------------+-------------+--------+-----------------+
| clk (port)                                                  |        | 0.062       | 0.000      | 0.000      |             | 0.000  | 0.000r          |
| clk (clock net)                                             | 51     |             |            |            | NA          |        |                 |
| _1532_:CK (CLKGATE_X1)                                      |        | 0.002       | 0.000      | 0.000      |             | 0.000  | 0.000r          |
| _1532_:GCK (CLKGATE_X1)                                     |        | 0.003       | 0.000      | 0.000      |             | 0.000  | 0.000r          |
| _0679_ (clock net)                                          | 3      |             |            |            | NA          |        |                 |
| u_counter_sec_high.u_reg.dout_$_SDFFE_PP0P__Q_2:CK (DFF_X1) |        | 0.001       | 0.000      | 0.000      |             | 0.000  | 0.000r          |
| clock core_clock (rise edge)                                |        |             |            |            |             | 0      | 0               |
| clock network delay (ideal)                                 |        |             |            |            |             | 0.000  | 0.000           |
| u_counter_sec_high.u_reg.dout_$_SDFFE_PP0P__Q_2:CK (DFF_X1) |        | 0.001       | 0.000      | 0.000      |             | 0.000  | 0.000r          |
| u_counter_sec_high.u_reg.dout_$_SDFFE_PP0P__Q_2:QN (DFF_X1) |        | 0.001       | 0.000      | 0.007      |             | 0.035  | 0.035f          |
| u_counter_sec_high.u_reg.din[0] (net)                       | 1      |             |            |            | 0.000       |        |                 |
| _1034_:A1 (AND4_X1)                                         |        | 0.001       | 0.000      | 0.007      |             | 0.000  | 0.035f          |
| _1034_:ZN (AND4_X1)                                         |        | 0.001       | 0.000      | 0.005      |             | 0.019  | 0.054f          |
| _0035_ (net)                                                | 1      |             |            |            | 0.000       |        |                 |
| u_counter_sec_high.u_reg.dout_$_SDFFE_PP0P__Q_2:D (DFF_X1)  |        | 0.001       | 0.000      | 0.005      |             | 0.000  | 0.054f          |
|                                                             |        |             |            |            |             |        |                 |
| clk (port)                                                  |        | 0.062       | 0.000      | 0.000      |             | 0.000  | 0.000r          |
| clk (clock net)                                             | 51     |             |            |            | NA          |        |                 |
| _1532_:CK (CLKGATE_X1)                                      |        | 0.002       | 0.000      | 0.000      |             | 0.000  | 0.000r          |
| _1532_:GCK (CLKGATE_X1)                                     |        | 0.003       | 0.000      | 0.000      |             | 0.000  | 0.000r          |
| _0679_ (clock net)                                          | 3      |             |            |            | NA          |        |                 |
| u_counter_sec_high.u_reg.dout_$_SDFFE_PP0P__Q_2:CK (DFF_X1) |        | 0.001       | 0.000      | 0.000      |             | 0.000  | 0.000r          |
| clock core_clock (rise edge)                                |        |             |            |            |             | 0      | 0               |
| clock network delay (ideal)                                 |        |             |            |            |             | 0.000  | 0.000           |
| u_counter_sec_high.u_reg.dout_$_SDFFE_PP0P__Q_2:CK (DFF_X1) |        |             |            |            |             |        | 0.000r          |
| library hold time                                           |        |             |            |            |             | 0.003  | 0.003           |
| clock reconvergence pessimism                               |        |             |            |            |             | -0.000 | 0.003           |
|                                                             |        |             |            |            |             |        |                 |
| path cell delay                                             |        |             |            |            |             |        | 0.054(100.000%) |
| path net delay                                              |        |             |            |            |             |        | 0.000(0.000%)   |
|                                                             |        |             |            |            |             |        |                 |
| data require time                                           |        |             |            |            |             |        | 0.003           |
| data arrival time                                           |        |             |            |            |             |        | 0.054           |
| slack (MET)                                                 |        |             |            |            |             |        | 0.051           |
+-------------------------------------------------------------+--------+-------------+------------+------------+-------------+--------+-----------------+
+--------------------------------------------------+--------+-------------+------------+------------+-------------+--------+-----------------+
| Point                                            | Fanout | Capacitance | Resistance | Transition | Delta Delay | Incr   | Path            |
+--------------------------------------------------+--------+-------------+------------+------------+-------------+--------+-----------------+
| clk (port)                                       |        | 0.062       | 0.000      | 0.000      |             | 0.000  | 0.000r          |
| clk (clock net)                                  | 51     |             |            |            | NA          |        |                 |
| u_reg_find_edge.dout_$_SDFF_PP0__Q_4:CK (DFF_X1) |        | 0.001       | 0.000      | 0.000      |             | 0.000  | 0.000r          |
| clock core_clock (rise edge)                     |        |             |            |            |             | 0      | 0               |
| clock network delay (ideal)                      |        |             |            |            |             | 0.000  | 0.000           |
| u_reg_find_edge.dout_$_SDFF_PP0__Q_4:CK (DFF_X1) |        | 0.001       | 0.000      | 0.000      |             | 0.000  | 0.000r          |
| u_reg_find_edge.dout_$_SDFF_PP0__Q_4:Q (DFF_X1)  |        | 0.002       | 0.000      | 0.005      |             | 0.049  | 0.049r          |
| arrow_last[0] (net)                              | 1      |             |            |            | 0.000       |        |                 |
| _1527_:A2 (NOR3_X1)                              |        | 0.002       | 0.000      | 0.005      |             | 0.000  | 0.049r          |
| _1527_:ZN (NOR3_X1)                              |        | 0.001       | 0.000      | 0.004      |             | 0.006  | 0.055f          |
| u_reg_tunemode.dout_$_SDFFE_PP0P__Q_E (net)      | 1      |             |            |            | 0.000       |        |                 |
| _1528_:E (CLKGATE_X1)                            |        | 0.001       | 0.000      | 0.004      |             | 0.000  | 0.055f          |
|                                                  |        |             |            |            |             |        |                 |
| clk (port)                                       |        | 0.062       | 0.000      | 0.000      |             | 0.000  | 0.000r          |
| clk (clock net)                                  | 51     |             |            |            | NA          |        |                 |
| _1528_:CK (CLKGATE_X1)                           |        | 0.002       | 0.000      | 0.000      |             | 0.000  | 0.000r          |
| clock core_clock (rise edge)                     |        |             |            |            |             | 0      | 0               |
| clock network delay (ideal)                      |        |             |            |            |             | 0.000  | 0.000           |
| _1528_:CK (CLKGATE_X1)                           |        |             |            |            |             |        | 0.000r          |
| library hold time                                |        |             |            |            |             | -0.007 | -0.007          |
| clock reconvergence pessimism                    |        |             |            |            |             | -0.000 | -0.007          |
|                                                  |        |             |            |            |             |        |                 |
| path cell delay                                  |        |             |            |            |             |        | 0.055(100.000%) |
| path net delay                                   |        |             |            |            |             |        | 0.000(0.000%)   |
|                                                  |        |             |            |            |             |        |                 |
| data require time                                |        |             |            |            |             |        | -0.007          |
| data arrival time                                |        |             |            |            |             |        | 0.055           |
| slack (MET)                                      |        |             |            |            |             |        | 0.062           |
+--------------------------------------------------+--------+-------------+------------+------------+-------------+--------+-----------------+
+------------------------------------------------+--------+-------------+------------+------------+-------------+--------+-----------------+
| Point                                          | Fanout | Capacitance | Resistance | Transition | Delta Delay | Incr   | Path            |
+------------------------------------------------+--------+-------------+------------+------------+-------------+--------+-----------------+
| clk (port)                                     |        | 0.062       | 0.000      | 0.000      |             | 0.000  | 0.000r          |
| clk (clock net)                                | 51     |             |            |            | NA          |        |                 |
| u_reg_find_edge.dout_$_SDFF_PP0__Q:CK (DFF_X1) |        | 0.001       | 0.000      | 0.000      |             | 0.000  | 0.000r          |
| clock core_clock (rise edge)                   |        |             |            |            |             | 0      | 0               |
| clock network delay (ideal)                    |        |             |            |            |             | 0.000  | 0.000           |
| u_reg_find_edge.dout_$_SDFF_PP0__Q:CK (DFF_X1) |        | 0.001       | 0.000      | 0.000      |             | 0.000  | 0.000r          |
| u_reg_find_edge.dout_$_SDFF_PP0__Q:Q (DFF_X1)  |        | 0.003       | 0.000      | 0.006      |             | 0.053  | 0.053f          |
| arrow_last[4] (net)                            | 2      |             |            |            | 0.000       |        |                 |
| _1510_:A2 (OAI22_X1)                           |        | 0.002       | 0.000      | 0.006      |             | 0.000  | 0.053f          |
| _1510_:ZN (OAI22_X1)                           |        | 0.001       | 0.000      | 0.011      |             | 0.015  | 0.068r          |
| u_reg_select.dout_$_SDFFE_PP0P__Q_E (net)      | 1      |             |            |            | 0.000       |        |                 |
| _1529_:E (CLKGATE_X1)                          |        | 0.001       | 0.000      | 0.011      |             | 0.000  | 0.068r          |
|                                                |        |             |            |            |             |        |                 |
| clk (port)                                     |        | 0.062       | 0.000      | 0.000      |             | 0.000  | 0.000r          |
| clk (clock net)                                | 51     |             |            |            | NA          |        |                 |
| _1529_:CK (CLKGATE_X1)                         |        | 0.002       | 0.000      | 0.000      |             | 0.000  | 0.000r          |
| clock core_clock (rise edge)                   |        |             |            |            |             | 0      | 0               |
| clock network delay (ideal)                    |        |             |            |            |             | 0.000  | 0.000           |
| _1529_:CK (CLKGATE_X1)                         |        |             |            |            |             |        | 0.000r          |
| library hold time                              |        |             |            |            |             | -0.002 | -0.002          |
| clock reconvergence pessimism                  |        |             |            |            |             | -0.000 | -0.002          |
|                                                |        |             |            |            |             |        |                 |
| path cell delay                                |        |             |            |            |             |        | 0.068(100.000%) |
| path net delay                                 |        |             |            |            |             |        | 0.000(0.000%)   |
|                                                |        |             |            |            |             |        |                 |
| data require time                              |        |             |            |            |             |        | -0.002          |
| data arrival time                              |        |             |            |            |             |        | 0.068           |
| slack (MET)                                    |        |             |            |            |             |        | 0.069           |
+------------------------------------------------+--------+-------------+------------+------------+-------------+--------+-----------------+
+--------------------------------------------------+--------+-------------+------------+------------+-------------+--------+-----------------+
| Point                                            | Fanout | Capacitance | Resistance | Transition | Delta Delay | Incr   | Path            |
+--------------------------------------------------+--------+-------------+------------+------------+-------------+--------+-----------------+
| clk (port)                                       |        | 0.062       | 0.000      | 0.000      |             | 0.000  | 0.000r          |
| clk (clock net)                                  | 51     |             |            |            | NA          |        |                 |
| u_reg_find_edge.dout_$_SDFF_PP0__Q_1:CK (DFF_X1) |        | 0.001       | 0.000      | 0.000      |             | 0.000  | 0.000r          |
| clock core_clock (rise edge)                     |        |             |            |            |             | 0      | 0               |
| clock network delay (ideal)                      |        |             |            |            |             | 0.000  | 0.000           |
| u_reg_find_edge.dout_$_SDFF_PP0__Q_1:CK (DFF_X1) |        | 0.001       | 0.000      | 0.000      |             | 0.000  | 0.000r          |
| u_reg_find_edge.dout_$_SDFF_PP0__Q_1:Q (DFF_X1)  |        | 0.002       | 0.000      | 0.005      |             | 0.049  | 0.049r          |
| arrow_last[3] (net)                              | 1      |             |            |            | 0.000       |        |                 |
| _1510_:B2 (OAI22_X1)                             |        | 0.002       | 0.000      | 0.005      |             | 0.000  | 0.049r          |
| _1510_:ZN (OAI22_X1)                             |        | 0.001       | 0.000      | 0.007      |             | 0.014  | 0.063f          |
| u_reg_select.dout_$_SDFFE_PP0P__Q_E (net)        | 1      |             |            |            | 0.000       |        |                 |
| _1529_:E (CLKGATE_X1)                            |        | 0.001       | 0.000      | 0.007      |             | 0.000  | 0.063f          |
|                                                  |        |             |            |            |             |        |                 |
| clk (port)                                       |        | 0.062       | 0.000      | 0.000      |             | 0.000  | 0.000r          |
| clk (clock net)                                  | 51     |             |            |            | NA          |        |                 |
| _1529_:CK (CLKGATE_X1)                           |        | 0.002       | 0.000      | 0.000      |             | 0.000  | 0.000r          |
| clock core_clock (rise edge)                     |        |             |            |            |             | 0      | 0               |
| clock network delay (ideal)                      |        |             |            |            |             | 0.000  | 0.000           |
| _1529_:CK (CLKGATE_X1)                           |        |             |            |            |             |        | 0.000r          |
| library hold time                                |        |             |            |            |             | -0.006 | -0.006          |
| clock reconvergence pessimism                    |        |             |            |            |             | -0.000 | -0.006          |
|                                                  |        |             |            |            |             |        |                 |
| path cell delay                                  |        |             |            |            |             |        | 0.063(100.000%) |
| path net delay                                   |        |             |            |            |             |        | 0.000(0.000%)   |
|                                                  |        |             |            |            |             |        |                 |
| data require time                                |        |             |            |            |             |        | -0.006          |
| data arrival time                                |        |             |            |            |             |        | 0.063           |
| slack (MET)                                      |        |             |            |            |             |        | 0.069           |
+--------------------------------------------------+--------+-------------+------------+------------+-------------+--------+-----------------+
+--------------------------------------------------------------------------+--------+-------------+------------+------------+-------------+--------+-----------------+
| Point                                                                    | Fanout | Capacitance | Resistance | Transition | Delta Delay | Incr   | Path            |
+--------------------------------------------------------------------------+--------+-------------+------------+------------+-------------+--------+-----------------+
| clk (port)                                                               |        | 0.062       | 0.000      | 0.000      |             | 0.000  | 0.000r          |
| clk (clock net)                                                          | 51     |             |            |            | NA          |        |                 |
| _1541_:CK (CLKGATE_X1)                                                   |        | 0.002       | 0.000      | 0.000      |             | 0.000  | 0.000r          |
| _1541_:GCK (CLKGATE_X1)                                                  |        | 0.004       | 0.000      | 0.000      |             | 0.000  | 0.000r          |
| _0688_ (clock net)                                                       | 4      |             |            |            | NA          |        |                 |
| genblk1[0].genblk1.i_stopwatch0.u_reg.dout_$_SDFFE_PP0P__Q_1:CK (DFF_X1) |        | 0.001       | 0.000      | 0.000      |             | 0.000  | 0.000r          |
| clock core_clock (rise edge)                                             |        |             |            |            |             | 0      | 0               |
| clock network delay (ideal)                                              |        |             |            |            |             | 0.000  | 0.000           |
| genblk1[0].genblk1.i_stopwatch0.u_reg.dout_$_SDFFE_PP0P__Q_1:CK (DFF_X1) |        | 0.001       | 0.000      | 0.000      |             | 0.000  | 0.000r          |
| genblk1[0].genblk1.i_stopwatch0.u_reg.dout_$_SDFFE_PP0P__Q_1:Q (DFF_X1)  |        | 0.008       | 0.000      | 0.012      |             | 0.057  | 0.057r          |
| genblk1[0].genblk1.i_stopwatch0.count[2] (net)                           | 5      |             |            |            | 0.000       |        |                 |
| _1505_:A2 (NOR3_X1)                                                      |        | 0.002       | 0.000      | 0.012      |             | 0.000  | 0.057r          |
| _1505_:ZN (NOR3_X1)                                                      |        | 0.001       | 0.000      | 0.003      |             | 0.007  | 0.064f          |
| genblk1[1].genblk1.i_stopwatch1.en (net)                                 | 1      |             |            |            | 0.000       |        |                 |
| _1540_:E (CLKGATE_X1)                                                    |        | 0.001       | 0.000      | 0.003      |             | 0.000  | 0.064f          |
|                                                                          |        |             |            |            |             |        |                 |
| clk (port)                                                               |        | 0.062       | 0.000      | 0.000      |             | 0.000  | 0.000r          |
| clk (clock net)                                                          | 51     |             |            |            | NA          |        |                 |
| _1540_:CK (CLKGATE_X1)                                                   |        | 0.002       | 0.000      | 0.000      |             | 0.000  | 0.000r          |
| clock core_clock (rise edge)                                             |        |             |            |            |             | 0      | 0               |
| clock network delay (ideal)                                              |        |             |            |            |             | 0.000  | 0.000           |
| _1540_:CK (CLKGATE_X1)                                                   |        |             |            |            |             |        | 0.000r          |
| library hold time                                                        |        |             |            |            |             | -0.007 | -0.007          |
| clock reconvergence pessimism                                            |        |             |            |            |             | -0.000 | -0.007          |
|                                                                          |        |             |            |            |             |        |                 |
| path cell delay                                                          |        |             |            |            |             |        | 0.064(100.000%) |
| path net delay                                                           |        |             |            |            |             |        | 0.000(0.000%)   |
|                                                                          |        |             |            |            |             |        |                 |
| data require time                                                        |        |             |            |            |             |        | -0.007          |
| data arrival time                                                        |        |             |            |            |             |        | 0.064           |
| slack (MET)                                                              |        |             |            |            |             |        | 0.071           |
+--------------------------------------------------------------------------+--------+-------------+------------+------------+-------------+--------+-----------------+
+--------------------------------------------------+--------+-------------+------------+------------+-------------+--------+-----------------+
| Point                                            | Fanout | Capacitance | Resistance | Transition | Delta Delay | Incr   | Path            |
+--------------------------------------------------+--------+-------------+------------+------------+-------------+--------+-----------------+
| clk (port)                                       |        | 0.062       | 0.000      | 0.000      |             | 0.000  | 0.000r          |
| clk (clock net)                                  | 51     |             |            |            | NA          |        |                 |
| u_reg_find_edge.dout_$_SDFF_PP0__Q_4:CK (DFF_X1) |        | 0.001       | 0.000      | 0.000      |             | 0.000  | 0.000r          |
| clock core_clock (rise edge)                     |        |             |            |            |             | 0      | 0               |
| clock network delay (ideal)                      |        |             |            |            |             | 0.000  | 0.000           |
| u_reg_find_edge.dout_$_SDFF_PP0__Q_4:CK (DFF_X1) |        | 0.001       | 0.000      | 0.000      |             | 0.000  | 0.000r          |
| u_reg_find_edge.dout_$_SDFF_PP0__Q_4:Q (DFF_X1)  |        | 0.002       | 0.000      | 0.005      |             | 0.050  | 0.050f          |
| arrow_last[0] (net)                              | 1      |             |            |            | 0.000       |        |                 |
| _1527_:A2 (NOR3_X1)                              |        | 0.002       | 0.000      | 0.005      |             | 0.000  | 0.050f          |
| _1527_:ZN (NOR3_X1)                              |        | 0.001       | 0.000      | 0.011      |             | 0.019  | 0.069r          |
| u_reg_tunemode.dout_$_SDFFE_PP0P__Q_E (net)      | 1      |             |            |            | 0.000       |        |                 |
| _1528_:E (CLKGATE_X1)                            |        | 0.001       | 0.000      | 0.011      |             | 0.000  | 0.069r          |
|                                                  |        |             |            |            |             |        |                 |
| clk (port)                                       |        | 0.062       | 0.000      | 0.000      |             | 0.000  | 0.000r          |
| clk (clock net)                                  | 51     |             |            |            | NA          |        |                 |
| _1528_:CK (CLKGATE_X1)                           |        | 0.002       | 0.000      | 0.000      |             | 0.000  | 0.000r          |
| clock core_clock (rise edge)                     |        |             |            |            |             | 0      | 0               |
| clock network delay (ideal)                      |        |             |            |            |             | 0.000  | 0.000           |
| _1528_:CK (CLKGATE_X1)                           |        |             |            |            |             |        | 0.000r          |
| library hold time                                |        |             |            |            |             | -0.002 | -0.002          |
| clock reconvergence pessimism                    |        |             |            |            |             | -0.000 | -0.002          |
|                                                  |        |             |            |            |             |        |                 |
| path cell delay                                  |        |             |            |            |             |        | 0.069(100.000%) |
| path net delay                                   |        |             |            |            |             |        | 0.000(0.000%)   |
|                                                  |        |             |            |            |             |        |                 |
| data require time                                |        |             |            |            |             |        | -0.002          |
| data arrival time                                |        |             |            |            |             |        | 0.069           |
| slack (MET)                                      |        |             |            |            |             |        | 0.071           |
+--------------------------------------------------+--------+-------------+------------+------------+-------------+--------+-----------------+
