Generate the report at 2025-08-15T20:16:28, GitVersion: aa25008b3778a76ae1975c839d4cc459f7f7b3b7.
+--------------------------------------------+--------------------------+------------+------------+---------------+-------+-------+-----------+
| Endpoint                                   | Clock Group              | Delay Type | Path Delay | Path Required | CPPR  | Slack | Freq(MHz) |
+--------------------------------------------+--------------------------+------------+------------+---------------+-------+-------+-----------+
| seg3__$_DFF_P__Q_3:D                       | core_clock               | max        | 0.510r     | 1.976         | 0.000 | 1.466 | 1871.285  |
| seg6_$_DFF_P__Q_6:D                        | core_clock               | max        | 0.504r     | 1.975         | 0.000 | 1.471 | 1892.004  |
| seg3__$_DFF_P__Q_6:D                       | core_clock               | max        | 0.502r     | 1.975         | 0.000 | 1.473 | 1895.990  |
| seg6_$_DFF_P__Q_3:D                        | core_clock               | max        | 0.503r     | 1.977         | 0.000 | 1.474 | 1899.804  |
| seg7_$_DFF_P__Q_1:D                        | core_clock               | max        | 0.500r     | 1.977         | 0.000 | 1.477 | 1910.409  |
| _2615_:E                                   | **clock_gating_default** | max        | 0.407r     | 1.966         | 0.000 | 1.559 | NA        |
| _2618_:E                                   | **clock_gating_default** | max        | 0.407r     | 1.966         | 0.000 | 1.559 | NA        |
| _2549_:E                                   | **clock_gating_default** | max        | 0.405r     | 1.966         | 0.000 | 1.561 | NA        |
| _2548_:E                                   | **clock_gating_default** | max        | 0.405r     | 1.966         | 0.000 | 1.561 | NA        |
| _2609_:E                                   | **clock_gating_default** | max        | 0.405r     | 1.966         | 0.000 | 1.561 | NA        |
| u_ps2_keyboard.ps2_clk_sync_$_DFF_P__Q_1:D | core_clock               | min        | 0.049r     | 0.003         | 0.000 | 0.046 | NA        |
| u_ps2_keyboard.ps2_clk_sync_$_DFF_P__Q_1:D | core_clock               | min        | 0.050f     | 0.003         | 0.000 | 0.048 | NA        |
| u_ps2_keyboard.ps2_clk_sync_$_DFF_P__Q:D   | core_clock               | min        | 0.053r     | 0.003         | 0.000 | 0.049 | NA        |
| u_reg_pressed.dout_$_SDFFE_PP0N__Q_7:D     | core_clock               | min        | 0.053f     | 0.003         | 0.000 | 0.051 | NA        |
| u_ps2_keyboard.r_ptr_$_SDFFE_PP0P__Q_2:D   | core_clock               | min        | 0.053f     | 0.003         | 0.000 | 0.051 | NA        |
| _2490_:E                                   | **clock_gating_default** | min        | 0.060f     | -0.007        | 0.000 | 0.067 | NA        |
| _2491_:E                                   | **clock_gating_default** | min        | 0.061f     | -0.007        | 0.000 | 0.067 | NA        |
| _2490_:E                                   | **clock_gating_default** | min        | 0.068r     | -0.002        | 0.000 | 0.070 | NA        |
| _2487_:E                                   | **clock_gating_default** | min        | 0.064f     | -0.007        | 0.000 | 0.071 | NA        |
| _2488_:E                                   | **clock_gating_default** | min        | 0.068f     | -0.007        | 0.000 | 0.075 | NA        |
+--------------------------------------------+--------------------------+------------+------------+---------------+-------+-------+-----------+
+------------+------------+-------+
| Clock      | Delay Type | TNS   |
+------------+------------+-------+
| core_clock | max        | 0.000 |
| core_clock | min        | 0.000 |
+------------+------------+-------+
+-----------------------------------------------------------------------------------------+--------+-------------+------------+------------+-------------+--------+-----------------+
| Point                                                                                   | Fanout | Capacitance | Resistance | Transition | Delta Delay | Incr   | Path            |
+-----------------------------------------------------------------------------------------+--------+-------------+------------+------------+-------------+--------+-----------------+
| clk (port)                                                                              |        | 0.312       | 0.000      | 0.000      |             | 0.000  | 0.000r          |
| clk (clock net)                                                                         | 193    |             |            |            | NA          |        |                 |
| u_initial_nextdata.dout_$_NOR__B_Y_$_ANDNOT__B_1_Y_$_XOR__A_Y_$_SDFF_PP0__D:CK (DFF_X1) |        | 0.001       | 0.000      | 0.000      |             | 0.000  | 0.000r          |
| clock core_clock (rise edge)                                                            |        |             |            |            |             | 0      | 0               |
| clock network delay (ideal)                                                             |        |             |            |            |             | 0.000  | 0.000           |
| u_initial_nextdata.dout_$_NOR__B_Y_$_ANDNOT__B_1_Y_$_XOR__A_Y_$_SDFF_PP0__D:CK (DFF_X1) |        | 0.001       | 0.000      | 0.000      |             | 0.000  | 0.000r          |
| u_initial_nextdata.dout_$_NOR__B_Y_$_ANDNOT__B_1_Y_$_XOR__A_Y_$_SDFF_PP0__D:Q (DFF_X1)  |        | 0.008       | 0.000      | 0.010      |             | 0.058  | 0.058f          |
| u_initial_nextdata.dout_$_NOR__B_Y_$_ANDNOT__B_1_Y_$_XOR__A_Y_$_SDFF_PP0__D_Q[0] (net)  | 2      |             |            |            | 0.000       |        |                 |
| fanout_buf_6:A (BUF_X8)                                                                 |        | 0.007       | 0.000      | 0.010      |             | 0.000  | 0.058f          |
| fanout_buf_6:Z (BUF_X8)                                                                 |        | 0.092       | 0.000      | 0.012      |             | 0.028  | 0.086f          |
| fanout_net_6 (net)                                                                      | 30     |             |            |            | 0.000       |        |                 |
| _1955_:A (INV_X32)                                                                      |        | 0.049       | 0.000      | 0.012      |             | 0.000  | 0.086f          |
| _1955_:ZN (INV_X32)                                                                     |        | 0.017       | 0.000      | 0.004      |             | 0.007  | 0.093r          |
| _0595_ (net)                                                                            | 9      |             |            |            | 0.000       |        |                 |
| _1977_:A1 (OR2_X4)                                                                      |        | 0.003       | 0.000      | 0.004      |             | 0.000  | 0.093r          |
| _1977_:ZN (OR2_X4)                                                                      |        | 0.003       | 0.000      | 0.004      |             | 0.012  | 0.106r          |
| _0617_ (net)                                                                            | 1      |             |            |            | 0.000       |        |                 |
| _1978_:A (OAI211_X2)                                                                    |        | 0.003       | 0.000      | 0.004      |             | 0.000  | 0.106r          |
| _1978_:ZN (OAI211_X2)                                                                   |        | 0.003       | 0.000      | 0.011      |             | 0.019  | 0.124f          |
| _0618_ (net)                                                                            | 1      |             |            |            | 0.000       |        |                 |
| _1981_:A (OAI211_X2)                                                                    |        | 0.003       | 0.000      | 0.011      |             | 0.000  | 0.124f          |
| _1981_:ZN (OAI211_X2)                                                                   |        | 0.007       | 0.000      | 0.017      |             | 0.017  | 0.141r          |
| _0621_ (net)                                                                            | 2      |             |            |            | 0.000       |        |                 |
| _1982_:A2 (NAND2_X4)                                                                    |        | 0.006       | 0.000      | 0.017      |             | 0.000  | 0.141r          |
| _1982_:ZN (NAND2_X4)                                                                    |        | 0.026       | 0.000      | 0.013      |             | 0.019  | 0.161f          |
| _0622_ (net)                                                                            | 9      |             |            |            | 0.000       |        |                 |
| _2097_:A (BUF_X4)                                                                       |        | 0.003       | 0.000      | 0.013      |             | 0.000  | 0.161f          |
| _2097_:Z (BUF_X4)                                                                       |        | 0.020       | 0.000      | 0.006      |             | 0.021  | 0.182f          |
| _0737_ (net)                                                                            | 10     |             |            |            | 0.000       |        |                 |
| _2121_:A (BUF_X4)                                                                       |        | 0.003       | 0.000      | 0.006      |             | 0.000  | 0.182f          |
| _2121_:Z (BUF_X4)                                                                       |        | 0.017       | 0.000      | 0.006      |             | 0.018  | 0.200f          |
| _0761_ (net)                                                                            | 10     |             |            |            | 0.000       |        |                 |
| _2122_:A (BUF_X2)                                                                       |        | 0.002       | 0.000      | 0.006      |             | 0.000  | 0.200f          |
| _2122_:Z (BUF_X2)                                                                       |        | 0.015       | 0.000      | 0.009      |             | 0.022  | 0.222f          |
| _0762_ (net)                                                                            | 10     |             |            |            | 0.000       |        |                 |
| _2189_:A (BUF_X2)                                                                       |        | 0.002       | 0.000      | 0.009      |             | 0.000  | 0.222f          |
| _2189_:Z (BUF_X2)                                                                       |        | 0.015       | 0.000      | 0.008      |             | 0.023  | 0.245f          |
| _0829_ (net)                                                                            | 10     |             |            |            | 0.000       |        |                 |
| _2228_:A2 (NOR2_X1)                                                                     |        | 0.002       | 0.000      | 0.008      |             | 0.000  | 0.245f          |
| _2228_:ZN (NOR2_X1)                                                                     |        | 0.004       | 0.000      | 0.016      |             | 0.024  | 0.269r          |
| _0866_ (net)                                                                            | 4      |             |            |            | 0.000       |        |                 |
| _2229_:A1 (AND2_X1)                                                                     |        | 0.001       | 0.000      | 0.016      |             | 0.000  | 0.269r          |
| _2229_:ZN (AND2_X1)                                                                     |        | 0.006       | 0.000      | 0.012      |             | 0.030  | 0.299r          |
| _0867_ (net)                                                                            | 5      |             |            |            | 0.000       |        |                 |
| _2230_:A (INV_X1)                                                                       |        | 0.002       | 0.000      | 0.012      |             | 0.000  | 0.299r          |
| _2230_:ZN (INV_X1)                                                                      |        | 0.007       | 0.000      | 0.009      |             | 0.013  | 0.313f          |
| _0868_ (net)                                                                            | 5      |             |            |            | 0.000       |        |                 |
| _2393_:B2 (AOI21_X1)                                                                    |        | 0.002       | 0.000      | 0.009      |             | 0.000  | 0.313f          |
| _2393_:ZN (AOI21_X1)                                                                    |        | 0.001       | 0.000      | 0.010      |             | 0.015  | 0.328r          |
| _0188_ (net)                                                                            | 1      |             |            |            | 0.000       |        |                 |
| _2394_:A1 (OR2_X1)                                                                      |        | 0.001       | 0.000      | 0.010      |             | 0.000  | 0.328r          |
| _2394_:ZN (OR2_X1)                                                                      |        | 0.002       | 0.000      | 0.005      |             | 0.016  | 0.344r          |
| _0189_ (net)                                                                            | 1      |             |            |            | 0.000       |        |                 |
| _2397_:A (OAI211_X1)                                                                    |        | 0.002       | 0.000      | 0.005      |             | 0.000  | 0.344r          |
| _2397_:ZN (OAI211_X1)                                                                   |        | 0.001       | 0.000      | 0.010      |             | 0.016  | 0.360f          |
| _0192_ (net)                                                                            | 1      |             |            |            | 0.000       |        |                 |
| _2399_:A1 (AND3_X1)                                                                     |        | 0.001       | 0.000      | 0.010      |             | 0.000  | 0.360f          |
| _2399_:ZN (AND3_X1)                                                                     |        | 0.003       | 0.000      | 0.005      |             | 0.021  | 0.381f          |
| _0194_ (net)                                                                            | 2      |             |            |            | 0.000       |        |                 |
| _1784_:A1 (NOR3_X1)                                                                     |        | 0.002       | 0.000      | 0.005      |             | 0.000  | 0.381f          |
| _1784_:ZN (NOR3_X1)                                                                     |        | 0.002       | 0.000      | 0.015      |             | 0.018  | 0.399r          |
| _0450_ (net)                                                                            | 1      |             |            |            | 0.000       |        |                 |
| _1785_:A1 (NOR2_X1)                                                                     |        | 0.002       | 0.000      | 0.015      |             | 0.000  | 0.399r          |
| _1785_:ZN (NOR2_X1)                                                                     |        | 0.001       | 0.000      | 0.006      |             | 0.007  | 0.406f          |
| _0451_ (net)                                                                            | 1      |             |            |            | 0.000       |        |                 |
| _1788_:A1 (NOR2_X1)                                                                     |        | 0.002       | 0.000      | 0.006      |             | 0.000  | 0.406f          |
| _1788_:ZN (NOR2_X1)                                                                     |        | 0.004       | 0.000      | 0.014      |             | 0.018  | 0.424r          |
| _0454_ (net)                                                                            | 2      |             |            |            | 0.000       |        |                 |
| _1789_:A (BUF_X2)                                                                       |        | 0.002       | 0.000      | 0.014      |             | 0.000  | 0.424r          |
| _1789_:Z (BUF_X2)                                                                       |        | 0.015       | 0.000      | 0.012      |             | 0.024  | 0.448r          |
| _0455_ (net)                                                                            | 10     |             |            |            | 0.000       |        |                 |
| _1805_:A (INV_X1)                                                                       |        | 0.002       | 0.000      | 0.012      |             | 0.000  | 0.448r          |
| _1805_:ZN (INV_X1)                                                                      |        | 0.004       | 0.000      | 0.007      |             | 0.010  | 0.458f          |
| _0471_ (net)                                                                            | 3      |             |            |            | 0.000       |        |                 |
| _1823_:A3 (NOR3_X1)                                                                     |        | 0.002       | 0.000      | 0.007      |             | 0.000  | 0.458f          |
| _1823_:ZN (NOR3_X1)                                                                     |        | 0.002       | 0.000      | 0.015      |             | 0.026  | 0.484r          |
| _0486_ (net)                                                                            | 1      |             |            |            | 0.000       |        |                 |
| _1824_:B2 (OAI21_X1)                                                                    |        | 0.002       | 0.000      | 0.015      |             | 0.000  | 0.484r          |
| _1824_:ZN (OAI21_X1)                                                                    |        | 0.002       | 0.000      | 0.009      |             | 0.014  | 0.498f          |
| _0487_ (net)                                                                            | 1      |             |            |            | 0.000       |        |                 |
| _1827_:A (OAI21_X1)                                                                     |        | 0.002       | 0.000      | 0.009      |             | 0.000  | 0.498f          |
| _1827_:ZN (OAI21_X1)                                                                    |        | 0.001       | 0.000      | 0.011      |             | 0.013  | 0.510r          |
| u_reg_ascii.din_$_NOT__Y_4_A_$_MUX__B_Y_$_ANDNOT__B_Y_$_MUX__B_Y_$_MUX__A_Y[3] (net)    | 1      |             |            |            | 0.000       |        |                 |
| seg3__$_DFF_P__Q_3:D (DFF_X1)                                                           |        | 0.001       | 0.000      | 0.011      |             | 0.000  | 0.510r          |
|                                                                                         |        |             |            |            |             |        |                 |
| clk (port)                                                                              |        | 0.312       | 0.000      | 0.000      |             | 0.000  | 0.000r          |
| clk (clock net)                                                                         | 193    |             |            |            | NA          |        |                 |
| seg3__$_DFF_P__Q_3:CK (DFF_X1)                                                          |        | 0.001       | 0.000      | 0.000      |             | 0.000  | 0.000r          |
| clock core_clock (rise edge)                                                            |        |             |            |            |             | 2      | 2               |
| clock network delay (ideal)                                                             |        |             |            |            |             | 0.000  | 2.000           |
| seg3__$_DFF_P__Q_3:CK (DFF_X1)                                                          |        |             |            |            |             |        | 2.000r          |
| library setup time                                                                      |        |             |            |            |             | -0.024 | 1.976           |
| clock reconvergence pessimism                                                           |        |             |            |            |             | 0.000  | 1.976           |
|                                                                                         |        |             |            |            |             |        |                 |
| path cell delay                                                                         |        |             |            |            |             |        | 0.510(100.000%) |
| path net delay                                                                          |        |             |            |            |             |        | 0.000(0.000%)   |
|                                                                                         |        |             |            |            |             |        |                 |
| data require time                                                                       |        |             |            |            |             |        | 1.976           |
| data arrival time                                                                       |        |             |            |            |             |        | 0.510           |
| slack (MET)                                                                             |        |             |            |            |             |        | 1.466           |
+-----------------------------------------------------------------------------------------+--------+-------------+------------+------------+-------------+--------+-----------------+
+-----------------------------------------------------------------------------------------+--------+-------------+------------+------------+-------------+--------+-----------------+
| Point                                                                                   | Fanout | Capacitance | Resistance | Transition | Delta Delay | Incr   | Path            |
+-----------------------------------------------------------------------------------------+--------+-------------+------------+------------+-------------+--------+-----------------+
| clk (port)                                                                              |        | 0.312       | 0.000      | 0.000      |             | 0.000  | 0.000r          |
| clk (clock net)                                                                         | 193    |             |            |            | NA          |        |                 |
| u_initial_nextdata.dout_$_NOR__B_Y_$_ANDNOT__B_1_Y_$_XOR__A_Y_$_SDFF_PP0__D:CK (DFF_X1) |        | 0.001       | 0.000      | 0.000      |             | 0.000  | 0.000r          |
| clock core_clock (rise edge)                                                            |        |             |            |            |             | 0      | 0               |
| clock network delay (ideal)                                                             |        |             |            |            |             | 0.000  | 0.000           |
| u_initial_nextdata.dout_$_NOR__B_Y_$_ANDNOT__B_1_Y_$_XOR__A_Y_$_SDFF_PP0__D:CK (DFF_X1) |        | 0.001       | 0.000      | 0.000      |             | 0.000  | 0.000r          |
| u_initial_nextdata.dout_$_NOR__B_Y_$_ANDNOT__B_1_Y_$_XOR__A_Y_$_SDFF_PP0__D:Q (DFF_X1)  |        | 0.008       | 0.000      | 0.013      |             | 0.058  | 0.058r          |
| u_initial_nextdata.dout_$_NOR__B_Y_$_ANDNOT__B_1_Y_$_XOR__A_Y_$_SDFF_PP0__D_Q[0] (net)  | 2      |             |            |            | 0.000       |        |                 |
| fanout_buf_6:A (BUF_X8)                                                                 |        | 0.007       | 0.000      | 0.013      |             | 0.000  | 0.058r          |
| fanout_buf_6:Z (BUF_X8)                                                                 |        | 0.100       | 0.000      | 0.018      |             | 0.031  | 0.089r          |
| fanout_net_6 (net)                                                                      | 30     |             |            |            | 0.000       |        |                 |
| _1955_:A (INV_X32)                                                                      |        | 0.049       | 0.000      | 0.018      |             | 0.000  | 0.089r          |
| _1955_:ZN (INV_X32)                                                                     |        | 0.014       | 0.000      | 0.005      |             | 0.004  | 0.092f          |
| _0595_ (net)                                                                            | 9      |             |            |            | 0.000       |        |                 |
| _1977_:A1 (OR2_X4)                                                                      |        | 0.003       | 0.000      | 0.005      |             | 0.000  | 0.092f          |
| _1977_:ZN (OR2_X4)                                                                      |        | 0.003       | 0.000      | 0.005      |             | 0.021  | 0.113f          |
| _0617_ (net)                                                                            | 1      |             |            |            | 0.000       |        |                 |
| _1978_:A (OAI211_X2)                                                                    |        | 0.003       | 0.000      | 0.005      |             | 0.000  | 0.113f          |
| _1978_:ZN (OAI211_X2)                                                                   |        | 0.003       | 0.000      | 0.012      |             | 0.012  | 0.125r          |
| _0618_ (net)                                                                            | 1      |             |            |            | 0.000       |        |                 |
| _1981_:A (OAI211_X2)                                                                    |        | 0.003       | 0.000      | 0.012      |             | 0.000  | 0.125r          |
| _1981_:ZN (OAI211_X2)                                                                   |        | 0.007       | 0.000      | 0.015      |             | 0.024  | 0.148f          |
| _0621_ (net)                                                                            | 2      |             |            |            | 0.000       |        |                 |
| _1982_:A2 (NAND2_X4)                                                                    |        | 0.006       | 0.000      | 0.015      |             | 0.000  | 0.148f          |
| _1982_:ZN (NAND2_X4)                                                                    |        | 0.028       | 0.000      | 0.013      |             | 0.021  | 0.169r          |
| _0622_ (net)                                                                            | 9      |             |            |            | 0.000       |        |                 |
| _1983_:A (BUF_X8)                                                                       |        | 0.007       | 0.000      | 0.013      |             | 0.000  | 0.169r          |
| _1983_:Z (BUF_X8)                                                                       |        | 0.021       | 0.000      | 0.006      |             | 0.017  | 0.186r          |
| _0623_ (net)                                                                            | 10     |             |            |            | 0.000       |        |                 |
| _1984_:A (INV_X2)                                                                       |        | 0.003       | 0.000      | 0.006      |             | 0.000  | 0.186r          |
| _1984_:ZN (INV_X2)                                                                      |        | 0.006       | 0.000      | 0.004      |             | 0.007  | 0.193f          |
| _0624_ (net)                                                                            | 4      |             |            |            | 0.000       |        |                 |
| _1985_:A (BUF_X4)                                                                       |        | 0.003       | 0.000      | 0.004      |             | 0.000  | 0.193f          |
| _1985_:Z (BUF_X4)                                                                       |        | 0.014       | 0.000      | 0.005      |             | 0.016  | 0.209f          |
| _0625_ (net)                                                                            | 10     |             |            |            | 0.000       |        |                 |
| _2167_:A1 (OR2_X1)                                                                      |        | 0.001       | 0.000      | 0.005      |             | 0.000  | 0.209f          |
| _2167_:ZN (OR2_X1)                                                                      |        | 0.002       | 0.000      | 0.006      |             | 0.024  | 0.233f          |
| _0807_ (net)                                                                            | 1      |             |            |            | 0.000       |        |                 |
| _2168_:A (OAI211_X1)                                                                    |        | 0.002       | 0.000      | 0.006      |             | 0.000  | 0.233f          |
| _2168_:ZN (OAI211_X1)                                                                   |        | 0.002       | 0.000      | 0.011      |             | 0.012  | 0.245r          |
| _0808_ (net)                                                                            | 1      |             |            |            | 0.000       |        |                 |
| _2171_:A1 (NAND3_X1)                                                                    |        | 0.002       | 0.000      | 0.011      |             | 0.000  | 0.245r          |
| _2171_:ZN (NAND3_X1)                                                                    |        | 0.002       | 0.000      | 0.009      |             | 0.014  | 0.259f          |
| _0811_ (net)                                                                            | 1      |             |            |            | 0.000       |        |                 |
| _2175_:A (OAI211_X1)                                                                    |        | 0.002       | 0.000      | 0.009      |             | 0.000  | 0.259f          |
| _2175_:ZN (OAI211_X1)                                                                   |        | 0.002       | 0.000      | 0.013      |             | 0.013  | 0.272r          |
| _0815_ (net)                                                                            | 1      |             |            |            | 0.000       |        |                 |
| _2185_:B1 (AOI21_X1)                                                                    |        | 0.002       | 0.000      | 0.013      |             | 0.000  | 0.272r          |
| _2185_:ZN (AOI21_X1)                                                                    |        | 0.001       | 0.000      | 0.006      |             | 0.009  | 0.282f          |
| _0825_ (net)                                                                            | 1      |             |            |            | 0.000       |        |                 |
| _2186_:A3 (OR3_X1)                                                                      |        | 0.001       | 0.000      | 0.006      |             | 0.000  | 0.282f          |
| _2186_:ZN (OR3_X1)                                                                      |        | 0.003       | 0.000      | 0.009      |             | 0.043  | 0.325f          |
| _0826_ (net)                                                                            | 1      |             |            |            | 0.000       |        |                 |
| _2209_:B1 (OAI21_X2)                                                                    |        | 0.003       | 0.000      | 0.009      |             | 0.000  | 0.325f          |
| _2209_:ZN (OAI21_X2)                                                                    |        | 0.013       | 0.000      | 0.021      |             | 0.028  | 0.352r          |
| _0849_ (net)                                                                            | 8      |             |            |            | 0.000       |        |                 |
| _1845_:A2 (AND3_X1)                                                                     |        | 0.001       | 0.000      | 0.021      |             | 0.000  | 0.352r          |
| _1845_:ZN (AND3_X1)                                                                     |        | 0.002       | 0.000      | 0.007      |             | 0.031  | 0.383r          |
| _0499_ (net)                                                                            | 1      |             |            |            | 0.000       |        |                 |
| _1847_:A1 (NOR2_X1)                                                                     |        | 0.002       | 0.000      | 0.007      |             | 0.000  | 0.383r          |
| _1847_:ZN (NOR2_X1)                                                                     |        | 0.005       | 0.000      | 0.008      |             | 0.009  | 0.393f          |
| _0501_ (net)                                                                            | 2      |             |            |            | 0.000       |        |                 |
| _1848_:A1 (NOR2_X1)                                                                     |        | 0.002       | 0.000      | 0.008      |             | 0.000  | 0.393f          |
| _1848_:ZN (NOR2_X1)                                                                     |        | 0.007       | 0.000      | 0.023      |             | 0.029  | 0.422r          |
| _0502_ (net)                                                                            | 5      |             |            |            | 0.000       |        |                 |
| _1869_:A2 (AND2_X1)                                                                     |        | 0.001       | 0.000      | 0.023      |             | 0.000  | 0.422r          |
| _1869_:ZN (AND2_X1)                                                                     |        | 0.005       | 0.000      | 0.009      |             | 0.028  | 0.450r          |
| _0522_ (net)                                                                            | 3      |             |            |            | 0.000       |        |                 |
| _1876_:A (INV_X1)                                                                       |        | 0.002       | 0.000      | 0.009      |             | 0.000  | 0.450r          |
| _1876_:ZN (INV_X1)                                                                      |        | 0.002       | 0.000      | 0.005      |             | 0.007  | 0.457f          |
| _0527_ (net)                                                                            | 2      |             |            |            | 0.000       |        |                 |
| _1886_:B (MUX2_X1)                                                                      |        | 0.001       | 0.000      | 0.005      |             | 0.000  | 0.457f          |
| _1886_:Z (MUX2_X1)                                                                      |        | 0.001       | 0.000      | 0.007      |             | 0.031  | 0.488f          |
| _0534_ (net)                                                                            | 1      |             |            |            | 0.000       |        |                 |
| _1887_:A1 (OAI22_X1)                                                                    |        | 0.002       | 0.000      | 0.007      |             | 0.000  | 0.488f          |
| _1887_:ZN (OAI22_X1)                                                                    |        | 0.001       | 0.000      | 0.017      |             | 0.015  | 0.504r          |
| u_reg_pressed.din_$_NOT__Y_3_A_$_MUX__A_Y_$_ANDNOT__B_Y_$_MUX__B_Y_$_MUX__A_Y[0] (net)  | 1      |             |            |            | 0.000       |        |                 |
| seg6_$_DFF_P__Q_6:D (DFF_X1)                                                            |        | 0.001       | 0.000      | 0.017      |             | 0.000  | 0.504r          |
|                                                                                         |        |             |            |            |             |        |                 |
| clk (port)                                                                              |        | 0.312       | 0.000      | 0.000      |             | 0.000  | 0.000r          |
| clk (clock net)                                                                         | 193    |             |            |            | NA          |        |                 |
| seg6_$_DFF_P__Q_6:CK (DFF_X1)                                                           |        | 0.001       | 0.000      | 0.000      |             | 0.000  | 0.000r          |
| clock core_clock (rise edge)                                                            |        |             |            |            |             | 2      | 2               |
| clock network delay (ideal)                                                             |        |             |            |            |             | 0.000  | 2.000           |
| seg6_$_DFF_P__Q_6:CK (DFF_X1)                                                           |        |             |            |            |             |        | 2.000r          |
| library setup time                                                                      |        |             |            |            |             | -0.025 | 1.975           |
| clock reconvergence pessimism                                                           |        |             |            |            |             | 0.000  | 1.975           |
|                                                                                         |        |             |            |            |             |        |                 |
| path cell delay                                                                         |        |             |            |            |             |        | 0.504(100.000%) |
| path net delay                                                                          |        |             |            |            |             |        | 0.000(0.000%)   |
|                                                                                         |        |             |            |            |             |        |                 |
| data require time                                                                       |        |             |            |            |             |        | 1.975           |
| data arrival time                                                                       |        |             |            |            |             |        | 0.504           |
| slack (MET)                                                                             |        |             |            |            |             |        | 1.471           |
+-----------------------------------------------------------------------------------------+--------+-------------+------------+------------+-------------+--------+-----------------+
+-----------------------------------------------------------------------------------------+--------+-------------+------------+------------+-------------+--------+-----------------+
| Point                                                                                   | Fanout | Capacitance | Resistance | Transition | Delta Delay | Incr   | Path            |
+-----------------------------------------------------------------------------------------+--------+-------------+------------+------------+-------------+--------+-----------------+
| clk (port)                                                                              |        | 0.312       | 0.000      | 0.000      |             | 0.000  | 0.000r          |
| clk (clock net)                                                                         | 193    |             |            |            | NA          |        |                 |
| u_initial_nextdata.dout_$_NOR__B_Y_$_ANDNOT__B_1_Y_$_XOR__A_Y_$_SDFF_PP0__D:CK (DFF_X1) |        | 0.001       | 0.000      | 0.000      |             | 0.000  | 0.000r          |
| clock core_clock (rise edge)                                                            |        |             |            |            |             | 0      | 0               |
| clock network delay (ideal)                                                             |        |             |            |            |             | 0.000  | 0.000           |
| u_initial_nextdata.dout_$_NOR__B_Y_$_ANDNOT__B_1_Y_$_XOR__A_Y_$_SDFF_PP0__D:CK (DFF_X1) |        | 0.001       | 0.000      | 0.000      |             | 0.000  | 0.000r          |
| u_initial_nextdata.dout_$_NOR__B_Y_$_ANDNOT__B_1_Y_$_XOR__A_Y_$_SDFF_PP0__D:Q (DFF_X1)  |        | 0.008       | 0.000      | 0.010      |             | 0.058  | 0.058f          |
| u_initial_nextdata.dout_$_NOR__B_Y_$_ANDNOT__B_1_Y_$_XOR__A_Y_$_SDFF_PP0__D_Q[0] (net)  | 2      |             |            |            | 0.000       |        |                 |
| fanout_buf_6:A (BUF_X8)                                                                 |        | 0.007       | 0.000      | 0.010      |             | 0.000  | 0.058f          |
| fanout_buf_6:Z (BUF_X8)                                                                 |        | 0.092       | 0.000      | 0.012      |             | 0.028  | 0.086f          |
| fanout_net_6 (net)                                                                      | 30     |             |            |            | 0.000       |        |                 |
| _1955_:A (INV_X32)                                                                      |        | 0.049       | 0.000      | 0.012      |             | 0.000  | 0.086f          |
| _1955_:ZN (INV_X32)                                                                     |        | 0.017       | 0.000      | 0.004      |             | 0.007  | 0.093r          |
| _0595_ (net)                                                                            | 9      |             |            |            | 0.000       |        |                 |
| _1977_:A1 (OR2_X4)                                                                      |        | 0.003       | 0.000      | 0.004      |             | 0.000  | 0.093r          |
| _1977_:ZN (OR2_X4)                                                                      |        | 0.003       | 0.000      | 0.004      |             | 0.012  | 0.106r          |
| _0617_ (net)                                                                            | 1      |             |            |            | 0.000       |        |                 |
| _1978_:A (OAI211_X2)                                                                    |        | 0.003       | 0.000      | 0.004      |             | 0.000  | 0.106r          |
| _1978_:ZN (OAI211_X2)                                                                   |        | 0.003       | 0.000      | 0.011      |             | 0.019  | 0.124f          |
| _0618_ (net)                                                                            | 1      |             |            |            | 0.000       |        |                 |
| _1981_:A (OAI211_X2)                                                                    |        | 0.003       | 0.000      | 0.011      |             | 0.000  | 0.124f          |
| _1981_:ZN (OAI211_X2)                                                                   |        | 0.007       | 0.000      | 0.017      |             | 0.017  | 0.141r          |
| _0621_ (net)                                                                            | 2      |             |            |            | 0.000       |        |                 |
| _1982_:A2 (NAND2_X4)                                                                    |        | 0.006       | 0.000      | 0.017      |             | 0.000  | 0.141r          |
| _1982_:ZN (NAND2_X4)                                                                    |        | 0.026       | 0.000      | 0.013      |             | 0.019  | 0.161f          |
| _0622_ (net)                                                                            | 9      |             |            |            | 0.000       |        |                 |
| _2097_:A (BUF_X4)                                                                       |        | 0.003       | 0.000      | 0.013      |             | 0.000  | 0.161f          |
| _2097_:Z (BUF_X4)                                                                       |        | 0.020       | 0.000      | 0.006      |             | 0.021  | 0.182f          |
| _0737_ (net)                                                                            | 10     |             |            |            | 0.000       |        |                 |
| _2121_:A (BUF_X4)                                                                       |        | 0.003       | 0.000      | 0.006      |             | 0.000  | 0.182f          |
| _2121_:Z (BUF_X4)                                                                       |        | 0.017       | 0.000      | 0.006      |             | 0.018  | 0.200f          |
| _0761_ (net)                                                                            | 10     |             |            |            | 0.000       |        |                 |
| _2122_:A (BUF_X2)                                                                       |        | 0.002       | 0.000      | 0.006      |             | 0.000  | 0.200f          |
| _2122_:Z (BUF_X2)                                                                       |        | 0.015       | 0.000      | 0.009      |             | 0.022  | 0.222f          |
| _0762_ (net)                                                                            | 10     |             |            |            | 0.000       |        |                 |
| _2189_:A (BUF_X2)                                                                       |        | 0.002       | 0.000      | 0.009      |             | 0.000  | 0.222f          |
| _2189_:Z (BUF_X2)                                                                       |        | 0.015       | 0.000      | 0.008      |             | 0.023  | 0.245f          |
| _0829_ (net)                                                                            | 10     |             |            |            | 0.000       |        |                 |
| _2228_:A2 (NOR2_X1)                                                                     |        | 0.002       | 0.000      | 0.008      |             | 0.000  | 0.245f          |
| _2228_:ZN (NOR2_X1)                                                                     |        | 0.004       | 0.000      | 0.016      |             | 0.024  | 0.269r          |
| _0866_ (net)                                                                            | 4      |             |            |            | 0.000       |        |                 |
| _2229_:A1 (AND2_X1)                                                                     |        | 0.001       | 0.000      | 0.016      |             | 0.000  | 0.269r          |
| _2229_:ZN (AND2_X1)                                                                     |        | 0.006       | 0.000      | 0.012      |             | 0.030  | 0.299r          |
| _0867_ (net)                                                                            | 5      |             |            |            | 0.000       |        |                 |
| _2230_:A (INV_X1)                                                                       |        | 0.002       | 0.000      | 0.012      |             | 0.000  | 0.299r          |
| _2230_:ZN (INV_X1)                                                                      |        | 0.007       | 0.000      | 0.009      |             | 0.013  | 0.313f          |
| _0868_ (net)                                                                            | 5      |             |            |            | 0.000       |        |                 |
| _2393_:B2 (AOI21_X1)                                                                    |        | 0.002       | 0.000      | 0.009      |             | 0.000  | 0.313f          |
| _2393_:ZN (AOI21_X1)                                                                    |        | 0.001       | 0.000      | 0.010      |             | 0.015  | 0.328r          |
| _0188_ (net)                                                                            | 1      |             |            |            | 0.000       |        |                 |
| _2394_:A1 (OR2_X1)                                                                      |        | 0.001       | 0.000      | 0.010      |             | 0.000  | 0.328r          |
| _2394_:ZN (OR2_X1)                                                                      |        | 0.002       | 0.000      | 0.005      |             | 0.016  | 0.344r          |
| _0189_ (net)                                                                            | 1      |             |            |            | 0.000       |        |                 |
| _2397_:A (OAI211_X1)                                                                    |        | 0.002       | 0.000      | 0.005      |             | 0.000  | 0.344r          |
| _2397_:ZN (OAI211_X1)                                                                   |        | 0.001       | 0.000      | 0.010      |             | 0.016  | 0.360f          |
| _0192_ (net)                                                                            | 1      |             |            |            | 0.000       |        |                 |
| _2399_:A1 (AND3_X1)                                                                     |        | 0.001       | 0.000      | 0.010      |             | 0.000  | 0.360f          |
| _2399_:ZN (AND3_X1)                                                                     |        | 0.003       | 0.000      | 0.005      |             | 0.021  | 0.381f          |
| _0194_ (net)                                                                            | 2      |             |            |            | 0.000       |        |                 |
| _1784_:A1 (NOR3_X1)                                                                     |        | 0.002       | 0.000      | 0.005      |             | 0.000  | 0.381f          |
| _1784_:ZN (NOR3_X1)                                                                     |        | 0.002       | 0.000      | 0.015      |             | 0.018  | 0.399r          |
| _0450_ (net)                                                                            | 1      |             |            |            | 0.000       |        |                 |
| _1785_:A1 (NOR2_X1)                                                                     |        | 0.002       | 0.000      | 0.015      |             | 0.000  | 0.399r          |
| _1785_:ZN (NOR2_X1)                                                                     |        | 0.001       | 0.000      | 0.006      |             | 0.007  | 0.406f          |
| _0451_ (net)                                                                            | 1      |             |            |            | 0.000       |        |                 |
| _1788_:A1 (NOR2_X1)                                                                     |        | 0.002       | 0.000      | 0.006      |             | 0.000  | 0.406f          |
| _1788_:ZN (NOR2_X1)                                                                     |        | 0.004       | 0.000      | 0.014      |             | 0.018  | 0.424r          |
| _0454_ (net)                                                                            | 2      |             |            |            | 0.000       |        |                 |
| _1789_:A (BUF_X2)                                                                       |        | 0.002       | 0.000      | 0.014      |             | 0.000  | 0.424r          |
| _1789_:Z (BUF_X2)                                                                       |        | 0.015       | 0.000      | 0.012      |             | 0.024  | 0.448r          |
| _0455_ (net)                                                                            | 10     |             |            |            | 0.000       |        |                 |
| _1822_:A3 (AND3_X1)                                                                     |        | 0.001       | 0.000      | 0.012      |             | 0.000  | 0.448r          |
| _1822_:ZN (AND3_X1)                                                                     |        | 0.003       | 0.000      | 0.009      |             | 0.032  | 0.481r          |
| _0485_ (net)                                                                            | 2      |             |            |            | 0.000       |        |                 |
| _1832_:A1 (NOR2_X1)                                                                     |        | 0.002       | 0.000      | 0.009      |             | 0.000  | 0.481r          |
| _1832_:ZN (NOR2_X1)                                                                     |        | 0.001       | 0.000      | 0.007      |             | 0.006  | 0.487f          |
| _0492_ (net)                                                                            | 1      |             |            |            | 0.000       |        |                 |
| _1833_:A1 (OAI22_X1)                                                                    |        | 0.002       | 0.000      | 0.007      |             | 0.000  | 0.487f          |
| _1833_:ZN (OAI22_X1)                                                                    |        | 0.001       | 0.000      | 0.017      |             | 0.016  | 0.502r          |
| u_reg_ascii.din_$_NOT__Y_4_A_$_MUX__B_Y_$_ANDNOT__B_Y_$_MUX__B_Y_$_MUX__A_Y[0] (net)    | 1      |             |            |            | 0.000       |        |                 |
| seg3__$_DFF_P__Q_6:D (DFF_X1)                                                           |        | 0.001       | 0.000      | 0.017      |             | 0.000  | 0.502r          |
|                                                                                         |        |             |            |            |             |        |                 |
| clk (port)                                                                              |        | 0.312       | 0.000      | 0.000      |             | 0.000  | 0.000r          |
| clk (clock net)                                                                         | 193    |             |            |            | NA          |        |                 |
| seg3__$_DFF_P__Q_6:CK (DFF_X1)                                                          |        | 0.001       | 0.000      | 0.000      |             | 0.000  | 0.000r          |
| clock core_clock (rise edge)                                                            |        |             |            |            |             | 2      | 2               |
| clock network delay (ideal)                                                             |        |             |            |            |             | 0.000  | 2.000           |
| seg3__$_DFF_P__Q_6:CK (DFF_X1)                                                          |        |             |            |            |             |        | 2.000r          |
| library setup time                                                                      |        |             |            |            |             | -0.025 | 1.975           |
| clock reconvergence pessimism                                                           |        |             |            |            |             | 0.000  | 1.975           |
|                                                                                         |        |             |            |            |             |        |                 |
| path cell delay                                                                         |        |             |            |            |             |        | 0.502(100.000%) |
| path net delay                                                                          |        |             |            |            |             |        | 0.000(0.000%)   |
|                                                                                         |        |             |            |            |             |        |                 |
| data require time                                                                       |        |             |            |            |             |        | 1.975           |
| data arrival time                                                                       |        |             |            |            |             |        | 0.502           |
| slack (MET)                                                                             |        |             |            |            |             |        | 1.473           |
+-----------------------------------------------------------------------------------------+--------+-------------+------------+------------+-------------+--------+-----------------+
+-----------------------------------------------------------------------------------------+--------+-------------+------------+------------+-------------+--------+-----------------+
| Point                                                                                   | Fanout | Capacitance | Resistance | Transition | Delta Delay | Incr   | Path            |
+-----------------------------------------------------------------------------------------+--------+-------------+------------+------------+-------------+--------+-----------------+
| clk (port)                                                                              |        | 0.312       | 0.000      | 0.000      |             | 0.000  | 0.000r          |
| clk (clock net)                                                                         | 193    |             |            |            | NA          |        |                 |
| u_initial_nextdata.dout_$_NOR__B_Y_$_ANDNOT__B_1_Y_$_XOR__A_Y_$_SDFF_PP0__D:CK (DFF_X1) |        | 0.001       | 0.000      | 0.000      |             | 0.000  | 0.000r          |
| clock core_clock (rise edge)                                                            |        |             |            |            |             | 0      | 0               |
| clock network delay (ideal)                                                             |        |             |            |            |             | 0.000  | 0.000           |
| u_initial_nextdata.dout_$_NOR__B_Y_$_ANDNOT__B_1_Y_$_XOR__A_Y_$_SDFF_PP0__D:CK (DFF_X1) |        | 0.001       | 0.000      | 0.000      |             | 0.000  | 0.000r          |
| u_initial_nextdata.dout_$_NOR__B_Y_$_ANDNOT__B_1_Y_$_XOR__A_Y_$_SDFF_PP0__D:Q (DFF_X1)  |        | 0.008       | 0.000      | 0.013      |             | 0.058  | 0.058r          |
| u_initial_nextdata.dout_$_NOR__B_Y_$_ANDNOT__B_1_Y_$_XOR__A_Y_$_SDFF_PP0__D_Q[0] (net)  | 2      |             |            |            | 0.000       |        |                 |
| fanout_buf_6:A (BUF_X8)                                                                 |        | 0.007       | 0.000      | 0.013      |             | 0.000  | 0.058r          |
| fanout_buf_6:Z (BUF_X8)                                                                 |        | 0.100       | 0.000      | 0.018      |             | 0.031  | 0.089r          |
| fanout_net_6 (net)                                                                      | 30     |             |            |            | 0.000       |        |                 |
| _1955_:A (INV_X32)                                                                      |        | 0.049       | 0.000      | 0.018      |             | 0.000  | 0.089r          |
| _1955_:ZN (INV_X32)                                                                     |        | 0.014       | 0.000      | 0.005      |             | 0.004  | 0.092f          |
| _0595_ (net)                                                                            | 9      |             |            |            | 0.000       |        |                 |
| _1977_:A1 (OR2_X4)                                                                      |        | 0.003       | 0.000      | 0.005      |             | 0.000  | 0.092f          |
| _1977_:ZN (OR2_X4)                                                                      |        | 0.003       | 0.000      | 0.005      |             | 0.021  | 0.113f          |
| _0617_ (net)                                                                            | 1      |             |            |            | 0.000       |        |                 |
| _1978_:A (OAI211_X2)                                                                    |        | 0.003       | 0.000      | 0.005      |             | 0.000  | 0.113f          |
| _1978_:ZN (OAI211_X2)                                                                   |        | 0.003       | 0.000      | 0.012      |             | 0.012  | 0.125r          |
| _0618_ (net)                                                                            | 1      |             |            |            | 0.000       |        |                 |
| _1981_:A (OAI211_X2)                                                                    |        | 0.003       | 0.000      | 0.012      |             | 0.000  | 0.125r          |
| _1981_:ZN (OAI211_X2)                                                                   |        | 0.007       | 0.000      | 0.015      |             | 0.024  | 0.148f          |
| _0621_ (net)                                                                            | 2      |             |            |            | 0.000       |        |                 |
| _1982_:A2 (NAND2_X4)                                                                    |        | 0.006       | 0.000      | 0.015      |             | 0.000  | 0.148f          |
| _1982_:ZN (NAND2_X4)                                                                    |        | 0.028       | 0.000      | 0.013      |             | 0.021  | 0.169r          |
| _0622_ (net)                                                                            | 9      |             |            |            | 0.000       |        |                 |
| _1983_:A (BUF_X8)                                                                       |        | 0.007       | 0.000      | 0.013      |             | 0.000  | 0.169r          |
| _1983_:Z (BUF_X8)                                                                       |        | 0.021       | 0.000      | 0.006      |             | 0.017  | 0.186r          |
| _0623_ (net)                                                                            | 10     |             |            |            | 0.000       |        |                 |
| _1984_:A (INV_X2)                                                                       |        | 0.003       | 0.000      | 0.006      |             | 0.000  | 0.186r          |
| _1984_:ZN (INV_X2)                                                                      |        | 0.006       | 0.000      | 0.004      |             | 0.007  | 0.193f          |
| _0624_ (net)                                                                            | 4      |             |            |            | 0.000       |        |                 |
| _1985_:A (BUF_X4)                                                                       |        | 0.003       | 0.000      | 0.004      |             | 0.000  | 0.193f          |
| _1985_:Z (BUF_X4)                                                                       |        | 0.014       | 0.000      | 0.005      |             | 0.016  | 0.209f          |
| _0625_ (net)                                                                            | 10     |             |            |            | 0.000       |        |                 |
| _2167_:A1 (OR2_X1)                                                                      |        | 0.001       | 0.000      | 0.005      |             | 0.000  | 0.209f          |
| _2167_:ZN (OR2_X1)                                                                      |        | 0.002       | 0.000      | 0.006      |             | 0.024  | 0.233f          |
| _0807_ (net)                                                                            | 1      |             |            |            | 0.000       |        |                 |
| _2168_:A (OAI211_X1)                                                                    |        | 0.002       | 0.000      | 0.006      |             | 0.000  | 0.233f          |
| _2168_:ZN (OAI211_X1)                                                                   |        | 0.002       | 0.000      | 0.011      |             | 0.012  | 0.245r          |
| _0808_ (net)                                                                            | 1      |             |            |            | 0.000       |        |                 |
| _2171_:A1 (NAND3_X1)                                                                    |        | 0.002       | 0.000      | 0.011      |             | 0.000  | 0.245r          |
| _2171_:ZN (NAND3_X1)                                                                    |        | 0.002       | 0.000      | 0.009      |             | 0.014  | 0.259f          |
| _0811_ (net)                                                                            | 1      |             |            |            | 0.000       |        |                 |
| _2175_:A (OAI211_X1)                                                                    |        | 0.002       | 0.000      | 0.009      |             | 0.000  | 0.259f          |
| _2175_:ZN (OAI211_X1)                                                                   |        | 0.002       | 0.000      | 0.013      |             | 0.013  | 0.272r          |
| _0815_ (net)                                                                            | 1      |             |            |            | 0.000       |        |                 |
| _2185_:B1 (AOI21_X1)                                                                    |        | 0.002       | 0.000      | 0.013      |             | 0.000  | 0.272r          |
| _2185_:ZN (AOI21_X1)                                                                    |        | 0.001       | 0.000      | 0.006      |             | 0.009  | 0.282f          |
| _0825_ (net)                                                                            | 1      |             |            |            | 0.000       |        |                 |
| _2186_:A3 (OR3_X1)                                                                      |        | 0.001       | 0.000      | 0.006      |             | 0.000  | 0.282f          |
| _2186_:ZN (OR3_X1)                                                                      |        | 0.003       | 0.000      | 0.009      |             | 0.043  | 0.325f          |
| _0826_ (net)                                                                            | 1      |             |            |            | 0.000       |        |                 |
| _2209_:B1 (OAI21_X2)                                                                    |        | 0.003       | 0.000      | 0.009      |             | 0.000  | 0.325f          |
| _2209_:ZN (OAI21_X2)                                                                    |        | 0.013       | 0.000      | 0.021      |             | 0.028  | 0.352r          |
| _0849_ (net)                                                                            | 8      |             |            |            | 0.000       |        |                 |
| _1845_:A2 (AND3_X1)                                                                     |        | 0.001       | 0.000      | 0.021      |             | 0.000  | 0.352r          |
| _1845_:ZN (AND3_X1)                                                                     |        | 0.002       | 0.000      | 0.007      |             | 0.031  | 0.383r          |
| _0499_ (net)                                                                            | 1      |             |            |            | 0.000       |        |                 |
| _1847_:A1 (NOR2_X1)                                                                     |        | 0.002       | 0.000      | 0.007      |             | 0.000  | 0.383r          |
| _1847_:ZN (NOR2_X1)                                                                     |        | 0.005       | 0.000      | 0.008      |             | 0.009  | 0.393f          |
| _0501_ (net)                                                                            | 2      |             |            |            | 0.000       |        |                 |
| _1848_:A1 (NOR2_X1)                                                                     |        | 0.002       | 0.000      | 0.008      |             | 0.000  | 0.393f          |
| _1848_:ZN (NOR2_X1)                                                                     |        | 0.007       | 0.000      | 0.023      |             | 0.029  | 0.422r          |
| _0502_ (net)                                                                            | 5      |             |            |            | 0.000       |        |                 |
| _1872_:A (OAI21_X1)                                                                     |        | 0.002       | 0.000      | 0.023      |             | 0.000  | 0.422r          |
| _1872_:ZN (OAI21_X1)                                                                    |        | 0.002       | 0.000      | 0.009      |             | 0.015  | 0.438f          |
| _0524_ (net)                                                                            | 2      |             |            |            | 0.000       |        |                 |
| _1873_:A2 (OR2_X1)                                                                      |        | 0.001       | 0.000      | 0.009      |             | 0.000  | 0.438f          |
| _1873_:ZN (OR2_X1)                                                                      |        | 0.003       | 0.000      | 0.007      |             | 0.031  | 0.468f          |
| _0525_ (net)                                                                            | 2      |             |            |            | 0.000       |        |                 |
| _1877_:A (OAI21_X1)                                                                     |        | 0.002       | 0.000      | 0.007      |             | 0.000  | 0.468f          |
| _1877_:ZN (OAI21_X1)                                                                    |        | 0.001       | 0.000      | 0.008      |             | 0.011  | 0.479r          |
| _0528_ (net)                                                                            | 1      |             |            |            | 0.000       |        |                 |
| _1880_:A (MUX2_X1)                                                                      |        | 0.001       | 0.000      | 0.008      |             | 0.000  | 0.479r          |
| _1880_:Z (MUX2_X1)                                                                      |        | 0.001       | 0.000      | 0.006      |             | 0.024  | 0.503r          |
| u_reg_pressed.din_$_NOT__Y_3_A_$_MUX__A_Y_$_ANDNOT__B_Y_$_MUX__B_Y_$_MUX__A_Y[3] (net)  | 1      |             |            |            | 0.000       |        |                 |
| seg6_$_DFF_P__Q_3:D (DFF_X1)                                                            |        | 0.001       | 0.000      | 0.006      |             | 0.000  | 0.503r          |
|                                                                                         |        |             |            |            |             |        |                 |
| clk (port)                                                                              |        | 0.312       | 0.000      | 0.000      |             | 0.000  | 0.000r          |
| clk (clock net)                                                                         | 193    |             |            |            | NA          |        |                 |
| seg6_$_DFF_P__Q_3:CK (DFF_X1)                                                           |        | 0.001       | 0.000      | 0.000      |             | 0.000  | 0.000r          |
| clock core_clock (rise edge)                                                            |        |             |            |            |             | 2      | 2               |
| clock network delay (ideal)                                                             |        |             |            |            |             | 0.000  | 2.000           |
| seg6_$_DFF_P__Q_3:CK (DFF_X1)                                                           |        |             |            |            |             |        | 2.000r          |
| library setup time                                                                      |        |             |            |            |             | -0.023 | 1.977           |
| clock reconvergence pessimism                                                           |        |             |            |            |             | 0.000  | 1.977           |
|                                                                                         |        |             |            |            |             |        |                 |
| path cell delay                                                                         |        |             |            |            |             |        | 0.503(100.000%) |
| path net delay                                                                          |        |             |            |            |             |        | 0.000(0.000%)   |
|                                                                                         |        |             |            |            |             |        |                 |
| data require time                                                                       |        |             |            |            |             |        | 1.977           |
| data arrival time                                                                       |        |             |            |            |             |        | 0.503           |
| slack (MET)                                                                             |        |             |            |            |             |        | 1.474           |
+-----------------------------------------------------------------------------------------+--------+-------------+------------+------------+-------------+--------+-----------------+
+-----------------------------------------------------------------------------------------+--------+-------------+------------+------------+-------------+--------+-----------------+
| Point                                                                                   | Fanout | Capacitance | Resistance | Transition | Delta Delay | Incr   | Path            |
+-----------------------------------------------------------------------------------------+--------+-------------+------------+------------+-------------+--------+-----------------+
| clk (port)                                                                              |        | 0.312       | 0.000      | 0.000      |             | 0.000  | 0.000r          |
| clk (clock net)                                                                         | 193    |             |            |            | NA          |        |                 |
| u_initial_nextdata.dout_$_NOR__B_Y_$_ANDNOT__B_1_Y_$_XOR__A_Y_$_SDFF_PP0__D:CK (DFF_X1) |        | 0.001       | 0.000      | 0.000      |             | 0.000  | 0.000r          |
| clock core_clock (rise edge)                                                            |        |             |            |            |             | 0      | 0               |
| clock network delay (ideal)                                                             |        |             |            |            |             | 0.000  | 0.000           |
| u_initial_nextdata.dout_$_NOR__B_Y_$_ANDNOT__B_1_Y_$_XOR__A_Y_$_SDFF_PP0__D:CK (DFF_X1) |        | 0.001       | 0.000      | 0.000      |             | 0.000  | 0.000r          |
| u_initial_nextdata.dout_$_NOR__B_Y_$_ANDNOT__B_1_Y_$_XOR__A_Y_$_SDFF_PP0__D:Q (DFF_X1)  |        | 0.008       | 0.000      | 0.013      |             | 0.058  | 0.058r          |
| u_initial_nextdata.dout_$_NOR__B_Y_$_ANDNOT__B_1_Y_$_XOR__A_Y_$_SDFF_PP0__D_Q[0] (net)  | 2      |             |            |            | 0.000       |        |                 |
| fanout_buf_6:A (BUF_X8)                                                                 |        | 0.007       | 0.000      | 0.013      |             | 0.000  | 0.058r          |
| fanout_buf_6:Z (BUF_X8)                                                                 |        | 0.100       | 0.000      | 0.018      |             | 0.031  | 0.089r          |
| fanout_net_6 (net)                                                                      | 30     |             |            |            | 0.000       |        |                 |
| _1955_:A (INV_X32)                                                                      |        | 0.049       | 0.000      | 0.018      |             | 0.000  | 0.089r          |
| _1955_:ZN (INV_X32)                                                                     |        | 0.014       | 0.000      | 0.005      |             | 0.004  | 0.092f          |
| _0595_ (net)                                                                            | 9      |             |            |            | 0.000       |        |                 |
| _1977_:A1 (OR2_X4)                                                                      |        | 0.003       | 0.000      | 0.005      |             | 0.000  | 0.092f          |
| _1977_:ZN (OR2_X4)                                                                      |        | 0.003       | 0.000      | 0.005      |             | 0.021  | 0.113f          |
| _0617_ (net)                                                                            | 1      |             |            |            | 0.000       |        |                 |
| _1978_:A (OAI211_X2)                                                                    |        | 0.003       | 0.000      | 0.005      |             | 0.000  | 0.113f          |
| _1978_:ZN (OAI211_X2)                                                                   |        | 0.003       | 0.000      | 0.012      |             | 0.012  | 0.125r          |
| _0618_ (net)                                                                            | 1      |             |            |            | 0.000       |        |                 |
| _1981_:A (OAI211_X2)                                                                    |        | 0.003       | 0.000      | 0.012      |             | 0.000  | 0.125r          |
| _1981_:ZN (OAI211_X2)                                                                   |        | 0.007       | 0.000      | 0.015      |             | 0.024  | 0.148f          |
| _0621_ (net)                                                                            | 2      |             |            |            | 0.000       |        |                 |
| _1982_:A2 (NAND2_X4)                                                                    |        | 0.006       | 0.000      | 0.015      |             | 0.000  | 0.148f          |
| _1982_:ZN (NAND2_X4)                                                                    |        | 0.028       | 0.000      | 0.013      |             | 0.021  | 0.169r          |
| _0622_ (net)                                                                            | 9      |             |            |            | 0.000       |        |                 |
| _2097_:A (BUF_X4)                                                                       |        | 0.003       | 0.000      | 0.013      |             | 0.000  | 0.169r          |
| _2097_:Z (BUF_X4)                                                                       |        | 0.021       | 0.000      | 0.009      |             | 0.020  | 0.189r          |
| _0737_ (net)                                                                            | 10     |             |            |            | 0.000       |        |                 |
| _2121_:A (BUF_X4)                                                                       |        | 0.003       | 0.000      | 0.009      |             | 0.000  | 0.189r          |
| _2121_:Z (BUF_X4)                                                                       |        | 0.017       | 0.000      | 0.007      |             | 0.018  | 0.207r          |
| _0761_ (net)                                                                            | 10     |             |            |            | 0.000       |        |                 |
| _2122_:A (BUF_X2)                                                                       |        | 0.002       | 0.000      | 0.007      |             | 0.000  | 0.207r          |
| _2122_:Z (BUF_X2)                                                                       |        | 0.015       | 0.000      | 0.011      |             | 0.022  | 0.229r          |
| _0762_ (net)                                                                            | 10     |             |            |            | 0.000       |        |                 |
| _2189_:A (BUF_X2)                                                                       |        | 0.002       | 0.000      | 0.011      |             | 0.000  | 0.229r          |
| _2189_:Z (BUF_X2)                                                                       |        | 0.016       | 0.000      | 0.012      |             | 0.024  | 0.252r          |
| _0829_ (net)                                                                            | 10     |             |            |            | 0.000       |        |                 |
| _2200_:C2 (OAI211_X1)                                                                   |        | 0.002       | 0.000      | 0.012      |             | 0.000  | 0.252r          |
| _2200_:ZN (OAI211_X1)                                                                   |        | 0.002       | 0.000      | 0.011      |             | 0.017  | 0.270f          |
| _0840_ (net)                                                                            | 1      |             |            |            | 0.000       |        |                 |
| _2203_:A1 (NAND3_X1)                                                                    |        | 0.002       | 0.000      | 0.011      |             | 0.000  | 0.270f          |
| _2203_:ZN (NAND3_X1)                                                                    |        | 0.002       | 0.000      | 0.008      |             | 0.011  | 0.281r          |
| _0843_ (net)                                                                            | 1      |             |            |            | 0.000       |        |                 |
| _2207_:A (OAI211_X1)                                                                    |        | 0.002       | 0.000      | 0.008      |             | 0.000  | 0.281r          |
| _2207_:ZN (OAI211_X1)                                                                   |        | 0.001       | 0.000      | 0.012      |             | 0.019  | 0.300f          |
| _0847_ (net)                                                                            | 1      |             |            |            | 0.000       |        |                 |
| _2208_:B2 (AOI21_X1)                                                                    |        | 0.002       | 0.000      | 0.012      |             | 0.000  | 0.300f          |
| _2208_:ZN (AOI21_X1)                                                                    |        | 0.003       | 0.000      | 0.017      |             | 0.024  | 0.324r          |
| _0848_ (net)                                                                            | 1      |             |            |            | 0.000       |        |                 |
| _2209_:B2 (OAI21_X2)                                                                    |        | 0.003       | 0.000      | 0.017      |             | 0.000  | 0.324r          |
| _2209_:ZN (OAI21_X2)                                                                    |        | 0.011       | 0.000      | 0.014      |             | 0.021  | 0.346f          |
| _0849_ (net)                                                                            | 8      |             |            |            | 0.000       |        |                 |
| _2210_:A2 (AND2_X4)                                                                     |        | 0.004       | 0.000      | 0.014      |             | 0.000  | 0.346f          |
| _2210_:ZN (AND2_X4)                                                                     |        | 0.012       | 0.000      | 0.005      |             | 0.022  | 0.368f          |
| _0128_ (net)                                                                            | 6      |             |            |            | 0.000       |        |                 |
| _1897_:S (MUX2_X1)                                                                      |        | 0.002       | 0.000      | 0.005      |             | 0.000  | 0.368f          |
| _1897_:Z (MUX2_X1)                                                                      |        | 0.003       | 0.000      | 0.007      |             | 0.027  | 0.395f          |
| _0544_ (net)                                                                            | 2      |             |            |            | 0.000       |        |                 |
| _1898_:A1 (NOR2_X1)                                                                     |        | 0.002       | 0.000      | 0.007      |             | 0.000  | 0.395f          |
| _1898_:ZN (NOR2_X1)                                                                     |        | 0.011       | 0.000      | 0.033      |             | 0.040  | 0.434r          |
| _0545_ (net)                                                                            | 6      |             |            |            | 0.000       |        |                 |
| _1899_:A (INV_X1)                                                                       |        | 0.002       | 0.000      | 0.033      |             | 0.000  | 0.434r          |
| _1899_:ZN (INV_X1)                                                                      |        | 0.006       | 0.000      | 0.013      |             | 0.015  | 0.449f          |
| _0546_ (net)                                                                            | 4      |             |            |            | 0.000       |        |                 |
| _1904_:A3 (NOR4_X1)                                                                     |        | 0.002       | 0.000      | 0.013      |             | 0.000  | 0.449f          |
| _1904_:ZN (NOR4_X1)                                                                     |        | 0.001       | 0.000      | 0.018      |             | 0.034  | 0.483r          |
| _0551_ (net)                                                                            | 1      |             |            |            | 0.000       |        |                 |
| _1909_:A1 (OR2_X1)                                                                      |        | 0.001       | 0.000      | 0.018      |             | 0.000  | 0.483r          |
| _1909_:ZN (OR2_X1)                                                                      |        | 0.001       | 0.000      | 0.005      |             | 0.017  | 0.500r          |
| u_reg_pressed.din_$_NOT__Y_6_A_$_MUX__A_Y_$_ANDNOT__B_Y_$_MUX__B_Y_$_MUX__A_Y[5] (net)  | 1      |             |            |            | 0.000       |        |                 |
| seg7_$_DFF_P__Q_1:D (DFF_X1)                                                            |        | 0.001       | 0.000      | 0.005      |             | 0.000  | 0.500r          |
|                                                                                         |        |             |            |            |             |        |                 |
| clk (port)                                                                              |        | 0.312       | 0.000      | 0.000      |             | 0.000  | 0.000r          |
| clk (clock net)                                                                         | 193    |             |            |            | NA          |        |                 |
| seg7_$_DFF_P__Q_1:CK (DFF_X1)                                                           |        | 0.001       | 0.000      | 0.000      |             | 0.000  | 0.000r          |
| clock core_clock (rise edge)                                                            |        |             |            |            |             | 2      | 2               |
| clock network delay (ideal)                                                             |        |             |            |            |             | 0.000  | 2.000           |
| seg7_$_DFF_P__Q_1:CK (DFF_X1)                                                           |        |             |            |            |             |        | 2.000r          |
| library setup time                                                                      |        |             |            |            |             | -0.023 | 1.977           |
| clock reconvergence pessimism                                                           |        |             |            |            |             | 0.000  | 1.977           |
|                                                                                         |        |             |            |            |             |        |                 |
| path cell delay                                                                         |        |             |            |            |             |        | 0.500(100.000%) |
| path net delay                                                                          |        |             |            |            |             |        | 0.000(0.000%)   |
|                                                                                         |        |             |            |            |             |        |                 |
| data require time                                                                       |        |             |            |            |             |        | 1.977           |
| data arrival time                                                                       |        |             |            |            |             |        | 0.500           |
| slack (MET)                                                                             |        |             |            |            |             |        | 1.477           |
+-----------------------------------------------------------------------------------------+--------+-------------+------------+------------+-------------+--------+-----------------+
+-----------------------------------------------------------------------------------------+--------+-------------+------------+------------+-------------+--------+-----------------+
| Point                                                                                   | Fanout | Capacitance | Resistance | Transition | Delta Delay | Incr   | Path            |
+-----------------------------------------------------------------------------------------+--------+-------------+------------+------------+-------------+--------+-----------------+
| clk (port)                                                                              |        | 0.312       | 0.000      | 0.000      |             | 0.000  | 0.000r          |
| clk (clock net)                                                                         | 193    |             |            |            | NA          |        |                 |
| u_initial_nextdata.dout_$_NOR__B_Y_$_ANDNOT__B_1_Y_$_XOR__A_Y_$_SDFF_PP0__D:CK (DFF_X1) |        | 0.001       | 0.000      | 0.000      |             | 0.000  | 0.000r          |
| clock core_clock (rise edge)                                                            |        |             |            |            |             | 0      | 0               |
| clock network delay (ideal)                                                             |        |             |            |            |             | 0.000  | 0.000           |
| u_initial_nextdata.dout_$_NOR__B_Y_$_ANDNOT__B_1_Y_$_XOR__A_Y_$_SDFF_PP0__D:CK (DFF_X1) |        | 0.001       | 0.000      | 0.000      |             | 0.000  | 0.000r          |
| u_initial_nextdata.dout_$_NOR__B_Y_$_ANDNOT__B_1_Y_$_XOR__A_Y_$_SDFF_PP0__D:Q (DFF_X1)  |        | 0.008       | 0.000      | 0.013      |             | 0.058  | 0.058r          |
| u_initial_nextdata.dout_$_NOR__B_Y_$_ANDNOT__B_1_Y_$_XOR__A_Y_$_SDFF_PP0__D_Q[0] (net)  | 2      |             |            |            | 0.000       |        |                 |
| fanout_buf_6:A (BUF_X8)                                                                 |        | 0.007       | 0.000      | 0.013      |             | 0.000  | 0.058r          |
| fanout_buf_6:Z (BUF_X8)                                                                 |        | 0.100       | 0.000      | 0.018      |             | 0.031  | 0.089r          |
| fanout_net_6 (net)                                                                      | 30     |             |            |            | 0.000       |        |                 |
| _1955_:A (INV_X32)                                                                      |        | 0.049       | 0.000      | 0.018      |             | 0.000  | 0.089r          |
| _1955_:ZN (INV_X32)                                                                     |        | 0.014       | 0.000      | 0.005      |             | 0.004  | 0.092f          |
| _0595_ (net)                                                                            | 9      |             |            |            | 0.000       |        |                 |
| _1977_:A1 (OR2_X4)                                                                      |        | 0.003       | 0.000      | 0.005      |             | 0.000  | 0.092f          |
| _1977_:ZN (OR2_X4)                                                                      |        | 0.003       | 0.000      | 0.005      |             | 0.021  | 0.113f          |
| _0617_ (net)                                                                            | 1      |             |            |            | 0.000       |        |                 |
| _1978_:A (OAI211_X2)                                                                    |        | 0.003       | 0.000      | 0.005      |             | 0.000  | 0.113f          |
| _1978_:ZN (OAI211_X2)                                                                   |        | 0.003       | 0.000      | 0.012      |             | 0.012  | 0.125r          |
| _0618_ (net)                                                                            | 1      |             |            |            | 0.000       |        |                 |
| _1981_:A (OAI211_X2)                                                                    |        | 0.003       | 0.000      | 0.012      |             | 0.000  | 0.125r          |
| _1981_:ZN (OAI211_X2)                                                                   |        | 0.007       | 0.000      | 0.015      |             | 0.024  | 0.148f          |
| _0621_ (net)                                                                            | 2      |             |            |            | 0.000       |        |                 |
| _1982_:A2 (NAND2_X4)                                                                    |        | 0.006       | 0.000      | 0.015      |             | 0.000  | 0.148f          |
| _1982_:ZN (NAND2_X4)                                                                    |        | 0.028       | 0.000      | 0.013      |             | 0.021  | 0.169r          |
| _0622_ (net)                                                                            | 9      |             |            |            | 0.000       |        |                 |
| _1983_:A (BUF_X8)                                                                       |        | 0.007       | 0.000      | 0.013      |             | 0.000  | 0.169r          |
| _1983_:Z (BUF_X8)                                                                       |        | 0.021       | 0.000      | 0.006      |             | 0.017  | 0.186r          |
| _0623_ (net)                                                                            | 10     |             |            |            | 0.000       |        |                 |
| _1984_:A (INV_X2)                                                                       |        | 0.003       | 0.000      | 0.006      |             | 0.000  | 0.186r          |
| _1984_:ZN (INV_X2)                                                                      |        | 0.006       | 0.000      | 0.004      |             | 0.007  | 0.193f          |
| _0624_ (net)                                                                            | 4      |             |            |            | 0.000       |        |                 |
| _1985_:A (BUF_X4)                                                                       |        | 0.003       | 0.000      | 0.004      |             | 0.000  | 0.193f          |
| _1985_:Z (BUF_X4)                                                                       |        | 0.014       | 0.000      | 0.005      |             | 0.016  | 0.209f          |
| _0625_ (net)                                                                            | 10     |             |            |            | 0.000       |        |                 |
| _1986_:A (BUF_X8)                                                                       |        | 0.007       | 0.000      | 0.005      |             | 0.000  | 0.209f          |
| _1986_:Z (BUF_X8)                                                                       |        | 0.013       | 0.000      | 0.004      |             | 0.015  | 0.224f          |
| _0626_ (net)                                                                            | 10     |             |            |            | 0.000       |        |                 |
| _1998_:A1 (NOR2_X1)                                                                     |        | 0.002       | 0.000      | 0.004      |             | 0.000  | 0.224f          |
| _1998_:ZN (NOR2_X1)                                                                     |        | 0.003       | 0.000      | 0.011      |             | 0.015  | 0.239r          |
| _0638_ (net)                                                                            | 2      |             |            |            | 0.000       |        |                 |
| _2216_:A (BUF_X2)                                                                       |        | 0.002       | 0.000      | 0.011      |             | 0.000  | 0.239r          |
| _2216_:Z (BUF_X2)                                                                       |        | 0.018       | 0.000      | 0.014      |             | 0.026  | 0.264r          |
| _0854_ (net)                                                                            | 10     |             |            |            | 0.000       |        |                 |
| _2458_:A1 (AND3_X1)                                                                     |        | 0.001       | 0.000      | 0.014      |             | 0.000  | 0.264r          |
| _2458_:ZN (AND3_X1)                                                                     |        | 0.004       | 0.000      | 0.009      |             | 0.032  | 0.296r          |
| _0232_ (net)                                                                            | 2      |             |            |            | 0.000       |        |                 |
| _2467_:A (XNOR2_X1)                                                                     |        | 0.002       | 0.000      | 0.009      |             | 0.000  | 0.296r          |
| _2467_:ZN (XNOR2_X1)                                                                    |        | 0.005       | 0.000      | 0.012      |             | 0.016  | 0.312f          |
| _0241_ (net)                                                                            | 3      |             |            |            | 0.000       |        |                 |
| _2468_:A (INV_X1)                                                                       |        | 0.002       | 0.000      | 0.012      |             | 0.000  | 0.312f          |
| _2468_:ZN (INV_X1)                                                                      |        | 0.004       | 0.000      | 0.009      |             | 0.014  | 0.326r          |
| _0242_ (net)                                                                            | 3      |             |            |            | 0.000       |        |                 |
| _2474_:A (CLKBUF_X2)                                                                    |        | 0.001       | 0.000      | 0.009      |             | 0.000  | 0.326r          |
| _2474_:Z (CLKBUF_X2)                                                                    |        | 0.011       | 0.000      | 0.010      |             | 0.025  | 0.351r          |
| _0247_ (net)                                                                            | 10     |             |            |            | 0.000       |        |                 |
| _2475_:A (BUF_X2)                                                                       |        | 0.002       | 0.000      | 0.010      |             | 0.000  | 0.351r          |
| _2475_:Z (BUF_X2)                                                                       |        | 0.015       | 0.000      | 0.012      |             | 0.023  | 0.374r          |
| _0248_ (net)                                                                            | 10     |             |            |            | 0.000       |        |                 |
| _1418_:A1 (AND4_X1)                                                                     |        | 0.001       | 0.000      | 0.012      |             | 0.000  | 0.374r          |
| _1418_:ZN (AND4_X1)                                                                     |        | 0.001       | 0.000      | 0.007      |             | 0.032  | 0.407r          |
| _0004_ (net)                                                                            | 1      |             |            |            | 0.000       |        |                 |
| _2615_:E (CLKGATE_X1)                                                                   |        | 0.001       | 0.000      | 0.007      |             | 0.000  | 0.407r          |
|                                                                                         |        |             |            |            |             |        |                 |
| clk (port)                                                                              |        | 0.312       | 0.000      | 0.000      |             | 0.000  | 0.000r          |
| clk (clock net)                                                                         | 193    |             |            |            | NA          |        |                 |
| _2615_:CK (CLKGATE_X1)                                                                  |        | 0.002       | 0.000      | 0.000      |             | 0.000  | 0.000r          |
| clock core_clock (rise edge)                                                            |        |             |            |            |             | 2      | 2               |
| clock network delay (ideal)                                                             |        |             |            |            |             | 0.000  | 2.000           |
| _2615_:CK (CLKGATE_X1)                                                                  |        |             |            |            |             |        | 2.000r          |
| library setup time                                                                      |        |             |            |            |             | -0.034 | 1.966           |
| clock reconvergence pessimism                                                           |        |             |            |            |             | 0.000  | 1.966           |
|                                                                                         |        |             |            |            |             |        |                 |
| path cell delay                                                                         |        |             |            |            |             |        | 0.407(100.000%) |
| path net delay                                                                          |        |             |            |            |             |        | 0.000(0.000%)   |
|                                                                                         |        |             |            |            |             |        |                 |
| data require time                                                                       |        |             |            |            |             |        | 1.966           |
| data arrival time                                                                       |        |             |            |            |             |        | 0.407           |
| slack (MET)                                                                             |        |             |            |            |             |        | 1.559           |
+-----------------------------------------------------------------------------------------+--------+-------------+------------+------------+-------------+--------+-----------------+
+-----------------------------------------------------------------------------------------+--------+-------------+------------+------------+-------------+--------+-----------------+
| Point                                                                                   | Fanout | Capacitance | Resistance | Transition | Delta Delay | Incr   | Path            |
+-----------------------------------------------------------------------------------------+--------+-------------+------------+------------+-------------+--------+-----------------+
| clk (port)                                                                              |        | 0.312       | 0.000      | 0.000      |             | 0.000  | 0.000r          |
| clk (clock net)                                                                         | 193    |             |            |            | NA          |        |                 |
| u_initial_nextdata.dout_$_NOR__B_Y_$_ANDNOT__B_1_Y_$_XOR__A_Y_$_SDFF_PP0__D:CK (DFF_X1) |        | 0.001       | 0.000      | 0.000      |             | 0.000  | 0.000r          |
| clock core_clock (rise edge)                                                            |        |             |            |            |             | 0      | 0               |
| clock network delay (ideal)                                                             |        |             |            |            |             | 0.000  | 0.000           |
| u_initial_nextdata.dout_$_NOR__B_Y_$_ANDNOT__B_1_Y_$_XOR__A_Y_$_SDFF_PP0__D:CK (DFF_X1) |        | 0.001       | 0.000      | 0.000      |             | 0.000  | 0.000r          |
| u_initial_nextdata.dout_$_NOR__B_Y_$_ANDNOT__B_1_Y_$_XOR__A_Y_$_SDFF_PP0__D:Q (DFF_X1)  |        | 0.008       | 0.000      | 0.013      |             | 0.058  | 0.058r          |
| u_initial_nextdata.dout_$_NOR__B_Y_$_ANDNOT__B_1_Y_$_XOR__A_Y_$_SDFF_PP0__D_Q[0] (net)  | 2      |             |            |            | 0.000       |        |                 |
| fanout_buf_6:A (BUF_X8)                                                                 |        | 0.007       | 0.000      | 0.013      |             | 0.000  | 0.058r          |
| fanout_buf_6:Z (BUF_X8)                                                                 |        | 0.100       | 0.000      | 0.018      |             | 0.031  | 0.089r          |
| fanout_net_6 (net)                                                                      | 30     |             |            |            | 0.000       |        |                 |
| _1955_:A (INV_X32)                                                                      |        | 0.049       | 0.000      | 0.018      |             | 0.000  | 0.089r          |
| _1955_:ZN (INV_X32)                                                                     |        | 0.014       | 0.000      | 0.005      |             | 0.004  | 0.092f          |
| _0595_ (net)                                                                            | 9      |             |            |            | 0.000       |        |                 |
| _1977_:A1 (OR2_X4)                                                                      |        | 0.003       | 0.000      | 0.005      |             | 0.000  | 0.092f          |
| _1977_:ZN (OR2_X4)                                                                      |        | 0.003       | 0.000      | 0.005      |             | 0.021  | 0.113f          |
| _0617_ (net)                                                                            | 1      |             |            |            | 0.000       |        |                 |
| _1978_:A (OAI211_X2)                                                                    |        | 0.003       | 0.000      | 0.005      |             | 0.000  | 0.113f          |
| _1978_:ZN (OAI211_X2)                                                                   |        | 0.003       | 0.000      | 0.012      |             | 0.012  | 0.125r          |
| _0618_ (net)                                                                            | 1      |             |            |            | 0.000       |        |                 |
| _1981_:A (OAI211_X2)                                                                    |        | 0.003       | 0.000      | 0.012      |             | 0.000  | 0.125r          |
| _1981_:ZN (OAI211_X2)                                                                   |        | 0.007       | 0.000      | 0.015      |             | 0.024  | 0.148f          |
| _0621_ (net)                                                                            | 2      |             |            |            | 0.000       |        |                 |
| _1982_:A2 (NAND2_X4)                                                                    |        | 0.006       | 0.000      | 0.015      |             | 0.000  | 0.148f          |
| _1982_:ZN (NAND2_X4)                                                                    |        | 0.028       | 0.000      | 0.013      |             | 0.021  | 0.169r          |
| _0622_ (net)                                                                            | 9      |             |            |            | 0.000       |        |                 |
| _1983_:A (BUF_X8)                                                                       |        | 0.007       | 0.000      | 0.013      |             | 0.000  | 0.169r          |
| _1983_:Z (BUF_X8)                                                                       |        | 0.021       | 0.000      | 0.006      |             | 0.017  | 0.186r          |
| _0623_ (net)                                                                            | 10     |             |            |            | 0.000       |        |                 |
| _1984_:A (INV_X2)                                                                       |        | 0.003       | 0.000      | 0.006      |             | 0.000  | 0.186r          |
| _1984_:ZN (INV_X2)                                                                      |        | 0.006       | 0.000      | 0.004      |             | 0.007  | 0.193f          |
| _0624_ (net)                                                                            | 4      |             |            |            | 0.000       |        |                 |
| _1985_:A (BUF_X4)                                                                       |        | 0.003       | 0.000      | 0.004      |             | 0.000  | 0.193f          |
| _1985_:Z (BUF_X4)                                                                       |        | 0.014       | 0.000      | 0.005      |             | 0.016  | 0.209f          |
| _0625_ (net)                                                                            | 10     |             |            |            | 0.000       |        |                 |
| _1986_:A (BUF_X8)                                                                       |        | 0.007       | 0.000      | 0.005      |             | 0.000  | 0.209f          |
| _1986_:Z (BUF_X8)                                                                       |        | 0.013       | 0.000      | 0.004      |             | 0.015  | 0.224f          |
| _0626_ (net)                                                                            | 10     |             |            |            | 0.000       |        |                 |
| _1998_:A1 (NOR2_X1)                                                                     |        | 0.002       | 0.000      | 0.004      |             | 0.000  | 0.224f          |
| _1998_:ZN (NOR2_X1)                                                                     |        | 0.003       | 0.000      | 0.011      |             | 0.015  | 0.239r          |
| _0638_ (net)                                                                            | 2      |             |            |            | 0.000       |        |                 |
| _2216_:A (BUF_X2)                                                                       |        | 0.002       | 0.000      | 0.011      |             | 0.000  | 0.239r          |
| _2216_:Z (BUF_X2)                                                                       |        | 0.018       | 0.000      | 0.014      |             | 0.026  | 0.264r          |
| _0854_ (net)                                                                            | 10     |             |            |            | 0.000       |        |                 |
| _2458_:A1 (AND3_X1)                                                                     |        | 0.001       | 0.000      | 0.014      |             | 0.000  | 0.264r          |
| _2458_:ZN (AND3_X1)                                                                     |        | 0.004       | 0.000      | 0.009      |             | 0.032  | 0.296r          |
| _0232_ (net)                                                                            | 2      |             |            |            | 0.000       |        |                 |
| _2467_:A (XNOR2_X1)                                                                     |        | 0.002       | 0.000      | 0.009      |             | 0.000  | 0.296r          |
| _2467_:ZN (XNOR2_X1)                                                                    |        | 0.005       | 0.000      | 0.012      |             | 0.016  | 0.312f          |
| _0241_ (net)                                                                            | 3      |             |            |            | 0.000       |        |                 |
| _2468_:A (INV_X1)                                                                       |        | 0.002       | 0.000      | 0.012      |             | 0.000  | 0.312f          |
| _2468_:ZN (INV_X1)                                                                      |        | 0.004       | 0.000      | 0.009      |             | 0.014  | 0.326r          |
| _0242_ (net)                                                                            | 3      |             |            |            | 0.000       |        |                 |
| _2474_:A (CLKBUF_X2)                                                                    |        | 0.001       | 0.000      | 0.009      |             | 0.000  | 0.326r          |
| _2474_:Z (CLKBUF_X2)                                                                    |        | 0.011       | 0.000      | 0.010      |             | 0.025  | 0.351r          |
| _0247_ (net)                                                                            | 10     |             |            |            | 0.000       |        |                 |
| _2475_:A (BUF_X2)                                                                       |        | 0.002       | 0.000      | 0.010      |             | 0.000  | 0.351r          |
| _2475_:Z (BUF_X2)                                                                       |        | 0.015       | 0.000      | 0.012      |             | 0.023  | 0.374r          |
| _0248_ (net)                                                                            | 10     |             |            |            | 0.000       |        |                 |
| _1402_:A1 (AND4_X1)                                                                     |        | 0.001       | 0.000      | 0.012      |             | 0.000  | 0.374r          |
| _1402_:ZN (AND4_X1)                                                                     |        | 0.001       | 0.000      | 0.007      |             | 0.032  | 0.407r          |
| _0001_ (net)                                                                            | 1      |             |            |            | 0.000       |        |                 |
| _2618_:E (CLKGATE_X1)                                                                   |        | 0.001       | 0.000      | 0.007      |             | 0.000  | 0.407r          |
|                                                                                         |        |             |            |            |             |        |                 |
| clk (port)                                                                              |        | 0.312       | 0.000      | 0.000      |             | 0.000  | 0.000r          |
| clk (clock net)                                                                         | 193    |             |            |            | NA          |        |                 |
| _2618_:CK (CLKGATE_X1)                                                                  |        | 0.002       | 0.000      | 0.000      |             | 0.000  | 0.000r          |
| clock core_clock (rise edge)                                                            |        |             |            |            |             | 2      | 2               |
| clock network delay (ideal)                                                             |        |             |            |            |             | 0.000  | 2.000           |
| _2618_:CK (CLKGATE_X1)                                                                  |        |             |            |            |             |        | 2.000r          |
| library setup time                                                                      |        |             |            |            |             | -0.034 | 1.966           |
| clock reconvergence pessimism                                                           |        |             |            |            |             | 0.000  | 1.966           |
|                                                                                         |        |             |            |            |             |        |                 |
| path cell delay                                                                         |        |             |            |            |             |        | 0.407(100.000%) |
| path net delay                                                                          |        |             |            |            |             |        | 0.000(0.000%)   |
|                                                                                         |        |             |            |            |             |        |                 |
| data require time                                                                       |        |             |            |            |             |        | 1.966           |
| data arrival time                                                                       |        |             |            |            |             |        | 0.407           |
| slack (MET)                                                                             |        |             |            |            |             |        | 1.559           |
+-----------------------------------------------------------------------------------------+--------+-------------+------------+------------+-------------+--------+-----------------+
+-----------------------------------------------------------------------------------------+--------+-------------+------------+------------+-------------+--------+-----------------+
| Point                                                                                   | Fanout | Capacitance | Resistance | Transition | Delta Delay | Incr   | Path            |
+-----------------------------------------------------------------------------------------+--------+-------------+------------+------------+-------------+--------+-----------------+
| clk (port)                                                                              |        | 0.312       | 0.000      | 0.000      |             | 0.000  | 0.000r          |
| clk (clock net)                                                                         | 193    |             |            |            | NA          |        |                 |
| u_initial_nextdata.dout_$_NOR__B_Y_$_ANDNOT__B_1_Y_$_XOR__A_Y_$_SDFF_PP0__D:CK (DFF_X1) |        | 0.001       | 0.000      | 0.000      |             | 0.000  | 0.000r          |
| clock core_clock (rise edge)                                                            |        |             |            |            |             | 0      | 0               |
| clock network delay (ideal)                                                             |        |             |            |            |             | 0.000  | 0.000           |
| u_initial_nextdata.dout_$_NOR__B_Y_$_ANDNOT__B_1_Y_$_XOR__A_Y_$_SDFF_PP0__D:CK (DFF_X1) |        | 0.001       | 0.000      | 0.000      |             | 0.000  | 0.000r          |
| u_initial_nextdata.dout_$_NOR__B_Y_$_ANDNOT__B_1_Y_$_XOR__A_Y_$_SDFF_PP0__D:Q (DFF_X1)  |        | 0.008       | 0.000      | 0.013      |             | 0.058  | 0.058r          |
| u_initial_nextdata.dout_$_NOR__B_Y_$_ANDNOT__B_1_Y_$_XOR__A_Y_$_SDFF_PP0__D_Q[0] (net)  | 2      |             |            |            | 0.000       |        |                 |
| fanout_buf_6:A (BUF_X8)                                                                 |        | 0.007       | 0.000      | 0.013      |             | 0.000  | 0.058r          |
| fanout_buf_6:Z (BUF_X8)                                                                 |        | 0.100       | 0.000      | 0.018      |             | 0.031  | 0.089r          |
| fanout_net_6 (net)                                                                      | 30     |             |            |            | 0.000       |        |                 |
| _1955_:A (INV_X32)                                                                      |        | 0.049       | 0.000      | 0.018      |             | 0.000  | 0.089r          |
| _1955_:ZN (INV_X32)                                                                     |        | 0.014       | 0.000      | 0.005      |             | 0.004  | 0.092f          |
| _0595_ (net)                                                                            | 9      |             |            |            | 0.000       |        |                 |
| _1977_:A1 (OR2_X4)                                                                      |        | 0.003       | 0.000      | 0.005      |             | 0.000  | 0.092f          |
| _1977_:ZN (OR2_X4)                                                                      |        | 0.003       | 0.000      | 0.005      |             | 0.021  | 0.113f          |
| _0617_ (net)                                                                            | 1      |             |            |            | 0.000       |        |                 |
| _1978_:A (OAI211_X2)                                                                    |        | 0.003       | 0.000      | 0.005      |             | 0.000  | 0.113f          |
| _1978_:ZN (OAI211_X2)                                                                   |        | 0.003       | 0.000      | 0.012      |             | 0.012  | 0.125r          |
| _0618_ (net)                                                                            | 1      |             |            |            | 0.000       |        |                 |
| _1981_:A (OAI211_X2)                                                                    |        | 0.003       | 0.000      | 0.012      |             | 0.000  | 0.125r          |
| _1981_:ZN (OAI211_X2)                                                                   |        | 0.007       | 0.000      | 0.015      |             | 0.024  | 0.148f          |
| _0621_ (net)                                                                            | 2      |             |            |            | 0.000       |        |                 |
| _1982_:A2 (NAND2_X4)                                                                    |        | 0.006       | 0.000      | 0.015      |             | 0.000  | 0.148f          |
| _1982_:ZN (NAND2_X4)                                                                    |        | 0.028       | 0.000      | 0.013      |             | 0.021  | 0.169r          |
| _0622_ (net)                                                                            | 9      |             |            |            | 0.000       |        |                 |
| _1983_:A (BUF_X8)                                                                       |        | 0.007       | 0.000      | 0.013      |             | 0.000  | 0.169r          |
| _1983_:Z (BUF_X8)                                                                       |        | 0.021       | 0.000      | 0.006      |             | 0.017  | 0.186r          |
| _0623_ (net)                                                                            | 10     |             |            |            | 0.000       |        |                 |
| _1984_:A (INV_X2)                                                                       |        | 0.003       | 0.000      | 0.006      |             | 0.000  | 0.186r          |
| _1984_:ZN (INV_X2)                                                                      |        | 0.006       | 0.000      | 0.004      |             | 0.007  | 0.193f          |
| _0624_ (net)                                                                            | 4      |             |            |            | 0.000       |        |                 |
| _1985_:A (BUF_X4)                                                                       |        | 0.003       | 0.000      | 0.004      |             | 0.000  | 0.193f          |
| _1985_:Z (BUF_X4)                                                                       |        | 0.014       | 0.000      | 0.005      |             | 0.016  | 0.209f          |
| _0625_ (net)                                                                            | 10     |             |            |            | 0.000       |        |                 |
| _1986_:A (BUF_X8)                                                                       |        | 0.007       | 0.000      | 0.005      |             | 0.000  | 0.209f          |
| _1986_:Z (BUF_X8)                                                                       |        | 0.013       | 0.000      | 0.004      |             | 0.015  | 0.224f          |
| _0626_ (net)                                                                            | 10     |             |            |            | 0.000       |        |                 |
| _1998_:A1 (NOR2_X1)                                                                     |        | 0.002       | 0.000      | 0.004      |             | 0.000  | 0.224f          |
| _1998_:ZN (NOR2_X1)                                                                     |        | 0.003       | 0.000      | 0.011      |             | 0.015  | 0.239r          |
| _0638_ (net)                                                                            | 2      |             |            |            | 0.000       |        |                 |
| _2216_:A (BUF_X2)                                                                       |        | 0.002       | 0.000      | 0.011      |             | 0.000  | 0.239r          |
| _2216_:Z (BUF_X2)                                                                       |        | 0.018       | 0.000      | 0.014      |             | 0.026  | 0.264r          |
| _0854_ (net)                                                                            | 10     |             |            |            | 0.000       |        |                 |
| _2458_:A1 (AND3_X1)                                                                     |        | 0.001       | 0.000      | 0.014      |             | 0.000  | 0.264r          |
| _2458_:ZN (AND3_X1)                                                                     |        | 0.004       | 0.000      | 0.009      |             | 0.032  | 0.296r          |
| _0232_ (net)                                                                            | 2      |             |            |            | 0.000       |        |                 |
| _2467_:A (XNOR2_X1)                                                                     |        | 0.002       | 0.000      | 0.009      |             | 0.000  | 0.296r          |
| _2467_:ZN (XNOR2_X1)                                                                    |        | 0.005       | 0.000      | 0.012      |             | 0.016  | 0.312f          |
| _0241_ (net)                                                                            | 3      |             |            |            | 0.000       |        |                 |
| _2468_:A (INV_X1)                                                                       |        | 0.002       | 0.000      | 0.012      |             | 0.000  | 0.312f          |
| _2468_:ZN (INV_X1)                                                                      |        | 0.004       | 0.000      | 0.009      |             | 0.014  | 0.326r          |
| _0242_ (net)                                                                            | 3      |             |            |            | 0.000       |        |                 |
| _2474_:A (CLKBUF_X2)                                                                    |        | 0.001       | 0.000      | 0.009      |             | 0.000  | 0.326r          |
| _2474_:Z (CLKBUF_X2)                                                                    |        | 0.011       | 0.000      | 0.010      |             | 0.025  | 0.351r          |
| _0247_ (net)                                                                            | 10     |             |            |            | 0.000       |        |                 |
| _1469_:A (CLKBUF_X2)                                                                    |        | 0.001       | 0.000      | 0.010      |             | 0.000  | 0.351r          |
| _1469_:Z (CLKBUF_X2)                                                                    |        | 0.009       | 0.000      | 0.008      |             | 0.023  | 0.374r          |
| _0303_ (net)                                                                            | 10     |             |            |            | 0.000       |        |                 |
| _1548_:A1 (AND4_X1)                                                                     |        | 0.001       | 0.000      | 0.008      |             | 0.000  | 0.374r          |
| _1548_:ZN (AND4_X1)                                                                     |        | 0.001       | 0.000      | 0.007      |             | 0.031  | 0.405r          |
| _0070_ (net)                                                                            | 1      |             |            |            | 0.000       |        |                 |
| _2549_:E (CLKGATE_X1)                                                                   |        | 0.001       | 0.000      | 0.007      |             | 0.000  | 0.405r          |
|                                                                                         |        |             |            |            |             |        |                 |
| clk (port)                                                                              |        | 0.312       | 0.000      | 0.000      |             | 0.000  | 0.000r          |
| clk (clock net)                                                                         | 193    |             |            |            | NA          |        |                 |
| _2549_:CK (CLKGATE_X1)                                                                  |        | 0.002       | 0.000      | 0.000      |             | 0.000  | 0.000r          |
| clock core_clock (rise edge)                                                            |        |             |            |            |             | 2      | 2               |
| clock network delay (ideal)                                                             |        |             |            |            |             | 0.000  | 2.000           |
| _2549_:CK (CLKGATE_X1)                                                                  |        |             |            |            |             |        | 2.000r          |
| library setup time                                                                      |        |             |            |            |             | -0.034 | 1.966           |
| clock reconvergence pessimism                                                           |        |             |            |            |             | 0.000  | 1.966           |
|                                                                                         |        |             |            |            |             |        |                 |
| path cell delay                                                                         |        |             |            |            |             |        | 0.405(100.000%) |
| path net delay                                                                          |        |             |            |            |             |        | 0.000(0.000%)   |
|                                                                                         |        |             |            |            |             |        |                 |
| data require time                                                                       |        |             |            |            |             |        | 1.966           |
| data arrival time                                                                       |        |             |            |            |             |        | 0.405           |
| slack (MET)                                                                             |        |             |            |            |             |        | 1.561           |
+-----------------------------------------------------------------------------------------+--------+-------------+------------+------------+-------------+--------+-----------------+
+-----------------------------------------------------------------------------------------+--------+-------------+------------+------------+-------------+--------+-----------------+
| Point                                                                                   | Fanout | Capacitance | Resistance | Transition | Delta Delay | Incr   | Path            |
+-----------------------------------------------------------------------------------------+--------+-------------+------------+------------+-------------+--------+-----------------+
| clk (port)                                                                              |        | 0.312       | 0.000      | 0.000      |             | 0.000  | 0.000r          |
| clk (clock net)                                                                         | 193    |             |            |            | NA          |        |                 |
| u_initial_nextdata.dout_$_NOR__B_Y_$_ANDNOT__B_1_Y_$_XOR__A_Y_$_SDFF_PP0__D:CK (DFF_X1) |        | 0.001       | 0.000      | 0.000      |             | 0.000  | 0.000r          |
| clock core_clock (rise edge)                                                            |        |             |            |            |             | 0      | 0               |
| clock network delay (ideal)                                                             |        |             |            |            |             | 0.000  | 0.000           |
| u_initial_nextdata.dout_$_NOR__B_Y_$_ANDNOT__B_1_Y_$_XOR__A_Y_$_SDFF_PP0__D:CK (DFF_X1) |        | 0.001       | 0.000      | 0.000      |             | 0.000  | 0.000r          |
| u_initial_nextdata.dout_$_NOR__B_Y_$_ANDNOT__B_1_Y_$_XOR__A_Y_$_SDFF_PP0__D:Q (DFF_X1)  |        | 0.008       | 0.000      | 0.013      |             | 0.058  | 0.058r          |
| u_initial_nextdata.dout_$_NOR__B_Y_$_ANDNOT__B_1_Y_$_XOR__A_Y_$_SDFF_PP0__D_Q[0] (net)  | 2      |             |            |            | 0.000       |        |                 |
| fanout_buf_6:A (BUF_X8)                                                                 |        | 0.007       | 0.000      | 0.013      |             | 0.000  | 0.058r          |
| fanout_buf_6:Z (BUF_X8)                                                                 |        | 0.100       | 0.000      | 0.018      |             | 0.031  | 0.089r          |
| fanout_net_6 (net)                                                                      | 30     |             |            |            | 0.000       |        |                 |
| _1955_:A (INV_X32)                                                                      |        | 0.049       | 0.000      | 0.018      |             | 0.000  | 0.089r          |
| _1955_:ZN (INV_X32)                                                                     |        | 0.014       | 0.000      | 0.005      |             | 0.004  | 0.092f          |
| _0595_ (net)                                                                            | 9      |             |            |            | 0.000       |        |                 |
| _1977_:A1 (OR2_X4)                                                                      |        | 0.003       | 0.000      | 0.005      |             | 0.000  | 0.092f          |
| _1977_:ZN (OR2_X4)                                                                      |        | 0.003       | 0.000      | 0.005      |             | 0.021  | 0.113f          |
| _0617_ (net)                                                                            | 1      |             |            |            | 0.000       |        |                 |
| _1978_:A (OAI211_X2)                                                                    |        | 0.003       | 0.000      | 0.005      |             | 0.000  | 0.113f          |
| _1978_:ZN (OAI211_X2)                                                                   |        | 0.003       | 0.000      | 0.012      |             | 0.012  | 0.125r          |
| _0618_ (net)                                                                            | 1      |             |            |            | 0.000       |        |                 |
| _1981_:A (OAI211_X2)                                                                    |        | 0.003       | 0.000      | 0.012      |             | 0.000  | 0.125r          |
| _1981_:ZN (OAI211_X2)                                                                   |        | 0.007       | 0.000      | 0.015      |             | 0.024  | 0.148f          |
| _0621_ (net)                                                                            | 2      |             |            |            | 0.000       |        |                 |
| _1982_:A2 (NAND2_X4)                                                                    |        | 0.006       | 0.000      | 0.015      |             | 0.000  | 0.148f          |
| _1982_:ZN (NAND2_X4)                                                                    |        | 0.028       | 0.000      | 0.013      |             | 0.021  | 0.169r          |
| _0622_ (net)                                                                            | 9      |             |            |            | 0.000       |        |                 |
| _1983_:A (BUF_X8)                                                                       |        | 0.007       | 0.000      | 0.013      |             | 0.000  | 0.169r          |
| _1983_:Z (BUF_X8)                                                                       |        | 0.021       | 0.000      | 0.006      |             | 0.017  | 0.186r          |
| _0623_ (net)                                                                            | 10     |             |            |            | 0.000       |        |                 |
| _1984_:A (INV_X2)                                                                       |        | 0.003       | 0.000      | 0.006      |             | 0.000  | 0.186r          |
| _1984_:ZN (INV_X2)                                                                      |        | 0.006       | 0.000      | 0.004      |             | 0.007  | 0.193f          |
| _0624_ (net)                                                                            | 4      |             |            |            | 0.000       |        |                 |
| _1985_:A (BUF_X4)                                                                       |        | 0.003       | 0.000      | 0.004      |             | 0.000  | 0.193f          |
| _1985_:Z (BUF_X4)                                                                       |        | 0.014       | 0.000      | 0.005      |             | 0.016  | 0.209f          |
| _0625_ (net)                                                                            | 10     |             |            |            | 0.000       |        |                 |
| _1986_:A (BUF_X8)                                                                       |        | 0.007       | 0.000      | 0.005      |             | 0.000  | 0.209f          |
| _1986_:Z (BUF_X8)                                                                       |        | 0.013       | 0.000      | 0.004      |             | 0.015  | 0.224f          |
| _0626_ (net)                                                                            | 10     |             |            |            | 0.000       |        |                 |
| _1998_:A1 (NOR2_X1)                                                                     |        | 0.002       | 0.000      | 0.004      |             | 0.000  | 0.224f          |
| _1998_:ZN (NOR2_X1)                                                                     |        | 0.003       | 0.000      | 0.011      |             | 0.015  | 0.239r          |
| _0638_ (net)                                                                            | 2      |             |            |            | 0.000       |        |                 |
| _2216_:A (BUF_X2)                                                                       |        | 0.002       | 0.000      | 0.011      |             | 0.000  | 0.239r          |
| _2216_:Z (BUF_X2)                                                                       |        | 0.018       | 0.000      | 0.014      |             | 0.026  | 0.264r          |
| _0854_ (net)                                                                            | 10     |             |            |            | 0.000       |        |                 |
| _2458_:A1 (AND3_X1)                                                                     |        | 0.001       | 0.000      | 0.014      |             | 0.000  | 0.264r          |
| _2458_:ZN (AND3_X1)                                                                     |        | 0.004       | 0.000      | 0.009      |             | 0.032  | 0.296r          |
| _0232_ (net)                                                                            | 2      |             |            |            | 0.000       |        |                 |
| _2467_:A (XNOR2_X1)                                                                     |        | 0.002       | 0.000      | 0.009      |             | 0.000  | 0.296r          |
| _2467_:ZN (XNOR2_X1)                                                                    |        | 0.005       | 0.000      | 0.012      |             | 0.016  | 0.312f          |
| _0241_ (net)                                                                            | 3      |             |            |            | 0.000       |        |                 |
| _2468_:A (INV_X1)                                                                       |        | 0.002       | 0.000      | 0.012      |             | 0.000  | 0.312f          |
| _2468_:ZN (INV_X1)                                                                      |        | 0.004       | 0.000      | 0.009      |             | 0.014  | 0.326r          |
| _0242_ (net)                                                                            | 3      |             |            |            | 0.000       |        |                 |
| _2474_:A (CLKBUF_X2)                                                                    |        | 0.001       | 0.000      | 0.009      |             | 0.000  | 0.326r          |
| _2474_:Z (CLKBUF_X2)                                                                    |        | 0.011       | 0.000      | 0.010      |             | 0.025  | 0.351r          |
| _0247_ (net)                                                                            | 10     |             |            |            | 0.000       |        |                 |
| _1469_:A (CLKBUF_X2)                                                                    |        | 0.001       | 0.000      | 0.010      |             | 0.000  | 0.351r          |
| _1469_:Z (CLKBUF_X2)                                                                    |        | 0.009       | 0.000      | 0.008      |             | 0.023  | 0.374r          |
| _0303_ (net)                                                                            | 10     |             |            |            | 0.000       |        |                 |
| _1550_:A1 (AND4_X1)                                                                     |        | 0.001       | 0.000      | 0.008      |             | 0.000  | 0.374r          |
| _1550_:ZN (AND4_X1)                                                                     |        | 0.001       | 0.000      | 0.007      |             | 0.031  | 0.405r          |
| _0071_ (net)                                                                            | 1      |             |            |            | 0.000       |        |                 |
| _2548_:E (CLKGATE_X1)                                                                   |        | 0.001       | 0.000      | 0.007      |             | 0.000  | 0.405r          |
|                                                                                         |        |             |            |            |             |        |                 |
| clk (port)                                                                              |        | 0.312       | 0.000      | 0.000      |             | 0.000  | 0.000r          |
| clk (clock net)                                                                         | 193    |             |            |            | NA          |        |                 |
| _2548_:CK (CLKGATE_X1)                                                                  |        | 0.002       | 0.000      | 0.000      |             | 0.000  | 0.000r          |
| clock core_clock (rise edge)                                                            |        |             |            |            |             | 2      | 2               |
| clock network delay (ideal)                                                             |        |             |            |            |             | 0.000  | 2.000           |
| _2548_:CK (CLKGATE_X1)                                                                  |        |             |            |            |             |        | 2.000r          |
| library setup time                                                                      |        |             |            |            |             | -0.034 | 1.966           |
| clock reconvergence pessimism                                                           |        |             |            |            |             | 0.000  | 1.966           |
|                                                                                         |        |             |            |            |             |        |                 |
| path cell delay                                                                         |        |             |            |            |             |        | 0.405(100.000%) |
| path net delay                                                                          |        |             |            |            |             |        | 0.000(0.000%)   |
|                                                                                         |        |             |            |            |             |        |                 |
| data require time                                                                       |        |             |            |            |             |        | 1.966           |
| data arrival time                                                                       |        |             |            |            |             |        | 0.405           |
| slack (MET)                                                                             |        |             |            |            |             |        | 1.561           |
+-----------------------------------------------------------------------------------------+--------+-------------+------------+------------+-------------+--------+-----------------+
+-----------------------------------------------------------------------------------------+--------+-------------+------------+------------+-------------+--------+-----------------+
| Point                                                                                   | Fanout | Capacitance | Resistance | Transition | Delta Delay | Incr   | Path            |
+-----------------------------------------------------------------------------------------+--------+-------------+------------+------------+-------------+--------+-----------------+
| clk (port)                                                                              |        | 0.312       | 0.000      | 0.000      |             | 0.000  | 0.000r          |
| clk (clock net)                                                                         | 193    |             |            |            | NA          |        |                 |
| u_initial_nextdata.dout_$_NOR__B_Y_$_ANDNOT__B_1_Y_$_XOR__A_Y_$_SDFF_PP0__D:CK (DFF_X1) |        | 0.001       | 0.000      | 0.000      |             | 0.000  | 0.000r          |
| clock core_clock (rise edge)                                                            |        |             |            |            |             | 0      | 0               |
| clock network delay (ideal)                                                             |        |             |            |            |             | 0.000  | 0.000           |
| u_initial_nextdata.dout_$_NOR__B_Y_$_ANDNOT__B_1_Y_$_XOR__A_Y_$_SDFF_PP0__D:CK (DFF_X1) |        | 0.001       | 0.000      | 0.000      |             | 0.000  | 0.000r          |
| u_initial_nextdata.dout_$_NOR__B_Y_$_ANDNOT__B_1_Y_$_XOR__A_Y_$_SDFF_PP0__D:Q (DFF_X1)  |        | 0.008       | 0.000      | 0.013      |             | 0.058  | 0.058r          |
| u_initial_nextdata.dout_$_NOR__B_Y_$_ANDNOT__B_1_Y_$_XOR__A_Y_$_SDFF_PP0__D_Q[0] (net)  | 2      |             |            |            | 0.000       |        |                 |
| fanout_buf_6:A (BUF_X8)                                                                 |        | 0.007       | 0.000      | 0.013      |             | 0.000  | 0.058r          |
| fanout_buf_6:Z (BUF_X8)                                                                 |        | 0.100       | 0.000      | 0.018      |             | 0.031  | 0.089r          |
| fanout_net_6 (net)                                                                      | 30     |             |            |            | 0.000       |        |                 |
| _1955_:A (INV_X32)                                                                      |        | 0.049       | 0.000      | 0.018      |             | 0.000  | 0.089r          |
| _1955_:ZN (INV_X32)                                                                     |        | 0.014       | 0.000      | 0.005      |             | 0.004  | 0.092f          |
| _0595_ (net)                                                                            | 9      |             |            |            | 0.000       |        |                 |
| _1977_:A1 (OR2_X4)                                                                      |        | 0.003       | 0.000      | 0.005      |             | 0.000  | 0.092f          |
| _1977_:ZN (OR2_X4)                                                                      |        | 0.003       | 0.000      | 0.005      |             | 0.021  | 0.113f          |
| _0617_ (net)                                                                            | 1      |             |            |            | 0.000       |        |                 |
| _1978_:A (OAI211_X2)                                                                    |        | 0.003       | 0.000      | 0.005      |             | 0.000  | 0.113f          |
| _1978_:ZN (OAI211_X2)                                                                   |        | 0.003       | 0.000      | 0.012      |             | 0.012  | 0.125r          |
| _0618_ (net)                                                                            | 1      |             |            |            | 0.000       |        |                 |
| _1981_:A (OAI211_X2)                                                                    |        | 0.003       | 0.000      | 0.012      |             | 0.000  | 0.125r          |
| _1981_:ZN (OAI211_X2)                                                                   |        | 0.007       | 0.000      | 0.015      |             | 0.024  | 0.148f          |
| _0621_ (net)                                                                            | 2      |             |            |            | 0.000       |        |                 |
| _1982_:A2 (NAND2_X4)                                                                    |        | 0.006       | 0.000      | 0.015      |             | 0.000  | 0.148f          |
| _1982_:ZN (NAND2_X4)                                                                    |        | 0.028       | 0.000      | 0.013      |             | 0.021  | 0.169r          |
| _0622_ (net)                                                                            | 9      |             |            |            | 0.000       |        |                 |
| _1983_:A (BUF_X8)                                                                       |        | 0.007       | 0.000      | 0.013      |             | 0.000  | 0.169r          |
| _1983_:Z (BUF_X8)                                                                       |        | 0.021       | 0.000      | 0.006      |             | 0.017  | 0.186r          |
| _0623_ (net)                                                                            | 10     |             |            |            | 0.000       |        |                 |
| _1984_:A (INV_X2)                                                                       |        | 0.003       | 0.000      | 0.006      |             | 0.000  | 0.186r          |
| _1984_:ZN (INV_X2)                                                                      |        | 0.006       | 0.000      | 0.004      |             | 0.007  | 0.193f          |
| _0624_ (net)                                                                            | 4      |             |            |            | 0.000       |        |                 |
| _1985_:A (BUF_X4)                                                                       |        | 0.003       | 0.000      | 0.004      |             | 0.000  | 0.193f          |
| _1985_:Z (BUF_X4)                                                                       |        | 0.014       | 0.000      | 0.005      |             | 0.016  | 0.209f          |
| _0625_ (net)                                                                            | 10     |             |            |            | 0.000       |        |                 |
| _1986_:A (BUF_X8)                                                                       |        | 0.007       | 0.000      | 0.005      |             | 0.000  | 0.209f          |
| _1986_:Z (BUF_X8)                                                                       |        | 0.013       | 0.000      | 0.004      |             | 0.015  | 0.224f          |
| _0626_ (net)                                                                            | 10     |             |            |            | 0.000       |        |                 |
| _1998_:A1 (NOR2_X1)                                                                     |        | 0.002       | 0.000      | 0.004      |             | 0.000  | 0.224f          |
| _1998_:ZN (NOR2_X1)                                                                     |        | 0.003       | 0.000      | 0.011      |             | 0.015  | 0.239r          |
| _0638_ (net)                                                                            | 2      |             |            |            | 0.000       |        |                 |
| _2216_:A (BUF_X2)                                                                       |        | 0.002       | 0.000      | 0.011      |             | 0.000  | 0.239r          |
| _2216_:Z (BUF_X2)                                                                       |        | 0.018       | 0.000      | 0.014      |             | 0.026  | 0.264r          |
| _0854_ (net)                                                                            | 10     |             |            |            | 0.000       |        |                 |
| _2458_:A1 (AND3_X1)                                                                     |        | 0.001       | 0.000      | 0.014      |             | 0.000  | 0.264r          |
| _2458_:ZN (AND3_X1)                                                                     |        | 0.004       | 0.000      | 0.009      |             | 0.032  | 0.296r          |
| _0232_ (net)                                                                            | 2      |             |            |            | 0.000       |        |                 |
| _2467_:A (XNOR2_X1)                                                                     |        | 0.002       | 0.000      | 0.009      |             | 0.000  | 0.296r          |
| _2467_:ZN (XNOR2_X1)                                                                    |        | 0.005       | 0.000      | 0.012      |             | 0.016  | 0.312f          |
| _0241_ (net)                                                                            | 3      |             |            |            | 0.000       |        |                 |
| _2468_:A (INV_X1)                                                                       |        | 0.002       | 0.000      | 0.012      |             | 0.000  | 0.312f          |
| _2468_:ZN (INV_X1)                                                                      |        | 0.004       | 0.000      | 0.009      |             | 0.014  | 0.326r          |
| _0242_ (net)                                                                            | 3      |             |            |            | 0.000       |        |                 |
| _2474_:A (CLKBUF_X2)                                                                    |        | 0.001       | 0.000      | 0.009      |             | 0.000  | 0.326r          |
| _2474_:Z (CLKBUF_X2)                                                                    |        | 0.011       | 0.000      | 0.010      |             | 0.025  | 0.351r          |
| _0247_ (net)                                                                            | 10     |             |            |            | 0.000       |        |                 |
| _1420_:A (CLKBUF_X2)                                                                    |        | 0.001       | 0.000      | 0.010      |             | 0.000  | 0.351r          |
| _1420_:Z (CLKBUF_X2)                                                                    |        | 0.009       | 0.000      | 0.008      |             | 0.023  | 0.374r          |
| _0269_ (net)                                                                            | 10     |             |            |            | 0.000       |        |                 |
| _1436_:A1 (AND4_X1)                                                                     |        | 0.001       | 0.000      | 0.008      |             | 0.000  | 0.374r          |
| _1436_:ZN (AND4_X1)                                                                     |        | 0.001       | 0.000      | 0.007      |             | 0.031  | 0.405r          |
| _0010_ (net)                                                                            | 1      |             |            |            | 0.000       |        |                 |
| _2609_:E (CLKGATE_X1)                                                                   |        | 0.001       | 0.000      | 0.007      |             | 0.000  | 0.405r          |
|                                                                                         |        |             |            |            |             |        |                 |
| clk (port)                                                                              |        | 0.312       | 0.000      | 0.000      |             | 0.000  | 0.000r          |
| clk (clock net)                                                                         | 193    |             |            |            | NA          |        |                 |
| _2609_:CK (CLKGATE_X1)                                                                  |        | 0.002       | 0.000      | 0.000      |             | 0.000  | 0.000r          |
| clock core_clock (rise edge)                                                            |        |             |            |            |             | 2      | 2               |
| clock network delay (ideal)                                                             |        |             |            |            |             | 0.000  | 2.000           |
| _2609_:CK (CLKGATE_X1)                                                                  |        |             |            |            |             |        | 2.000r          |
| library setup time                                                                      |        |             |            |            |             | -0.034 | 1.966           |
| clock reconvergence pessimism                                                           |        |             |            |            |             | 0.000  | 1.966           |
|                                                                                         |        |             |            |            |             |        |                 |
| path cell delay                                                                         |        |             |            |            |             |        | 0.405(100.000%) |
| path net delay                                                                          |        |             |            |            |             |        | 0.000(0.000%)   |
|                                                                                         |        |             |            |            |             |        |                 |
| data require time                                                                       |        |             |            |            |             |        | 1.966           |
| data arrival time                                                                       |        |             |            |            |             |        | 0.405           |
| slack (MET)                                                                             |        |             |            |            |             |        | 1.561           |
+-----------------------------------------------------------------------------------------+--------+-------------+------------+------------+-------------+--------+-----------------+
+------------------------------------------------------+--------+-------------+------------+------------+-------------+--------+-----------------+
| Point                                                | Fanout | Capacitance | Resistance | Transition | Delta Delay | Incr   | Path            |
+------------------------------------------------------+--------+-------------+------------+------------+-------------+--------+-----------------+
| clk (port)                                           |        | 0.312       | 0.000      | 0.000      |             | 0.000  | 0.000r          |
| clk (clock net)                                      | 193    |             |            |            | NA          |        |                 |
| u_ps2_keyboard.ps2_clk_sync_$_DFF_P__Q_2:CK (DFF_X1) |        | 0.001       | 0.000      | 0.000      |             | 0.000  | 0.000r          |
| clock core_clock (rise edge)                         |        |             |            |            |             | 0      | 0               |
| clock network delay (ideal)                          |        |             |            |            |             | 0.000  | 0.000           |
| u_ps2_keyboard.ps2_clk_sync_$_DFF_P__Q_2:CK (DFF_X1) |        | 0.001       | 0.000      | 0.000      |             | 0.000  | 0.000r          |
| u_ps2_keyboard.ps2_clk_sync_$_DFF_P__Q_2:Q (DFF_X1)  |        | 0.001       | 0.000      | 0.005      |             | 0.049  | 0.049r          |
| u_ps2_keyboard.ps2_clk_sync[0] (net)                 | 1      |             |            |            | 0.000       |        |                 |
| u_ps2_keyboard.ps2_clk_sync_$_DFF_P__Q_1:D (DFF_X1)  |        | 0.001       | 0.000      | 0.005      |             | 0.000  | 0.049r          |
|                                                      |        |             |            |            |             |        |                 |
| clk (port)                                           |        | 0.312       | 0.000      | 0.000      |             | 0.000  | 0.000r          |
| clk (clock net)                                      | 193    |             |            |            | NA          |        |                 |
| u_ps2_keyboard.ps2_clk_sync_$_DFF_P__Q_1:CK (DFF_X1) |        | 0.001       | 0.000      | 0.000      |             | 0.000  | 0.000r          |
| clock core_clock (rise edge)                         |        |             |            |            |             | 0      | 0               |
| clock network delay (ideal)                          |        |             |            |            |             | 0.000  | 0.000           |
| u_ps2_keyboard.ps2_clk_sync_$_DFF_P__Q_1:CK (DFF_X1) |        |             |            |            |             |        | 0.000r          |
| library hold time                                    |        |             |            |            |             | 0.003  | 0.003           |
| clock reconvergence pessimism                        |        |             |            |            |             | -0.000 | 0.003           |
|                                                      |        |             |            |            |             |        |                 |
| path cell delay                                      |        |             |            |            |             |        | 0.049(100.000%) |
| path net delay                                       |        |             |            |            |             |        | 0.000(0.000%)   |
|                                                      |        |             |            |            |             |        |                 |
| data require time                                    |        |             |            |            |             |        | 0.003           |
| data arrival time                                    |        |             |            |            |             |        | 0.049           |
| slack (MET)                                          |        |             |            |            |             |        | 0.046           |
+------------------------------------------------------+--------+-------------+------------+------------+-------------+--------+-----------------+
+------------------------------------------------------+--------+-------------+------------+------------+-------------+--------+-----------------+
| Point                                                | Fanout | Capacitance | Resistance | Transition | Delta Delay | Incr   | Path            |
+------------------------------------------------------+--------+-------------+------------+------------+-------------+--------+-----------------+
| clk (port)                                           |        | 0.312       | 0.000      | 0.000      |             | 0.000  | 0.000r          |
| clk (clock net)                                      | 193    |             |            |            | NA          |        |                 |
| u_ps2_keyboard.ps2_clk_sync_$_DFF_P__Q_2:CK (DFF_X1) |        | 0.001       | 0.000      | 0.000      |             | 0.000  | 0.000r          |
| clock core_clock (rise edge)                         |        |             |            |            |             | 0      | 0               |
| clock network delay (ideal)                          |        |             |            |            |             | 0.000  | 0.000           |
| u_ps2_keyboard.ps2_clk_sync_$_DFF_P__Q_2:CK (DFF_X1) |        | 0.001       | 0.000      | 0.000      |             | 0.000  | 0.000r          |
| u_ps2_keyboard.ps2_clk_sync_$_DFF_P__Q_2:Q (DFF_X1)  |        | 0.001       | 0.000      | 0.005      |             | 0.050  | 0.050f          |
| u_ps2_keyboard.ps2_clk_sync[0] (net)                 | 1      |             |            |            | 0.000       |        |                 |
| u_ps2_keyboard.ps2_clk_sync_$_DFF_P__Q_1:D (DFF_X1)  |        | 0.001       | 0.000      | 0.005      |             | 0.000  | 0.050f          |
|                                                      |        |             |            |            |             |        |                 |
| clk (port)                                           |        | 0.312       | 0.000      | 0.000      |             | 0.000  | 0.000r          |
| clk (clock net)                                      | 193    |             |            |            | NA          |        |                 |
| u_ps2_keyboard.ps2_clk_sync_$_DFF_P__Q_1:CK (DFF_X1) |        | 0.001       | 0.000      | 0.000      |             | 0.000  | 0.000r          |
| clock core_clock (rise edge)                         |        |             |            |            |             | 0      | 0               |
| clock network delay (ideal)                          |        |             |            |            |             | 0.000  | 0.000           |
| u_ps2_keyboard.ps2_clk_sync_$_DFF_P__Q_1:CK (DFF_X1) |        |             |            |            |             |        | 0.000r          |
| library hold time                                    |        |             |            |            |             | 0.003  | 0.003           |
| clock reconvergence pessimism                        |        |             |            |            |             | -0.000 | 0.003           |
|                                                      |        |             |            |            |             |        |                 |
| path cell delay                                      |        |             |            |            |             |        | 0.050(100.000%) |
| path net delay                                       |        |             |            |            |             |        | 0.000(0.000%)   |
|                                                      |        |             |            |            |             |        |                 |
| data require time                                    |        |             |            |            |             |        | 0.003           |
| data arrival time                                    |        |             |            |            |             |        | 0.050           |
| slack (MET)                                          |        |             |            |            |             |        | 0.048           |
+------------------------------------------------------+--------+-------------+------------+------------+-------------+--------+-----------------+
+------------------------------------------------------+--------+-------------+------------+------------+-------------+--------+-----------------+
| Point                                                | Fanout | Capacitance | Resistance | Transition | Delta Delay | Incr   | Path            |
+------------------------------------------------------+--------+-------------+------------+------------+-------------+--------+-----------------+
| clk (port)                                           |        | 0.312       | 0.000      | 0.000      |             | 0.000  | 0.000r          |
| clk (clock net)                                      | 193    |             |            |            | NA          |        |                 |
| u_ps2_keyboard.ps2_clk_sync_$_DFF_P__Q_1:CK (DFF_X1) |        | 0.001       | 0.000      | 0.000      |             | 0.000  | 0.000r          |
| clock core_clock (rise edge)                         |        |             |            |            |             | 0      | 0               |
| clock network delay (ideal)                          |        |             |            |            |             | 0.000  | 0.000           |
| u_ps2_keyboard.ps2_clk_sync_$_DFF_P__Q_1:CK (DFF_X1) |        | 0.001       | 0.000      | 0.000      |             | 0.000  | 0.000r          |
| u_ps2_keyboard.ps2_clk_sync_$_DFF_P__Q_1:Q (DFF_X1)  |        | 0.004       | 0.000      | 0.009      |             | 0.053  | 0.053r          |
| u_ps2_keyboard.ps2_clk_sync[1] (net)                 | 3      |             |            |            | 0.000       |        |                 |
| u_ps2_keyboard.ps2_clk_sync_$_DFF_P__Q:D (DFF_X1)    |        | 0.001       | 0.000      | 0.009      |             | 0.000  | 0.053r          |
|                                                      |        |             |            |            |             |        |                 |
| clk (port)                                           |        | 0.312       | 0.000      | 0.000      |             | 0.000  | 0.000r          |
| clk (clock net)                                      | 193    |             |            |            | NA          |        |                 |
| u_ps2_keyboard.ps2_clk_sync_$_DFF_P__Q:CK (DFF_X1)   |        | 0.001       | 0.000      | 0.000      |             | 0.000  | 0.000r          |
| clock core_clock (rise edge)                         |        |             |            |            |             | 0      | 0               |
| clock network delay (ideal)                          |        |             |            |            |             | 0.000  | 0.000           |
| u_ps2_keyboard.ps2_clk_sync_$_DFF_P__Q:CK (DFF_X1)   |        |             |            |            |             |        | 0.000r          |
| library hold time                                    |        |             |            |            |             | 0.003  | 0.003           |
| clock reconvergence pessimism                        |        |             |            |            |             | -0.000 | 0.003           |
|                                                      |        |             |            |            |             |        |                 |
| path cell delay                                      |        |             |            |            |             |        | 0.053(100.000%) |
| path net delay                                       |        |             |            |            |             |        | 0.000(0.000%)   |
|                                                      |        |             |            |            |             |        |                 |
| data require time                                    |        |             |            |            |             |        | 0.003           |
| data arrival time                                    |        |             |            |            |             |        | 0.053           |
| slack (MET)                                          |        |             |            |            |             |        | 0.049           |
+------------------------------------------------------+--------+-------------+------------+------------+-------------+--------+-----------------+
+--------------------------------------------------+--------+-------------+------------+------------+-------------+--------+-----------------+
| Point                                            | Fanout | Capacitance | Resistance | Transition | Delta Delay | Incr   | Path            |
+--------------------------------------------------+--------+-------------+------------+------------+-------------+--------+-----------------+
| clk (port)                                       |        | 0.312       | 0.000      | 0.000      |             | 0.000  | 0.000r          |
| clk (clock net)                                  | 193    |             |            |            | NA          |        |                 |
| _2478_:CK (CLKGATE_X1)                           |        | 0.002       | 0.000      | 0.000      |             | 0.000  | 0.000r          |
| _2478_:GCK (CLKGATE_X1)                          |        | 0.008       | 0.000      | 0.000      |             | 0.000  | 0.000r          |
| _0990_ (clock net)                               | 8      |             |            |            | NA          |        |                 |
| u_reg_pressed.dout_$_SDFFE_PP0N__Q_7:CK (DFF_X1) |        | 0.001       | 0.000      | 0.000      |             | 0.000  | 0.000r          |
| clock core_clock (rise edge)                     |        |             |            |            |             | 0      | 0               |
| clock network delay (ideal)                      |        |             |            |            |             | 0.000  | 0.000           |
| u_reg_pressed.dout_$_SDFFE_PP0N__Q_7:CK (DFF_X1) |        | 0.001       | 0.000      | 0.000      |             | 0.000  | 0.000r          |
| u_reg_pressed.dout_$_SDFFE_PP0N__Q_7:QN (DFF_X1) |        | 0.001       | 0.000      | 0.007      |             | 0.035  | 0.035f          |
| u_reg_pressed.din[0] (net)                       | 1      |             |            |            | 0.000       |        |                 |
| _2449_:A2 (AND2_X1)                              |        | 0.001       | 0.000      | 0.007      |             | 0.000  | 0.035f          |
| _2449_:ZN (AND2_X1)                              |        | 0.001       | 0.000      | 0.004      |             | 0.019  | 0.053f          |
| _0168_ (net)                                     | 1      |             |            |            | 0.000       |        |                 |
| u_reg_pressed.dout_$_SDFFE_PP0N__Q_7:D (DFF_X1)  |        | 0.001       | 0.000      | 0.004      |             | 0.000  | 0.053f          |
|                                                  |        |             |            |            |             |        |                 |
| clk (port)                                       |        | 0.312       | 0.000      | 0.000      |             | 0.000  | 0.000r          |
| clk (clock net)                                  | 193    |             |            |            | NA          |        |                 |
| _2478_:CK (CLKGATE_X1)                           |        | 0.002       | 0.000      | 0.000      |             | 0.000  | 0.000r          |
| _2478_:GCK (CLKGATE_X1)                          |        | 0.008       | 0.000      | 0.000      |             | 0.000  | 0.000r          |
| _0990_ (clock net)                               | 8      |             |            |            | NA          |        |                 |
| u_reg_pressed.dout_$_SDFFE_PP0N__Q_7:CK (DFF_X1) |        | 0.001       | 0.000      | 0.000      |             | 0.000  | 0.000r          |
| clock core_clock (rise edge)                     |        |             |            |            |             | 0      | 0               |
| clock network delay (ideal)                      |        |             |            |            |             | 0.000  | 0.000           |
| u_reg_pressed.dout_$_SDFFE_PP0N__Q_7:CK (DFF_X1) |        |             |            |            |             |        | 0.000r          |
| library hold time                                |        |             |            |            |             | 0.003  | 0.003           |
| clock reconvergence pessimism                    |        |             |            |            |             | -0.000 | 0.003           |
|                                                  |        |             |            |            |             |        |                 |
| path cell delay                                  |        |             |            |            |             |        | 0.053(100.000%) |
| path net delay                                   |        |             |            |            |             |        | 0.000(0.000%)   |
|                                                  |        |             |            |            |             |        |                 |
| data require time                                |        |             |            |            |             |        | 0.003           |
| data arrival time                                |        |             |            |            |             |        | 0.053           |
| slack (MET)                                      |        |             |            |            |             |        | 0.051           |
+--------------------------------------------------+--------+-------------+------------+------------+-------------+--------+-----------------+
+---------------------------------------------------------------------------------------------+--------+-------------+------------+------------+-------------+--------+-----------------+
| Point                                                                                       | Fanout | Capacitance | Resistance | Transition | Delta Delay | Incr   | Path            |
+---------------------------------------------------------------------------------------------+--------+-------------+------------+------------+-------------+--------+-----------------+
| clk (port)                                                                                  |        | 0.312       | 0.000      | 0.000      |             | 0.000  | 0.000r          |
| clk (clock net)                                                                             | 193    |             |            |            | NA          |        |                 |
| _2481_:CK (CLKGATE_X1)                                                                      |        | 0.002       | 0.000      | 0.000      |             | 0.000  | 0.000r          |
| _2481_:GCK (CLKGATE_X1)                                                                     |        | 0.003       | 0.000      | 0.000      |             | 0.000  | 0.000r          |
| _0993_ (clock net)                                                                          | 3      |             |            |            | NA          |        |                 |
| u_ps2_keyboard.r_ptr_$_SDFFE_PP0P__Q_2:CK (DFF_X1)                                          |        | 0.001       | 0.000      | 0.000      |             | 0.000  | 0.000r          |
| clock core_clock (rise edge)                                                                |        |             |            |            |             | 0      | 0               |
| clock network delay (ideal)                                                                 |        |             |            |            |             | 0.000  | 0.000           |
| u_ps2_keyboard.r_ptr_$_SDFFE_PP0P__Q_2:CK (DFF_X1)                                          |        | 0.001       | 0.000      | 0.000      |             | 0.000  | 0.000r          |
| u_ps2_keyboard.r_ptr_$_SDFFE_PP0P__Q_2:QN (DFF_X1)                                          |        | 0.001       | 0.000      | 0.007      |             | 0.035  | 0.035f          |
| u_initial_nextdata.dout_$_NOR__B_Y_$_ANDNOT__B_A_$_NOR__Y_A_$_XNOR__Y_A_$_NOT__A_Y[0] (net) | 1      |             |            |            | 0.000       |        |                 |
| _2325_:A2 (AND2_X1)                                                                         |        | 0.001       | 0.000      | 0.007      |             | 0.000  | 0.035f          |
| _2325_:ZN (AND2_X1)                                                                         |        | 0.001       | 0.000      | 0.004      |             | 0.019  | 0.053f          |
| _0141_ (net)                                                                                | 1      |             |            |            | 0.000       |        |                 |
| u_ps2_keyboard.r_ptr_$_SDFFE_PP0P__Q_2:D (DFF_X1)                                           |        | 0.001       | 0.000      | 0.004      |             | 0.000  | 0.053f          |
|                                                                                             |        |             |            |            |             |        |                 |
| clk (port)                                                                                  |        | 0.312       | 0.000      | 0.000      |             | 0.000  | 0.000r          |
| clk (clock net)                                                                             | 193    |             |            |            | NA          |        |                 |
| _2481_:CK (CLKGATE_X1)                                                                      |        | 0.002       | 0.000      | 0.000      |             | 0.000  | 0.000r          |
| _2481_:GCK (CLKGATE_X1)                                                                     |        | 0.003       | 0.000      | 0.000      |             | 0.000  | 0.000r          |
| _0993_ (clock net)                                                                          | 3      |             |            |            | NA          |        |                 |
| u_ps2_keyboard.r_ptr_$_SDFFE_PP0P__Q_2:CK (DFF_X1)                                          |        | 0.001       | 0.000      | 0.000      |             | 0.000  | 0.000r          |
| clock core_clock (rise edge)                                                                |        |             |            |            |             | 0      | 0               |
| clock network delay (ideal)                                                                 |        |             |            |            |             | 0.000  | 0.000           |
| u_ps2_keyboard.r_ptr_$_SDFFE_PP0P__Q_2:CK (DFF_X1)                                          |        |             |            |            |             |        | 0.000r          |
| library hold time                                                                           |        |             |            |            |             | 0.003  | 0.003           |
| clock reconvergence pessimism                                                               |        |             |            |            |             | -0.000 | 0.003           |
|                                                                                             |        |             |            |            |             |        |                 |
| path cell delay                                                                             |        |             |            |            |             |        | 0.053(100.000%) |
| path net delay                                                                              |        |             |            |            |             |        | 0.000(0.000%)   |
|                                                                                             |        |             |            |            |             |        |                 |
| data require time                                                                           |        |             |            |            |             |        | 0.003           |
| data arrival time                                                                           |        |             |            |            |             |        | 0.053           |
| slack (MET)                                                                                 |        |             |            |            |             |        | 0.051           |
+---------------------------------------------------------------------------------------------+--------+-------------+------------+------------+-------------+--------+-----------------+
+------------------------------------------------------+--------+-------------+------------+------------+-------------+--------+-----------------+
| Point                                                | Fanout | Capacitance | Resistance | Transition | Delta Delay | Incr   | Path            |
+------------------------------------------------------+--------+-------------+------------+------------+-------------+--------+-----------------+
| clk (port)                                           |        | 0.312       | 0.000      | 0.000      |             | 0.000  | 0.000r          |
| clk (clock net)                                      | 193    |             |            |            | NA          |        |                 |
| u_ps2_keyboard.ps2_clk_sync_$_DFF_P__Q_1:CK (DFF_X1) |        | 0.001       | 0.000      | 0.000      |             | 0.000  | 0.000r          |
| clock core_clock (rise edge)                         |        |             |            |            |             | 0      | 0               |
| clock network delay (ideal)                          |        |             |            |            |             | 0.000  | 0.000           |
| u_ps2_keyboard.ps2_clk_sync_$_DFF_P__Q_1:CK (DFF_X1) |        | 0.001       | 0.000      | 0.000      |             | 0.000  | 0.000r          |
| u_ps2_keyboard.ps2_clk_sync_$_DFF_P__Q_1:Q (DFF_X1)  |        | 0.004       | 0.000      | 0.009      |             | 0.053  | 0.053r          |
| u_ps2_keyboard.ps2_clk_sync[1] (net)                 | 3      |             |            |            | 0.000       |        |                 |
| _2347_:A2 (NOR2_X1)                                  |        | 0.002       | 0.000      | 0.009      |             | 0.000  | 0.053r          |
| _2347_:ZN (NOR2_X1)                                  |        | 0.002       | 0.000      | 0.004      |             | 0.008  | 0.060f          |
| u_ps2_keyboard.sampling (net)                        | 2      |             |            |            | 0.000       |        |                 |
| _2490_:E (CLKGATE_X1)                                |        | 0.001       | 0.000      | 0.004      |             | 0.000  | 0.060f          |
|                                                      |        |             |            |            |             |        |                 |
| clk (port)                                           |        | 0.312       | 0.000      | 0.000      |             | 0.000  | 0.000r          |
| clk (clock net)                                      | 193    |             |            |            | NA          |        |                 |
| _2490_:CK (CLKGATE_X1)                               |        | 0.002       | 0.000      | 0.000      |             | 0.000  | 0.000r          |
| clock core_clock (rise edge)                         |        |             |            |            |             | 0      | 0               |
| clock network delay (ideal)                          |        |             |            |            |             | 0.000  | 0.000           |
| _2490_:CK (CLKGATE_X1)                               |        |             |            |            |             |        | 0.000r          |
| library hold time                                    |        |             |            |            |             | -0.007 | -0.007          |
| clock reconvergence pessimism                        |        |             |            |            |             | -0.000 | -0.007          |
|                                                      |        |             |            |            |             |        |                 |
| path cell delay                                      |        |             |            |            |             |        | 0.060(100.000%) |
| path net delay                                       |        |             |            |            |             |        | 0.000(0.000%)   |
|                                                      |        |             |            |            |             |        |                 |
| data require time                                    |        |             |            |            |             |        | -0.007          |
| data arrival time                                    |        |             |            |            |             |        | 0.060           |
| slack (MET)                                          |        |             |            |            |             |        | 0.067           |
+------------------------------------------------------+--------+-------------+------------+------------+-------------+--------+-----------------+
+------------------------------------------------------+--------+-------------+------------+------------+-------------+--------+-----------------+
| Point                                                | Fanout | Capacitance | Resistance | Transition | Delta Delay | Incr   | Path            |
+------------------------------------------------------+--------+-------------+------------+------------+-------------+--------+-----------------+
| clk (port)                                           |        | 0.312       | 0.000      | 0.000      |             | 0.000  | 0.000r          |
| clk (clock net)                                      | 193    |             |            |            | NA          |        |                 |
| u_ps2_keyboard.ps2_clk_sync_$_DFF_P__Q_1:CK (DFF_X1) |        | 0.001       | 0.000      | 0.000      |             | 0.000  | 0.000r          |
| clock core_clock (rise edge)                         |        |             |            |            |             | 0      | 0               |
| clock network delay (ideal)                          |        |             |            |            |             | 0.000  | 0.000           |
| u_ps2_keyboard.ps2_clk_sync_$_DFF_P__Q_1:CK (DFF_X1) |        | 0.001       | 0.000      | 0.000      |             | 0.000  | 0.000r          |
| u_ps2_keyboard.ps2_clk_sync_$_DFF_P__Q_1:Q (DFF_X1)  |        | 0.004       | 0.000      | 0.009      |             | 0.053  | 0.053r          |
| u_ps2_keyboard.ps2_clk_sync[1] (net)                 | 3      |             |            |            | 0.000       |        |                 |
| _1779_:A4 (NOR4_X1)                                  |        | 0.002       | 0.000      | 0.009      |             | 0.000  | 0.053r          |
| _1779_:ZN (NOR4_X1)                                  |        | 0.001       | 0.000      | 0.005      |             | 0.008  | 0.061f          |
| u_ps2_keyboard.sampling_$_ANDNOT__A_Y (net)          | 1      |             |            |            | 0.000       |        |                 |
| _2491_:E (CLKGATE_X1)                                |        | 0.001       | 0.000      | 0.005      |             | 0.000  | 0.061f          |
|                                                      |        |             |            |            |             |        |                 |
| clk (port)                                           |        | 0.312       | 0.000      | 0.000      |             | 0.000  | 0.000r          |
| clk (clock net)                                      | 193    |             |            |            | NA          |        |                 |
| _2491_:CK (CLKGATE_X1)                               |        | 0.002       | 0.000      | 0.000      |             | 0.000  | 0.000r          |
| clock core_clock (rise edge)                         |        |             |            |            |             | 0      | 0               |
| clock network delay (ideal)                          |        |             |            |            |             | 0.000  | 0.000           |
| _2491_:CK (CLKGATE_X1)                               |        |             |            |            |             |        | 0.000r          |
| library hold time                                    |        |             |            |            |             | -0.007 | -0.007          |
| clock reconvergence pessimism                        |        |             |            |            |             | -0.000 | -0.007          |
|                                                      |        |             |            |            |             |        |                 |
| path cell delay                                      |        |             |            |            |             |        | 0.061(100.000%) |
| path net delay                                       |        |             |            |            |             |        | 0.000(0.000%)   |
|                                                      |        |             |            |            |             |        |                 |
| data require time                                    |        |             |            |            |             |        | -0.007          |
| data arrival time                                    |        |             |            |            |             |        | 0.061           |
| slack (MET)                                          |        |             |            |            |             |        | 0.067           |
+------------------------------------------------------+--------+-------------+------------+------------+-------------+--------+-----------------+
+----------------------------------------------------+--------+-------------+------------+------------+-------------+--------+-----------------+
| Point                                              | Fanout | Capacitance | Resistance | Transition | Delta Delay | Incr   | Path            |
+----------------------------------------------------+--------+-------------+------------+------------+-------------+--------+-----------------+
| clk (port)                                         |        | 0.312       | 0.000      | 0.000      |             | 0.000  | 0.000r          |
| clk (clock net)                                    | 193    |             |            |            | NA          |        |                 |
| u_ps2_keyboard.ps2_clk_sync_$_DFF_P__Q:CK (DFF_X1) |        | 0.001       | 0.000      | 0.000      |             | 0.000  | 0.000r          |
| clock core_clock (rise edge)                       |        |             |            |            |             | 0      | 0               |
| clock network delay (ideal)                        |        |             |            |            |             | 0.000  | 0.000           |
| u_ps2_keyboard.ps2_clk_sync_$_DFF_P__Q:CK (DFF_X1) |        | 0.001       | 0.000      | 0.000      |             | 0.000  | 0.000r          |
| u_ps2_keyboard.ps2_clk_sync_$_DFF_P__Q:Q (DFF_X1)  |        | 0.002       | 0.000      | 0.005      |             | 0.049  | 0.049r          |
| u_ps2_keyboard.ps2_clk_sync[2] (net)               | 1      |             |            |            | 0.000       |        |                 |
| _2346_:A (INV_X1)                                  |        | 0.002       | 0.000      | 0.005      |             | 0.000  | 0.049r          |
| _2346_:ZN (INV_X1)                                 |        | 0.003       | 0.000      | 0.004      |             | 0.006  | 0.056f          |
| _0970_ (net)                                       | 2      |             |            |            | 0.000       |        |                 |
| _2347_:A1 (NOR2_X1)                                |        | 0.002       | 0.000      | 0.004      |             | 0.000  | 0.056f          |
| _2347_:ZN (NOR2_X1)                                |        | 0.002       | 0.000      | 0.009      |             | 0.012  | 0.068r          |
| u_ps2_keyboard.sampling (net)                      | 2      |             |            |            | 0.000       |        |                 |
| _2490_:E (CLKGATE_X1)                              |        | 0.001       | 0.000      | 0.009      |             | 0.000  | 0.068r          |
|                                                    |        |             |            |            |             |        |                 |
| clk (port)                                         |        | 0.312       | 0.000      | 0.000      |             | 0.000  | 0.000r          |
| clk (clock net)                                    | 193    |             |            |            | NA          |        |                 |
| _2490_:CK (CLKGATE_X1)                             |        | 0.002       | 0.000      | 0.000      |             | 0.000  | 0.000r          |
| clock core_clock (rise edge)                       |        |             |            |            |             | 0      | 0               |
| clock network delay (ideal)                        |        |             |            |            |             | 0.000  | 0.000           |
| _2490_:CK (CLKGATE_X1)                             |        |             |            |            |             |        | 0.000r          |
| library hold time                                  |        |             |            |            |             | -0.002 | -0.002          |
| clock reconvergence pessimism                      |        |             |            |            |             | -0.000 | -0.002          |
|                                                    |        |             |            |            |             |        |                 |
| path cell delay                                    |        |             |            |            |             |        | 0.068(100.000%) |
| path net delay                                     |        |             |            |            |             |        | 0.000(0.000%)   |
|                                                    |        |             |            |            |             |        |                 |
| data require time                                  |        |             |            |            |             |        | -0.002          |
| data arrival time                                  |        |             |            |            |             |        | 0.068           |
| slack (MET)                                        |        |             |            |            |             |        | 0.070           |
+----------------------------------------------------+--------+-------------+------------+------------+-------------+--------+-----------------+
+--------------------------------------------------+--------+-------------+------------+------------+-------------+--------+-----------------+
| Point                                            | Fanout | Capacitance | Resistance | Transition | Delta Delay | Incr   | Path            |
+--------------------------------------------------+--------+-------------+------------+------------+-------------+--------+-----------------+
| clk (port)                                       |        | 0.312       | 0.000      | 0.000      |             | 0.000  | 0.000r          |
| clk (clock net)                                  | 193    |             |            |            | NA          |        |                 |
| _2480_:CK (CLKGATE_X1)                           |        | 0.002       | 0.000      | 0.000      |             | 0.000  | 0.000r          |
| _2480_:GCK (CLKGATE_X1)                          |        | 0.003       | 0.000      | 0.000      |             | 0.000  | 0.000r          |
| _0992_ (clock net)                               | 3      |             |            |            | NA          |        |                 |
| u_ps2_keyboard.w_ptr_$_SDFFE_PP0P__Q:CK (DFF_X1) |        | 0.001       | 0.000      | 0.000      |             | 0.000  | 0.000r          |
| clock core_clock (rise edge)                     |        |             |            |            |             | 0      | 0               |
| clock network delay (ideal)                      |        |             |            |            |             | 0.000  | 0.000           |
| u_ps2_keyboard.w_ptr_$_SDFFE_PP0P__Q:CK (DFF_X1) |        | 0.001       | 0.000      | 0.000      |             | 0.000  | 0.000r          |
| u_ps2_keyboard.w_ptr_$_SDFFE_PP0P__Q:Q (DFF_X1)  |        | 0.008       | 0.000      | 0.012      |             | 0.057  | 0.057r          |
| u_ps2_keyboard.w_ptr[2] (net)                    | 6      |             |            |            | 0.000       |        |                 |
| _1622_:A2 (NOR3_X1)                              |        | 0.002       | 0.000      | 0.012      |             | 0.000  | 0.057r          |
| _1622_:ZN (NOR3_X1)                              |        | 0.001       | 0.000      | 0.004      |             | 0.007  | 0.064f          |
| u_ps2_keyboard.fifo[2]_$_DFFE_PP__Q_E (net)      | 1      |             |            |            | 0.000       |        |                 |
| _2487_:E (CLKGATE_X1)                            |        | 0.001       | 0.000      | 0.004      |             | 0.000  | 0.064f          |
|                                                  |        |             |            |            |             |        |                 |
| clk (port)                                       |        | 0.312       | 0.000      | 0.000      |             | 0.000  | 0.000r          |
| clk (clock net)                                  | 193    |             |            |            | NA          |        |                 |
| _2487_:CK (CLKGATE_X1)                           |        | 0.002       | 0.000      | 0.000      |             | 0.000  | 0.000r          |
| clock core_clock (rise edge)                     |        |             |            |            |             | 0      | 0               |
| clock network delay (ideal)                      |        |             |            |            |             | 0.000  | 0.000           |
| _2487_:CK (CLKGATE_X1)                           |        |             |            |            |             |        | 0.000r          |
| library hold time                                |        |             |            |            |             | -0.007 | -0.007          |
| clock reconvergence pessimism                    |        |             |            |            |             | -0.000 | -0.007          |
|                                                  |        |             |            |            |             |        |                 |
| path cell delay                                  |        |             |            |            |             |        | 0.064(100.000%) |
| path net delay                                   |        |             |            |            |             |        | 0.000(0.000%)   |
|                                                  |        |             |            |            |             |        |                 |
| data require time                                |        |             |            |            |             |        | -0.007          |
| data arrival time                                |        |             |            |            |             |        | 0.064           |
| slack (MET)                                      |        |             |            |            |             |        | 0.071           |
+--------------------------------------------------+--------+-------------+------------+------------+-------------+--------+-----------------+
+----------------------------------------------------+--------+-------------+------------+------------+-------------+--------+-----------------+
| Point                                              | Fanout | Capacitance | Resistance | Transition | Delta Delay | Incr   | Path            |
+----------------------------------------------------+--------+-------------+------------+------------+-------------+--------+-----------------+
| clk (port)                                         |        | 0.312       | 0.000      | 0.000      |             | 0.000  | 0.000r          |
| clk (clock net)                                    | 193    |             |            |            | NA          |        |                 |
| _2480_:CK (CLKGATE_X1)                             |        | 0.002       | 0.000      | 0.000      |             | 0.000  | 0.000r          |
| _2480_:GCK (CLKGATE_X1)                            |        | 0.003       | 0.000      | 0.000      |             | 0.000  | 0.000r          |
| _0992_ (clock net)                                 | 3      |             |            |            | NA          |        |                 |
| u_ps2_keyboard.w_ptr_$_SDFFE_PP0P__Q_2:CK (DFF_X1) |        | 0.001       | 0.000      | 0.000      |             | 0.000  | 0.000r          |
| clock core_clock (rise edge)                       |        |             |            |            |             | 0      | 0               |
| clock network delay (ideal)                        |        |             |            |            |             | 0.000  | 0.000           |
| u_ps2_keyboard.w_ptr_$_SDFFE_PP0P__Q_2:CK (DFF_X1) |        | 0.001       | 0.000      | 0.000      |             | 0.000  | 0.000r          |
| u_ps2_keyboard.w_ptr_$_SDFFE_PP0P__Q_2:QN (DFF_X1) |        | 0.002       | 0.000      | 0.007      |             | 0.040  | 0.040r          |
| u_ps2_keyboard.w_ptr_$_SDFFE_PP0P__Q_2_D[0] (net)  | 1      |             |            |            | 0.000       |        |                 |
| _2353_:A (INV_X1)                                  |        | 0.002       | 0.000      | 0.007      |             | 0.000  | 0.040r          |
| _2353_:ZN (INV_X1)                                 |        | 0.005       | 0.000      | 0.006      |             | 0.010  | 0.050f          |
| _0973_ (net)                                       | 5      |             |            |            | 0.000       |        |                 |
| _1621_:A1 (AND4_X1)                                |        | 0.001       | 0.000      | 0.006      |             | 0.000  | 0.050f          |
| _1621_:ZN (AND4_X1)                                |        | 0.001       | 0.000      | 0.004      |             | 0.018  | 0.068f          |
| u_ps2_keyboard.fifo[1]_$_DFFE_PP__Q_E (net)        | 1      |             |            |            | 0.000       |        |                 |
| _2488_:E (CLKGATE_X1)                              |        | 0.001       | 0.000      | 0.004      |             | 0.000  | 0.068f          |
|                                                    |        |             |            |            |             |        |                 |
| clk (port)                                         |        | 0.312       | 0.000      | 0.000      |             | 0.000  | 0.000r          |
| clk (clock net)                                    | 193    |             |            |            | NA          |        |                 |
| _2488_:CK (CLKGATE_X1)                             |        | 0.002       | 0.000      | 0.000      |             | 0.000  | 0.000r          |
| clock core_clock (rise edge)                       |        |             |            |            |             | 0      | 0               |
| clock network delay (ideal)                        |        |             |            |            |             | 0.000  | 0.000           |
| _2488_:CK (CLKGATE_X1)                             |        |             |            |            |             |        | 0.000r          |
| library hold time                                  |        |             |            |            |             | -0.007 | -0.007          |
| clock reconvergence pessimism                      |        |             |            |            |             | -0.000 | -0.007          |
|                                                    |        |             |            |            |             |        |                 |
| path cell delay                                    |        |             |            |            |             |        | 0.068(100.000%) |
| path net delay                                     |        |             |            |            |             |        | 0.000(0.000%)   |
|                                                    |        |             |            |            |             |        |                 |
| data require time                                  |        |             |            |            |             |        | -0.007          |
| data arrival time                                  |        |             |            |            |             |        | 0.068           |
| slack (MET)                                        |        |             |            |            |             |        | 0.075           |
+----------------------------------------------------+--------+-------------+------------+------------+-------------+--------+-----------------+
